tsne1,tsne2
-90.09431,47.057575
15.133543,-101.10307
-83.56498,-24.662643
-35.55471,-16.185919
-47.421337,-80.66199
-28.257442,-106.06468
92.13552,-57.04321
-60.712917,75.7155
-66.946014,39.23079
89.093636,37.00386
-80.59225,40.534603
-24.652761,79.94088
3.8403742,75.04915
79.50105,-5.060315
66.9979,-21.20857
-62.56546,5.372438
-24.808771,30.961195
0.91788894,-87.42903
-6.6754417,-67.712425
35.30931,-49.84025
-58.545616,4.9045177
54.958927,-44.535885
-9.957525,3.7737308
-28.297941,7.1900635
108.19193,-42.054855
-11.487628,104.98516
-49.617397,20.768333
49.243652,43.27602
-39.412407,112.17294
6.4947214,-50.541203
3.776984,31.97306
-87.02232,48.357475
20.764828,47.585075
-101.11034,46.224697
-82.29331,-30.907997
39.79021,-103.26164
-60.874836,6.584297
4.0518537,9.256702
-21.09178,51.846188
31.307524,107.09975
-106.35597,-18.667467
15.413947,-92.4578
-27.332743,-26.528416
-11.5674925,-4.8077197
3.0074522,78.36735
-1.3666203,-24.780731
97.36835,12.556109
74.880585,26.370922
-4.6022325,33.349827
8.022818,-49.98589
79.98429,52.332054
51.942947,-40.342457
-18.75337,51.088837
73.758095,51.32617
97.46529,-25.930786
30.975246,75.06631
21.416512,95.3607
51.07011,-105.94413
60.963966,-100.33799
-83.13723,7.5694423
66.47625,-45.778145
-34.331318,57.716873
28.444748,42.512363
-11.353413,-10.508942
7.2343087,-20.597364
109.91551,-6.492455
29.164501,-110.53071
-22.498133,-0.17797677
-9.404951,-61.858543
-108.807365,-25.261623
-42.660473,-86.811615
77.75345,0.7522871
9.418165,37.237034
0.33974224,47.229053
-8.500363,90.892624
18.7592,-64.01092
20.958849,33.44578
-64.23911,94.53394
-23.202742,-0.64162034
-23.821575,18.674692
-17.959959,42.341812
30.06836,-41.909466
72.20243,38.92689
3.2591212,-61.898285
-50.46032,66.72015
-66.12058,-49.79992
-99.51902,-5.541756
-12.208499,22.83896
44.414673,-84.500404
2.5062077,4.228346
-36.29881,102.959335
9.019515,-2.4420469
-31.994772,-16.55295
-50.941315,52.23238
-32.07281,-47.070473
-30.44813,60.275154
-36.45604,-112.19545
71.2872,82.59972
-36.29881,102.959335
100.733475,-29.637104
2.2695956,-104.09826
-100.532936,10.637487
-37.48842,18.321331
-99.68293,42.61852
-62.90792,92.3863
-45.14329,34.376053
-85.20411,3.8037682
28.214785,42.440907
-108.36971,0.6096945
-51.67475,111.1553
-4.6124635,109.938545
53.491108,-34.755806
-21.01219,53.986595
-29.736431,-94.22661
-33.517544,-12.154822
-64.032455,13.33242
13.926251,74.94258
35.366432,2.5481834
-96.58042,40.263947
-102.77664,-18.238962
23.194462,86.74438
-81.83522,7.097518
16.389822,-45.292137
34.66079,76.95518
71.22658,-22.097082
-63.426006,91.94499
-24.97262,-79.58823
-105.45146,-29.875837
42.47062,-78.06209
-3.4467156,-9.786112
-31.796677,-29.943327
-6.104268,101.02366
2.0498228,89.90261
6.4844513,66.2713
57.40092,-38.365173
-11.529729,81.65385
-39.939228,-33.44304
-2.7204516,-1.7622098
-23.218489,29.605288
-8.889624,103.21581
-33.10994,14.413503
-7.389803,-88.518425
48.023235,92.139465
-44.07567,-74.436264
-59.57461,59.738766
-32.028614,20.332838
8.775697,-87.1201
8.991027,-107.85129
-47.11072,-75.83428
83.44,18.016857
-63.84997,-58.516956
-16.479591,65.78865
62.613285,-30.986616
-84.00947,7.821571
6.8912015,-20.469187
58.665077,41.283554
-20.996384,9.128199
-101.563805,-31.546541
70.57276,82.52927
50.54694,-41.29322
39.214344,-47.853767
50.531216,56.756348
11.329918,24.434889
31.843964,-96.86571
6.2723475,-1.3720754
-3.5982382,-35.873238
-13.829674,-3.060512
-83.079956,-32.148624
-10.538993,42.266754
15.821474,-62.1328
27.376902,-49.33782
-19.170002,50.95163
-33.821236,-12.336618
-46.562237,34.713394
-61.58474,-56.465244
107.13292,-37.020367
79.56952,-70.69901
-20.397324,-37.895203
-8.567887,17.98278
-101.94454,47.42321
-21.782627,-74.90938
1.233801,30.267017
-13.300849,70.59202
2.805195,71.745384
22.404211,49.65462
-0.6272657,-24.855051
63.4216,-30.495138
14.6330595,-8.545054
-79.5794,51.358387
49.945076,-36.98789
-8.809969,-103.23788
-62.767845,-0.65437114
-37.455147,78.53998
-38.69644,-105.74106
20.893675,33.769005
-37.20642,33.427113
-83.40832,47.459877
-23.514175,33.390553
-59.2062,-53.94662
-53.98736,-34.420383
35.15875,-99.744286
-9.577538,-28.910442
-23.996174,-16.441183
76.14907,-4.079182
-80.43332,32.050976
-34.999355,-12.529035
-29.604334,1.5616885
85.29384,19.326447
-89.992905,47.515007
-10.178774,14.588832
-35.785404,-23.38112
-89.32976,56.365307
-79.56675,29.3274
-40.71162,8.190352
73.28231,-73.28071
16.00349,-97.80875
-28.083378,-78.63749
15.817263,25.289684
-71.61809,33.88049
-23.331942,-79.18097
27.507679,67.37278
-25.94389,87.173454
-88.79957,-50.010036
66.16834,-9.97135
-16.086464,43.241035
94.14309,-60.236893
108.10817,-5.837062
11.503183,-33.682373
45.464832,34.35145
-28.9228,100.623764
-54.584076,86.63748
-64.57237,93.611984
75.36597,39.889866
-13.743123,90.27517
23.994959,-4.3907447
-92.03688,34.171055
-5.9606967,105.628845
-27.114937,45.64291
45.878365,16.32738
-32.77738,80.10495
13.677842,-93.440475
-23.113056,-13.757581
39.198776,-57.39008
-34.61942,-74.910904
-39.78962,55.089787
-32.43246,58.049778
-2.6509738,20.209936
-39.682137,-30.888144
-6.919651,71.458
10.30162,112.330345
-66.49216,-50.47852
26.453188,25.785318
45.227123,-92.90181
-34.55835,8.756199
-10.781139,44.612556
-46.20842,-54.326042
-84.768036,-42.196777
-2.183993,66.43517
-32.980755,4.25788
9.674845,41.576084
39.59496,68.15333
-9.993669,3.6827607
104.97284,17.810871
12.383219,24.337744
-32.075798,-47.105618
86.96816,-67.451546
-4.2278886,81.27858
35.323105,79.63936
14.991093,-76.84131
30.645487,72.83293
71.47268,-17.95002
-47.472126,69.39687
-43.68866,-41.39392
43.107426,31.587013
1.7003773,81.35126
4.6171284,28.918423
13.859888,-33.42035
-61.56788,1.8743165
-82.34664,3.9081886
53.711155,-104.9674
-28.93999,-106.34845
30.832525,76.23158
70.24708,29.676167
-29.09977,19.080584
21.624552,-38.18665
26.381971,7.965275
-41.716076,95.08835
-98.16614,30.811869
-55.90831,71.96158
106.39264,-39.135063
24.58725,78.30195
-2.8813117,-2.0419254
-66.94854,-13.842169
35.506092,9.554063
45.20743,34.64838
117.30813,-16.680172
-33.356506,-99.869156
-32.701065,12.9879875
-4.418617,21.024342
-56.441307,-13.929754
-43.69223,-44.00682
-13.766668,-3.5140066
-61.41823,-68.73799
19.121088,-90.604416
-10.439114,52.967278
-24.083628,-40.224827
-27.588093,-1.6555853
-36.084286,15.764667
10.84683,-88.207504
63.11969,22.677755
-78.986565,-23.201448
86.94468,-63.28461
-21.94838,-53.50246
-34.18492,-94.95878
7.529231,-25.09913
67.38242,47.106323
9.772533,-6.3334527
-21.393633,66.77884
55.630085,-22.673792
-62.771317,-10.14265
-12.254515,-56.320568
50.4233,-13.380051
-62.200706,35.48048
-46.781445,55.571724
-4.064556,-51.94159
90.02103,43.109547
101.57942,-53.87469
29.64036,-102.53813
-13.988227,-101.6291
5.6717763,48.90873
17.337873,107.64463
32.124268,-89.2012
-90.91402,0.046195433
26.99961,-42.37986
-42.444862,83.40379
71.00075,24.542496
35.05027,19.035921
8.707363,-54.824543
-94.18038,-51.39454
-66.43611,29.731787
35.087215,77.62713
-54.452847,72.86024
57.38983,-38.365856
77.42139,-24.949213
-79.92075,7.8144274
36.679493,36.75622
9.381674,-55.715515
-56.539207,87.27456
0.44780603,-16.49507
71.86911,2.308618
-35.349133,3.9873474
-22.521616,-13.380201
80.78627,-23.838541
-36.8809,105.03098
15.195848,2.5415225
-29.974213,-84.64224
78.78801,-3.035294
6.303173,-92.031715
46.66298,84.80321
98.64603,-26.66251
-50.943207,105.30337
-37.946724,-104.38956
46.766838,-90.619934
-31.797556,42.888294
1.3719505,29.81965
-56.534626,92.60541
7.4552746,-87.933685
56.790173,69.59931
-78.62785,-25.497864
4.959758,-62.771744
-27.615858,-80.83182
-42.88584,54.199886
-47.712696,-28.005165
-19.690987,-47.694954
-2.0367458,68.3499
-14.301861,-101.109276
-29.321768,84.97378
-78.58836,30.775932
16.183016,-99.58093
-1.799166,-49.0895
80.09684,-73.1001
40.38912,-92.91549
-91.173805,-38.95247
-85.45706,-47.382965
-79.03205,-23.056719
47.105316,-102.967
37.742725,-47.222805
2.027441,-64.45555
-14.172724,-104.9157
-31.68287,-12.123228
-4.7937765,57.087425
17.112148,-98.37277
-6.5549345,91.89606
78.76858,0.08184891
-1.896598,-59.973335
-34.344513,0.7106353
-33.13795,98.01192
-41.341293,-59.597866
-92.7765,-35.2085
-25.123892,-28.765417
-115.963554,1.4982319
81.22551,-51.42379
61.450516,-36.771687
-82.14133,-14.187989
9.431035,42.88624
8.519667,-14.337292
19.283928,73.98775
-32.546024,39.774643
51.701637,56.76449
9.329618,-11.701659
115.07921,11.978497
-31.821888,17.522045
37.368027,-113.391396
-57.116974,71.426544
79.93614,-53.375874
-43.8239,-17.24241
21.25801,97.71206
-102.53291,-35.731953
36.577976,-17.478323
1.4346347,27.339739
85.06441,-28.489082
-60.384087,-69.86367
-5.3379474,-52.996292
-88.35501,47.910576
-18.160614,-98.64617
-53.802616,-34.53735
80.102234,39.760998
-65.278244,32.655746
-47.748405,-39.30841
48.238426,-23.338863
-48.432808,66.39156
-6.8741164,80.34863
-29.420006,-93.52796
-5.789035,-35.26619
45.733055,-27.049402
-46.981743,-28.667805
-27.360508,41.24701
11.763957,-42.850845
-66.259636,13.9455805
-81.24199,-13.466082
39.57467,68.23978
-46.46473,-95.72609
34.791283,-2.8136258
-43.753395,-42.47595
27.766224,42.986336
2.9779325,-15.550641
-9.753321,-38.141834
80.689026,-6.4561076
71.201706,24.810623
-2.0213656,-2.029712
62.575016,21.716673
48.205112,-23.137268
5.425968,-13.780385
12.938736,73.7185
110.490326,-33.196606
-17.062628,-111.041214
-7.0372195,115.448746
-27.622765,-81.18332
-7.96385,-10.046984
62.345432,17.590908
-37.664093,-93.118195
2.655007,52.35571
11.399331,-5.8297405
-102.5858,-35.877476
-6.8064013,36.19759
-56.625687,-13.566386
-33.566124,60.167904
4.9328604,-13.736905
72.976234,9.399588
-90.12917,17.367197
-0.14032292,62.829136
-55.9768,4.58535
-51.143612,103.31137
-48.67576,-28.432634
-34.940796,-18.267078
-87.5871,-34.494957
-88.63706,-48.154263
-0.9787077,-1.0949379
4.7988844,36.84623
20.45159,-88.151596
52.494064,-44.609486
45.701027,-26.99057
1.777878,-56.308598
-3.3590426,-93.752464
47.569866,-27.706144
-44.632244,10.748268
-85.29795,-26.086197
-22.325548,-48.505386
-48.165985,-58.697464
12.301407,-23.140196
-45.025284,-21.956776
-30.2434,25.267754
-80.990036,-15.88508
43.14469,-74.61716
-26.66016,-54.5121
1.5074661,-56.4646
-6.975761,108.01636
-40.83152,111.610374
19.30262,-86.9732
-12.287799,-122.04608
52.73657,3.2704067
13.41053,25.788723
-45.46992,-20.932085
4.0401998,63.353836
-30.587612,60.214222
30.38587,20.757664
75.38142,-73.13775
-75.07818,14.440912
30.908155,108.23485
-78.27049,31.160946
25.29646,90.01168
-82.68948,29.503096
9.050891,37.105835
38.559612,-48.271957
-105.63193,-29.825539
1.1526998,30.4818
-81.56847,-24.737585
27.370594,93.65164
100.66149,-2.4024193
-49.650406,19.856813
-42.23284,54.25279
3.4059935,109.602394
57.026405,6.411261
62.19343,67.712776
27.230925,45.172173
18.283272,72.62065
-45.46881,91.060265
-46.808315,24.157427
12.314816,2.4005039
83.857666,54.32972
30.792324,72.91177
7.3697085,-115.924034
18.63177,-87.03783
-36.29542,57.738773
37.386353,-89.82488
-62.66895,-0.55874616
-58.556625,73.622665
8.1822605,-9.100238
-47.581505,-28.007664
-47.37673,-27.343058
-37.134342,1.1204962
14.565078,-39.507397
56.579002,-91.843124
21.84117,-19.70191
17.857685,-92.500496
-1.1435517,82.90647
43.534084,34.281105
34.55651,-99.15802
45.866135,-36.15442
36.449944,40.56548
15.24339,74.51873
-35.54353,-26.254608
-35.30999,17.605951
-58.017017,83.45831
-74.069786,36.956924
15.075946,2.1672192
-23.018183,-46.758366
17.904682,72.35062
77.07469,45.936134
-11.472683,92.19016
85.83562,0.58337724
-50.724728,-61.19032
-10.221223,104.344696
26.027565,-20.889969
-7.021667,44.57097
-99.33889,-10.368889
-61.250484,-61.379932
-23.68122,51.403664
54.47772,13.822267
20.450775,-64.79702
16.001694,25.835564
-51.144135,115.40107
4.670506,1.3966318
-91.30554,47.878807
47.053097,95.99906
-44.196804,-54.13895
-74.93168,41.363724
-7.228442,90.509705
-46.25898,-44.3191
-1.7920088,-87.81424
13.321431,-53.083515
101.44895,-53.91571
108.92986,-42.249252
-67.23131,98.151695
33.426258,-54.197308
-39.851486,9.756073
24.57292,78.27674
54.207127,92.756256
8.812701,-22.595034
-12.17234,-4.4652658
-0.86159086,-70.79866
45.55889,-83.68081
16.280628,109.59647
54.281715,-24.875103
8.367879,-90.73204
74.162506,-20.01139
-0.36291513,-24.389624
-27.045135,45.937218
-52.745815,-25.65707
7.059443,35.49364
41.760326,82.775925
-37.206387,33.427105
-72.1088,15.080295
32.557972,-48.331722
69.816666,71.68309
85.23343,9.693613
101.34448,-27.55431
101.36867,13.606708
-36.17084,-90.08236
-0.65841055,-85.97993
80.05549,-54.508934
-47.056877,-28.782915
-101.04383,-36.706707
-24.917707,40.351784
-1.7270349,-5.727455
-47.84406,-77.341095
-84.6952,-42.309837
-0.82030576,-106.3756
41.14327,-91.57184
58.304985,5.8105383
-57.816936,80.19347
-16.379986,-25.12049
-103.21192,-25.397741
100.78329,-28.038374
-11.356693,-40.863197
33.33933,-54.2116
4.278234,33.47775
57.697025,18.348696
62.105415,68.19985
-57.38273,70.48153
-48.35261,35.722965
-19.459848,-17.373726
-101.36967,-36.04461
37.356945,21.372444
-46.33463,56.115707
1.3709474,-92.92258
-0.9565264,-57.708714
-33.817368,-12.332846
-114.95601,-1.5041833
-92.5716,14.095211
-61.91096,56.15219
-14.178122,-115.44382
1.9885435,-72.132225
67.14333,-57.827267
61.39278,21.57441
-45.122604,-53.55844
14.734247,-20.260746
84.93869,18.161129
-74.19406,-31.678862
-86.68266,-0.24660674
-23.763449,81.737915
30.835238,108.350815
-61.728794,-60.971317
-95.69764,-9.364124
-56.62831,-14.166542
-50.42545,67.61968
4.525978,31.71541
7.641885,-92.80772
-1.1935272,-48.743748
76.41312,53.67355
78.5039,-56.630226
43.37525,82.13693
-48.250248,51.089096
-70.42229,15.482369
14.599798,-8.398627
-51.421173,-28.83278
-24.770931,-20.640816
79.11834,-24.093006
-45.194748,-53.411255
-74.35746,-31.24126
-11.35167,-10.510107
-81.27962,-16.371517
-23.68543,51.420887
-65.75658,30.787354
1.0522839,32.26752
-66.432076,-50.13974
48.90806,-28.51132
70.522675,-9.601717
0.5863028,-11.009356
-77.20677,2.676308
24.850477,-61.245964
-66.28997,-56.241325
-8.134555,68.67462
-52.56513,-26.942324
-36.165104,-111.319725
52.692303,3.966545
-13.407776,-115.792694
-31.870094,-51.485924
-19.10686,50.984962
18.237158,-33.801388
-4.235557,106.8872
61.464077,-37.200657
-67.249435,29.83094
-26.365993,87.17472
17.369701,72.19998
-59.389446,-54.93121
-57.199757,70.865234
-92.41876,-52.26735
23.933598,23.186544
-32.489063,2.1097617
64.72958,8.067629
-29.953999,-22.71337
-75.65363,40.517887
-38.604153,-32.044136
-3.1524446,-82.529945
45.914734,17.86622
9.297733,23.514858
-58.23667,-40.51186
7.971126,-35.103134
55.20195,-38.472935
113.26092,12.202637
-87.77034,47.89637
106.5848,-38.446587
5.114044,51.610058
-22.98987,-48.61129
-70.1049,-9.672948
20.715982,90.147224
-62.673676,-0.5656169
-12.600015,-119.1779
0.43964997,48.817364
-5.526359,20.294973
32.777676,79.324554
20.040651,-85.11518
18.626896,-17.560493
10.448749,-104.91831
-15.943064,7.7320814
38.53836,22.531584
-36.792984,29.536457
14.684702,74.59675
-44.404617,-20.353903
10.158289,-111.80595
73.56975,-7.2762012
-38.37832,94.13202
-24.342028,48.589966
-10.798281,24.931616
28.618927,8.406825
55.368553,-86.68908
57.43525,20.016043
113.2682,12.223589
18.884205,-50.900494
-26.88024,9.854405
-60.194813,-70.23177
-4.0907187,-73.10166
-41.589706,8.933898
-75.8228,-14.738397
37.29062,73.861626
-28.101244,-21.016539
-48.13102,-82.65265
80.303925,53.480858
-107.36083,-37.110847
96.53942,-53.757534
-1.673964,68.25365
6.1775236,17.52098
-34.62754,-13.88952
-24.921282,79.72396
-23.849527,-20.687351
-34.571667,-13.396321
40.32053,-104.26681
-35.035366,-74.39992
-9.992715,-40.92809
5.603416,-19.400282
-4.91811,-10.465502
54.4868,-38.739998
112.65682,18.878012
-78.41683,48.826195
70.85898,83.67503
-22.436163,-13.381442
-51.977264,-87.88294
-86.33018,49.672344
1.0030705,66.37819
-59.070915,-48.601826
30.052227,-34.388546
0.54384017,-19.939787
68.42193,-20.242668
-27.27414,19.658855
88.928024,3.9836423
-52.725586,-52.267757
-12.156391,22.101316
-8.037666,-111.56905
-15.161354,-73.32713
9.932211,21.533314
10.748843,77.0968
30.960388,107.71474
-86.923645,32.437874
-59.036144,-49.695724
-55.580116,72.76369
-47.658424,68.31515
29.60515,-110.5723
-22.852198,-79.372826
-8.239626,-8.288933
-55.8479,93.32706
-19.047344,-43.45609
10.844242,-44.361546
-34.329098,-0.91832757
49.935997,-41.587658
50.56101,41.347195
-22.550875,-15.716788
39.647278,7.3151884
34.88564,-17.90957
68.39352,82.26246
32.604195,79.143524
48.081745,58.526375
6.210103,66.43086
52.893177,-39.148483
19.035952,50.507195
47.615227,-82.02625
-92.167175,48.317955
-47.70945,34.540447
-47.660168,-23.367552
44.16836,-72.48069
102.4962,-24.202887
53.68565,-87.1882
-62.91025,37.830235
-55.00521,-12.213921
7.5437,-110.84863
6.6264386,12.709953
-60.146225,-54.03973
-106.18249,-29.198322
54.235023,-91.781334
-47.639755,24.180109
7.368874,-115.9254
-62.266758,-10.866986
-3.5929937,-9.937769
117.92534,-14.313559
11.913295,21.288668
-44.960358,-79.63213
45.677917,-27.970734
-24.101355,108.159325
-13.964866,-99.77028
-62.835747,-56.654865
-49.565422,21.459349
55.97321,87.50748
-31.446194,28.67601
72.85785,-7.9857993
-24.058096,-20.67897
-57.58541,65.54352
8.90739,-109.961044
54.5119,-26.554377
-82.15273,-14.183836
-50.999363,92.66877
22.715158,-20.07881
6.3548965,49.0076
84.36685,53.84687
-102.48394,10.151697
3.8079157,-64.245125
13.109771,25.366488
71.546875,-9.269248
-26.798897,16.934715
111.73273,-26.13933
4.3569374,11.116484
-28.140446,-21.015938
-93.26257,-33.39998
-65.70907,-54.201492
1.4080224,0.3066631
-64.629875,32.587418
30.31905,-110.807526
58.363174,-13.636251
24.57292,78.27674
33.307083,-58.77493
1.7651303,49.15226
84.35278,-69.268
-31.703833,-10.906175
10.064451,20.833591
-10.398457,53.05245
13.290791,79.422935
87.180275,33.307705
32.249725,-113.545975
-107.761345,32.970207
74.0775,-19.451258
-44.322285,34.23853
-20.968193,9.047658
8.707715,-54.82556
-102.61614,-35.942245
61.03366,-27.594263
38.99748,-6.9728804
24.363762,-55.808273
9.371709,36.167484
27.63561,67.57455
9.529976,23.662424
0.13657477,-109.12722
72.915504,-7.964434
4.598613,30.07576
2.3404691,-72.66409
-6.836614,80.09238
63.527287,-37.880054
38.258812,-47.116783
-8.323323,-100.749916
14.886038,14.845623
-13.709779,-3.4029427
23.33853,-83.20598
2.0158393,89.90278
-53.28938,-60.535572
-90.47095,14.455293
-62.377903,-56.326096
26.246351,91.207306
-6.132709,-89.95834
72.147,-64.01104
70.440254,83.39904
21.356472,95.47987
-5.779406,-35.315666
-39.79085,6.6951194
-7.0560856,90.67169
-2.5283468,-6.448601
17.65804,91.74932
72.24479,3.8340068
19.175339,106.63206
34.322147,75.51339
0.4284864,-9.693292
6.891426,-20.469627
-74.9495,15.243159
100.07121,13.056058
9.452101,94.69172
-37.67718,-77.316635
92.54307,-34.101242
12.290939,24.3803
-78.36586,44.062115
1.7118713,-56.370712
19.959063,78.533066
28.073528,42.748436
11.200298,-33.502216
9.05635,-50.05354
55.717957,58.615406
-68.85638,34.282616
62.15454,-8.2168045
-34.254005,-25.050245
69.6194,7.7173758
-16.4464,-107.040215
99.34432,-57.016376
84.892525,6.745836
42.91268,-77.17809
-77.211365,8.15982
-71.123856,16.30353
-83.49905,28.662912
-54.11937,86.71307
-5.814889,54.051613
-2.3640304,44.97215
40.62679,-2.5269527
58.23362,-15.373936
-34.10334,-94.986786
-28.597477,19.1912
-80.39066,-14.837248
7.1563606,-34.82549
-6.0318274,-89.30033
69.80871,-33.695797
69.14975,-21.275257
-56.934353,70.286285
-14.2595625,-5.59633
2.3300056,-58.843666
53.999386,30.579708
28.428871,41.772194
-27.713839,39.43947
68.1522,76.83462
-25.380363,31.707272
-97.305565,-10.277211
-41.19999,-46.269913
-45.566025,-21.264437
-78.27676,43.616035
14.60307,-51.864983
-55.10498,-14.011811
-39.45527,31.87418
-87.54254,-53.107777
-41.10945,40.10684
55.81468,-22.922337
-7.8078055,78.80522
10.00808,-6.0016165
-35.394386,-21.479261
-9.287632,25.708424
-16.995033,-111.13139
-35.583294,-75.75906
100.50095,-3.1613882
-15.2153,-73.24902
-88.19939,12.026544
44.301228,56.984535
33.808792,-108.61838
53.766537,-25.366684
-11.925471,-4.6611032
15.18037,-99.41136
-97.86508,40.320892
-6.9898376,43.873974
-19.975637,-28.134827
19.710352,-85.98694
-70.24517,-27.174076
-115.84267,1.428303
34.112812,-53.250168
22.510044,85.14335
19.610016,4.086968
-73.75124,17.389763
47.28835,82.2386
69.34295,8.016978
-83.424965,28.67763
68.73728,26.245855
42.66791,-77.7804
-3.1382604,66.10139
5.229221,-0.036928833
66.18535,-45.60684
-53.697006,-34.49686
72.01506,73.51337
58.147907,83.418686
85.127754,14.658789
10.562959,-8.434628
9.616854,-106.951965
85.9255,0.3835203
-47.58694,67.79597
-42.837357,-54.078182
-30.977379,-83.07978
53.989185,15.2823515
-66.777664,17.987114
-36.68197,36.812885
91.188286,36.319187
11.015328,76.31008
100.85908,0.36120477
63.358707,22.693157
28.039461,95.61988
2.3966827,13.973993
-32.609024,39.34035
86.954445,33.33845
-25.363585,31.706636
36.617233,80.562256
-76.18423,12.824278
-31.485582,26.608479
77.21243,-3.8880305
2.2167966,11.819231
-89.91937,-55.069546
-12.892453,-4.2522597
52.268063,8.355371
-60.00185,-70.35138
-16.4151,51.61559
61.7138,74.25434
-65.1926,-60.488983
-30.244236,60.34394
-35.392273,-21.494106
116.65802,12.426899
71.44466,80.38158
-45.498005,13.676092
-39.682274,-30.90359
-49.839596,33.302464
-91.13195,-1.5608556
-31.749323,-13.456387
-6.4968104,101.82446
7.7349896,-92.685745
6.5093813,13.011248
34.74512,18.960312
-44.51263,-19.055265
-0.6853278,-105.693726
-65.39988,-51.923496
6.5104423,17.706701
34.162525,-20.627321
9.42152,44.52782
-100.27391,45.894447
52.262478,8.352077
48.205677,-24.976099
-51.366592,-28.725208
54.960606,5.690531
53.031467,7.871354
-33.514553,-93.70283
85.11347,13.907683
-0.30726105,-95.89236
34.7091,76.7989
-24.92635,48.348457
4.130595,-77.062164
-41.23695,-84.65991
56.921837,-47.277718
7.500204,-32.03919
-110.62629,-18.540129
-16.479591,65.78865
-1.6889908,-95.2176
19.217297,73.47714
-48.127514,104.13821
57.440506,20.028446
-34.253967,-25.05003
-20.562836,-76.18221
-59.707977,65.57877
55.550777,-37.080086
80.792656,-2.994165
3.7297132,44.716835
3.9259782,-20.01409
4.287016,63.76354
49.125877,-27.991665
90.53642,34.89049
-38.54456,-30.874987
-10.416244,-102.33804
71.31264,50.759346
-1.9020289,-62.032562
-65.97873,9.961007
-51.15972,-36.57371
-27.353474,32.26284
21.008268,-24.182121
-43.417873,83.11248
70.4054,8.524606
44.732086,-84.23416
-49.96386,108.50292
-74.65791,38.757957
62.287594,-29.38618
-105.74077,-7.9244027
47.73057,92.70923
40.32484,-100.98212
-9.377895,-114.64396
-71.2691,16.970314
16.93421,15.04697
69.914444,26.533703
-10.048812,3.0580487
-15.43662,38.75229
65.32983,-0.95450795
4.003672,33.420418
37.05145,-17.183449
-30.018648,-84.84643
74.53,40.879272
-2.4240756,-10.286913
-87.78397,-24.64452
-22.531597,-13.392935
105.48379,-13.281069
57.32553,-91.84431
-59.078537,73.07023
-90.17679,54.459785
39.389965,39.28886
12.4957695,-78.0516
72.32695,2.4260974
89.70711,41.328804
71.12453,25.027828
-89.50328,54.533268
-68.386185,-56.825184
62.162304,67.842896
6.24866,-19.818966
-75.36118,-0.2796337
-20.565382,-80.66397
-33.951702,-78.36838
-21.865194,41.29081
-13.971263,-100.13609
59.153503,85.920425
27.784353,-19.935097
66.1704,5.4931965
6.8877544,15.730728
-78.83851,37.837795
19.50435,33.704002
-31.27969,26.213285
-36.225967,-111.38024
-35.67881,-15.643168
-14.247445,-98.80807
-84.13817,-41.711666
-110.01744,8.196571
2.8284621,-56.065254
-84.844604,-42.520733
-32.074543,-47.105747
-68.247795,-13.330908
-4.896671,18.378584
3.6461878,51.773346
-28.605614,102.61909
-49.05109,-59.095978
-0.35411045,-18.047058
6.7370763,-19.706923
-93.93563,-54.272755
103.38955,6.7922363
72.46086,10.44123
-8.1461735,-34.87942
-90.05996,-31.371798
46.734,-28.22076
53.639664,57.02264
1.3635621,-7.1168075
64.929276,82.959885
-81.1649,47.998074
40.787277,-11.950296
-33.16065,59.780834
8.009474,87.36987
13.043288,112.82052
24.512686,54.21165
-44.45996,-23.129261
39.114353,-14.899013
-34.973366,-17.948519
-16.199877,51.42291
28.338726,71.71289
1.0382909,-86.68445
-36.990627,-32.60995
70.926544,30.970911
-29.140368,114.077576
70.18379,-64.18368
-98.47513,47.15313
-68.11462,29.681267
-36.272575,-90.14304
-74.331795,9.063345
-40.0145,-75.70226
-66.45519,-13.18205
-96.253456,-32.79453
57.483727,-13.772431
-78.392876,38.608288
69.94589,10.668636
-43.142315,6.1938844
-34.989162,-17.865667
0.9239543,66.3894
-32.51848,79.56626
35.193882,77.989746
-47.945004,-77.28122
-17.908545,44.47067
78.8102,0.83757055
100.9559,15.366511
85.20557,12.644321
73.38421,-0.15314074
-18.15546,-98.8535
-36.129948,63.529854
-42.532948,48.152893
68.72774,-21.182112
-96.28216,-23.785042
-29.18089,-21.728487
-0.24666521,-47.519073
104.081215,8.866209
-42.671616,35.237556
67.578125,-0.49712405
53.21578,56.876022
-90.65781,-37.042076
-6.5856023,92.09867
-74.58005,17.917704
70.94569,39.918842
27.396082,44.58976
-32.401283,20.282858
14.232999,105.65843
-10.239641,-35.03692
7.236878,38.520184
-52.70337,56.07476
18.237103,51.795776
-28.653551,6.902801
1.8028855,-90.995445
2.1369414,-89.75439
95.56615,-55.13241
54.757435,-10.951295
50.00565,-36.92384
-25.184626,-74.12325
-38.24174,-84.53407
-23.80603,-38.333282
32.136295,-112.75579
13.42623,25.775377
37.959595,-10.597228
20.321024,18.211428
10.77683,77.53771
-27.118774,-53.36142
-29.944202,-45.448814
21.018656,109.41261
-47.261265,-26.657309
-34.618374,-74.911446
-105.96978,-29.391941
-34.375244,14.246816
-38.07892,35.973034
35.26863,-79.06644
9.025097,103.91847
10.598243,7.223072
67.2161,42.470665
-3.1413255,-71.56879
-31.878485,-27.721663
0.35013545,11.300136
-28.997046,-77.20591
46.251747,19.504335
96.890236,-19.782576
-95.09697,-40.657665
36.943592,74.98518
19.345274,73.83428
-65.21636,-28.516829
-8.515318,56.93953
-31.652143,-51.65586
-2.7009974,-36.683784
-24.00733,53.75796
-39.47615,4.7560225
30.819221,108.36988
59.237053,72.6832
-108.05506,2.0183322
86.35844,10.041287
-7.169744,78.866356
46.52748,94.7001
-53.84717,74.3351
70.694374,83.562805
37.558178,-61.26474
-24.085236,-40.215866
60.5302,-5.796979
-13.61786,-3.5857744
-27.761204,41.30721
-41.12741,40.112217
-59.44058,55.590992
65.703476,-50.41539
-6.9865446,1.7584304
-55.149284,-57.399544
-95.72365,35.945137
2.7485852,43.324432
30.83263,76.2311
60.81716,-8.949189
-41.588623,-34.0325
78.539696,-71.74813
54.30621,-10.102666
82.7546,-65.83012
-67.13938,-53.095314
-38.706482,-103.312225
18.462515,2.3859515
-43.35224,16.09446
-43.70544,-54.57691
-62.314816,79.828964
-37.67718,-77.316635
-62.698616,-13.304034
10.787437,-47.782337
-91.128494,-11.993753
-97.21323,-33.13114
-45.618317,-3.62307
-60.488335,59.30816
-82.0999,-38.39537
53.999386,30.579708
-104.316185,7.052095
40.383034,-14.909935
-43.985477,7.7888713
-33.46765,-99.5185
39.389965,39.28886
72.01506,73.51337
-59.706364,55.98133
7.1563606,-34.82549
-22.530537,56.21135
-64.595856,-59.845474
-51.35712,-41.243427
-0.517611,-89.73085
54.66964,-92.13165
-59.414,32.03073
38.198925,62.841553
78.18732,-48.719193
-53.823177,-15.268186
-23.601559,111.355576
19.017572,80.4407
70.84069,-36.265213
-5.3904476,56.183594
-29.871788,-93.69238
37.39533,-9.882021
-101.660286,41.083847
-16.298086,-69.39308
-50.367947,-27.35779
-23.261175,111.399864
-27.622812,-81.17949
-25.66641,110.05342
-12.970884,70.36487
37.70006,40.34441
2.014819,-64.497154
-10.952415,-39.448063
60.06954,-45.378548
32.553825,46.92866
-53.46585,-51.542217
-49.929924,33.664963
31.725708,-98.23335
16.831125,50.481895
-101.41249,30.161957
10.175885,-38.632744
11.420742,-24.270552
3.3978047,11.377686
93.63234,-10.121216
71.31096,-22.23062
-23.601559,111.355576
74.96485,26.609324
-31.274258,-43.021603
-11.238542,105.38844
-56.859337,84.2064
-25.865353,9.8211355
46.82065,-33.88784
53.35762,7.1904826
68.736374,-21.187767
64.16143,-24.46465
23.528158,-18.584526
-11.415867,105.14412
-31.768177,28.484648
-2.7257051,-118.415535
-97.9123,47.218117
86.0771,-67.0876
-113.025734,-15.131007
-99.56026,-4.8975987
87.13234,8.294488
-4.471634,-113.95724
-89.97636,35.68675
-6.3577228,-117.11952
4.129933,-17.105164
76.12456,-4.0913234
83.570694,49.686493
118.0676,-14.249713
-17.798391,-49.1081
-10.581874,2.3535252
8.2908325,7.2646523
18.621222,-91.84088
38.907703,16.295341
7.5923743,-36.718014
-38.69644,-105.74106
69.903206,81.02078
-20.372486,-70.1131
-31.832249,-29.934687
-59.865604,32.97101
35.08556,75.446205
-11.468877,-25.01196
-14.713131,-46.243023
-22.596544,1.4618218
64.90284,1.3404217
-72.013885,14.303185
17.508873,72.40116
-79.673515,-40.121845
54.261288,59.80206
-52.567783,-84.83047
-78.821556,0.08730432
13.362768,-12.303613
-106.897934,35.198757
-29.138954,100.36976
-88.46871,14.018517
76.44213,14.1761675
-63.84997,-58.516956
-7.9433985,-3.0351772
28.372478,-42.091396
12.64898,24.719679
98.98993,-30.062704
46.114246,-35.75521
6.0794015,49.592533
-20.389385,-75.46044
34.05619,-20.10914
7.168978,99.96455
-41.89586,-87.005104
3.0024548,52.266495
56.528805,81.89999
35.536934,-49.92741
-83.275505,53.765705
62.386234,-32.841877
23.179764,-20.212626
-7.9835944,-71.85896
29.905659,39.560066
-53.7807,58.738197
-57.65683,-12.5813265
-17.37312,-51.02618
-55.754154,-37.158806
-29.055237,-15.958356
27.507679,67.37278
4.509227,-14.067467
-30.331081,-44.44679
-106.86909,35.083244
-55.17953,59.771072
34.87397,78.679924
-4.2904954,-53.80042
34.999664,-108.17981
35.35088,37.712257
54.913918,5.844686
110.50023,-33.160168
73.14575,-34.30945
-16.145386,66.07077
101.89985,-49.531136
93.556595,-13.224394
-25.556261,48.16474
46.095623,-77.184944
47.54081,-38.117565
60.01116,-8.973965
-39.004383,13.049807
-40.66631,115.78446
6.118047,17.57769
61.54272,-36.929543
-49.99798,33.66448
16.730215,-99.38821
78.31926,-71.5936
63.841015,22.252012
40.591995,39.330105
12.092849,-22.555168
54.785053,14.309995
-27.591782,-105.93518
76.575874,-49.415882
30.142101,-35.91634
84.71117,16.912848
-88.74602,-35.78541
-63.84997,-58.516956
-106.985565,-17.136066
85.47904,-68.68918
-87.72749,31.881266
4.0017557,-64.273994
-37.205574,22.068316
77.129135,-3.9476478
46.69391,-40.194935
-59.563244,65.18507
9.80021,-6.238941
-35.24198,-74.63356
34.244022,15.454248
34.071632,-100.97807
-17.734259,-109.10427
54.587074,-45.34071
51.60112,-12.200081
37.936443,-10.5789585
73.62421,77.807304
-92.847046,-35.009327
-109.84225,8.152147
-39.01024,-31.19775
35.95987,69.96496
29.918219,19.481585
36.369144,-89.273415
-60.843456,76.47482
-24.813576,-15.785353
-79.62527,44.47432
35.700745,-8.150969
-3.5275323,-93.689766
-17.944487,4.695442
-36.915245,-108.05475
21.557005,95.23734
-85.84386,33.726677
-61.326553,-35.787407
-70.08275,-9.675515
79.52842,-70.75859
-48.02008,104.13959
19.319979,74.19943
12.194533,-77.51106
18.332111,-18.606455
-28.322744,-48.156097
-44.010376,-76.21415
90.823204,40.678947
9.918115,4.0739117
-37.71791,-80.262245
31.828678,-92.05269
-27.040882,45.924335
105.87031,-13.559046
3.6753225,113.34747
-47.975616,57.52041
-83.43605,28.69273
7.4902945,13.109306
39.587402,-2.863391
-51.024803,91.597626
-6.5112863,92.10606
114.10146,17.703335
65.937164,9.452547
7.02085,35.37914
-65.75242,-67.24954
-37.269127,33.585373
-59.742016,58.100273
8.28749,7.2728186
-36.29511,57.745365
-94.52216,-23.182041
-47.00756,-35.25331
53.58314,-88.19736
-105.063446,-23.02266
-111.41696,10.529788
-25.47219,-26.59306
-22.513014,-52.760887
79.500786,-5.0600567
53.54391,16.337576
33.409683,14.803097
-17.922766,9.449646
-36.342037,-25.67876
46.321667,85.05975
77.76936,-72.07619
47.85173,82.709145
-39.67671,-84.856804
-59.675804,32.80825
-41.66594,-47.85349
32.8276,79.32038
12.056742,13.319696
74.41119,40.350346
2.9029958,37.8125
-7.0041623,-18.12316
46.113472,-35.75898
-63.365135,-66.3442
-110.779144,-0.12412557
43.92748,-92.13623
-105.60861,-37.20308
-35.91704,76.63108
-44.710995,21.218836
-5.7691116,-35.356903
-36.51496,-12.992756
-20.362637,-72.924385
-35.67307,13.4564495
114.19703,12.098124
-7.5709233,-102.60673
-59.796543,33.086414
-66.42089,13.343508
-77.86394,-41.839394
-45.00901,-81.60173
6.0353127,-1.6843154
37.893276,22.54445
-45.17251,37.945633
64.658005,29.850124
25.10769,89.88843
40.243225,8.984843
54.828323,-10.679822
43.875515,55.682903
17.655066,91.24658
24.538824,78.25385
1.613612,50.09302
57.59804,-91.527435
44.02694,-74.84136
-50.68674,-53.77304
-65.505974,-55.292202
34.464943,51.34738
8.005556,-24.75144
-51.317303,-51.86115
63.056774,-64.572174
61.496933,-40.31537
-62.782433,9.776988
34.448444,36.36703
-27.25278,-53.47767
54.844547,-38.273144
15.185407,-78.41517
66.06455,-2.6259115
111.70501,-26.0281
87.201645,33.365047
55.705498,80.453415
-12.334007,-122.10881
-11.520724,-99.651535
6.0418086,-62.599438
-56.99056,94.00769
56.828854,18.722301
10.675094,77.92181
-43.33048,-16.518541
-27.532051,-26.562483
21.557915,95.23887
8.932804,66.864174
76.41312,53.67355
-68.38952,37.088978
-7.539299,-3.2947419
20.052944,-84.836464
-28.363482,19.242262
-46.85255,-24.363739
20.004587,-61.02428
-24.515587,-39.906788
42.849438,31.764023
-42.70976,4.838878
-23.91338,-15.73051
-63.381897,-60.039227
5.910957,-35.89071
-10.511848,2.353059
-48.989407,16.744621
-10.442018,91.5879
-31.813728,43.008644
-2.059491,-6.1991634
-81.216515,47.605553
-17.717892,3.8081162
-20.529995,-80.7186
17.441425,-98.514824
7.3178434,12.271322
-64.338745,-17.304583
83.28926,17.37
19.457668,-76.23519
10.561374,22.085697
-68.68091,-9.60427
-32.54289,20.311508
-45.291843,-16.932138
50.96355,-41.521618
-16.333153,-20.913483
77.77901,41.56006
73.65372,-73.858734
68.0075,70.909
64.81444,-62.533478
-46.85007,-28.925318
108.3791,-40.826603
41.760876,82.77794
47.83289,-103.07169
-69.79046,-26.64371
-32.5009,-107.77017
55.84276,-10.275999
-101.879944,2.4806242
32.139297,-109.558685
15.654421,24.963877
57.517437,43.465286
-91.62281,9.535474
3.8825047,26.972315
81.35256,56.69011
106.56071,-38.618126
-48.314877,-39.52279
-96.09815,-32.55581
39.220627,-5.75553
40.793446,-3.9957175
-110.07152,-24.217995
-23.079094,-55.230503
-53.587303,-34.842163
55.86013,70.280045
-48.216175,59.099266
43.360775,72.78319
-3.5666606,66.84854
81.65515,-25.036036
0.6677304,-90.573105
8.431887,-24.975174
-29.854404,-86.00039
-28.902136,-107.38905
107.091965,-3.4364564
-96.3898,48.20454
-11.676709,94.921715
-64.62177,-28.825886
70.91055,-58.347046
15.519024,70.39532
101.763535,13.528474
40.04203,4.43017
-48.956802,-93.68934
-7.3225083,105.3089
-18.09351,-50.127636
77.31637,-20.41839
-87.08002,-55.093952
-0.51390886,-105.222435
-0.020270461,82.667915
44.792465,-3.192361
-11.332827,-40.883877
62.02841,-63.453266
-24.10141,108.15941
27.548782,93.5044
-103.891525,-17.301035
-73.88836,17.177786
61.588615,21.933157
15.842152,74.1862
44.938366,-92.66447
-14.074386,71.02573
-43.10523,4.3909574
39.79129,-54.21064
-6.8497186,115.405846
15.714572,95.10454
6.769797,-93.138794
3.5087645,-89.05245
87.812935,-60.204414
-10.775646,2.287204
-50.171146,114.933395
-14.8015585,-69.194336
-97.223656,19.0747
-37.689766,-103.69941
-43.207405,16.14661
57.398857,59.424633
-18.775457,6.8969264
-54.29836,59.106144
14.53359,-8.546055
-22.85492,-54.59363
-42.157787,4.6691213
34.039207,19.11239
17.073244,-96.2711
-64.84675,-17.609985
-54.784966,-11.930977
-92.56543,-16.146227
88.238525,-68.338066
19.8407,90.49876
-71.97883,14.312837
-39.65985,55.118027
-107.99821,-0.0674161
53.85469,17.724325
-18.035362,42.287743
-53.98272,54.788944
61.710884,-37.130817
3.9309266,-64.21777
4.40361,63.75059
-27.870577,107.51799
109.20296,-12.811951
-54.52857,-60.75777
-0.13835917,-24.530148
-32.396843,111.00887
76.526184,50.39721
-74.31447,-31.731155
-55.1075,-59.07381
-45.202614,-5.9619193
-50.0868,-42.639355
55.707848,-55.028816
-41.143097,29.895967
77.33675,-20.288792
-55.12499,59.585476
-66.335335,-49.8617
70.99449,-9.412372
-37.9788,-84.541084
-80.45213,-1.4825841
30.09459,-36.908985
-43.099327,7.0015426
71.482155,25.023916
11.644641,-76.76168
-89.24853,38.529552
-97.72589,30.236723
70.0691,39.9334
-56.33121,-59.473255
-109.39324,31.288485
-111.12405,-16.941668
66.87067,7.356074
70.72427,-36.27012
-80.35807,-14.849338
-5.8295646,-115.69093
13.565583,1.9267076
-56.275238,73.111694
-27.204144,18.669823
-46.855335,-74.14933
-57.13496,56.902683
36.434925,78.42518
72.103264,7.4227962
-89.23531,11.882104
-106.33591,-29.230026
17.757242,106.342865
-57.74387,81.53171
-33.972534,-94.96473
-44.356205,-75.72761
-80.799774,51.22038
-106.30106,-37.187225
-11.468107,-25.016907
-55.685837,72.950195
-37.112858,33.507915
92.73228,-22.49848
27.376902,-49.33782
97.709694,-26.146952
-32.20311,28.37859
13.208449,-9.224998
-11.939183,-122.234146
-77.40422,8.332094
-39.003,-31.191532
-45.494305,-6.4186
5.716214,49.588203
-57.393166,57.003624
-18.12143,-77.38248
-90.58076,-11.093719
-60.63716,60.23641
83.35363,-74.804405
11.452244,41.51175
34.954563,-54.49521
-3.5261688,-93.69006
66.68522,6.923636
65.761116,-49.67074
-85.36766,52.228554
3.5878363,-24.201044
105.97865,17.974867
-109.50116,-21.268738
48.80857,-90.11616
45.87095,-36.660217
83.14862,-75.010864
60.963776,-100.33749
12.180784,23.989136
-81.22913,32.126736
47.29,-82.04968
-6.8077984,-36.008766
-4.423563,21.018932
-27.970345,-0.12826714
-12.73408,-71.559746
23.194462,86.74438
-1.123309,99.58159
63.534584,-56.625095
66.08747,4.5395694
67.48951,42.30788
-38.198963,-93.50442
18.29535,44.018948
-89.0805,-38.182117
11.155033,-55.923542
0.14474106,49.890934
117.43683,-16.443735
-20.633028,-72.66705
61.58062,-22.111677
22.749609,-23.501158
-67.722626,-55.56275
35.05025,19.035978
-105.90756,-9.053686
13.718077,-33.48703
-22.76177,-46.674294
-45.489056,-80.422844
14.074062,112.27515
28.044884,95.61318
-26.598785,-17.69845
72.06429,1.5910075
90.19802,41.079792
84.27642,-51.157547
-84.855934,46.175602
97.12769,-61.93923
-49.61311,-59.734898
-9.781044,-115.24544
17.153193,-60.51086
22.621752,-20.062437
66.1704,5.4931965
-84.57195,28.166601
43.56557,81.57169
-6.2879066,72.359146
-10.873471,-35.289814
-46.795074,73.82456
6.1727157,-62.440296
-10.225666,-59.677982
-22.969269,-77.57805
-59.592148,74.57332
38.12886,-7.0666227
2.6156015,-108.43571
19.099022,-39.274345
-38.310234,-84.447266
3.8643687,63.39914
18.109718,-39.34979
44.15204,58.319454
-24.05864,-16.175524
47.200695,-38.065044
50.40312,-12.890471
-62.647152,95.149956
-29.389898,85.58773
-50.865726,-60.491653
-42.108494,82.22678
8.175093,-39.420696
20.055656,-61.167057
-9.719834,12.947766
78.36129,10.301528
-45.851902,11.327561
-62.319992,-56.39181
-57.17874,2.1825247
-2.5558753,59.6452
-16.393126,-101.243515
63.467934,-9.55193
6.435042,13.660329
82.70959,-48.167282
16.76858,15.036319
-34.554016,-77.456436
-9.658594,89.75894
6.3449407,-50.575996
9.249298,-35.87846
-47.37052,115.43961
83.15139,-74.846535
17.897749,94.27295
-102.16413,36.66143
42.208107,7.6507006
-32.00359,41.473396
-40.266205,52.15373
-65.985634,-54.936928
3.7702298,-89.19243
-91.93672,-51.647648
55.12067,57.836918
-24.074171,32.925167
18.993105,50.53311
-11.517821,-113.217026
114.04253,16.670362
-42.67476,81.18077
-59.45587,33.353836
72.0687,74.37407
41.718636,-6.347498
-71.46309,39.54874
19.44171,-90.340385
71.1674,75.489494
16.399702,3.9534578
-18.907618,-48.555054
-81.14205,7.8528523
-47.148594,104.485245
-24.872873,31.310461
-56.807724,71.33823
-93.35196,48.923744
-7.305344,-56.098995
-33.41837,66.936035
-95.956276,35.96237
37.72979,-47.052357
-10.556404,2.2201009
6.3419514,17.598267
-39.363686,-94.94506
27.970787,-19.729628
32.955044,-0.052592
-0.469648,-22.573019
-49.38757,23.30462
33.35764,-114.840485
71.53234,3.7391264
-50.4878,90.79801
16.79666,113.903046
34.40331,-81.68417
-70.227425,-24.968014
-100.74743,-26.71991
-90.13953,-47.190845
12.093984,-22.55529
15.943345,2.5290558
-37.234085,22.34538
77.495,-58.8658
52.2738,56.727894
34.314896,15.986823
-84.82569,-52.950584
-108.10903,33.058533
-14.616222,-25.737331
-6.102182,101.01375
-36.924957,-79.4451
-52.26699,-90.25749
53.841553,-8.756361
-100.27391,45.894447
-21.382444,66.77993
41.958035,38.0399
8.942612,-15.073735
-66.07525,92.781425
-59.83055,57.301586
35.193882,77.989746
42.654408,-88.85426
91.70707,35.640068
-10.885939,90.62859
-0.15056522,-75.94705
-64.83012,81.19496
-66.02027,37.651196
6.240258,17.505783
52.610252,30.997503
53.17493,72.97634
103.86695,-2.5133824
55.085415,-20.751694
-36.280746,11.610094
-57.598427,85.01135
71.430275,6.1919193
-18.043385,42.239967
-82.7081,29.485165
40.16884,-2.3066204
-7.441057,32.501114
-27.615858,-80.83182
-15.957674,-66.62336
-6.189739,112.85656
45.57916,31.48434
104.105576,-12.04734
-12.930699,-73.38938
-107.70768,-16.998575
-26.699713,16.449055
-87.876976,-46.245953
-89.28608,-11.821351
-25.272058,15.793553
-64.52372,33.084747
-4.540314,33.319187
42.470856,-78.06256
70.28365,-9.450268
-45.300213,-53.436523
34.463722,51.346462
-67.221306,-13.798188
-27.174322,20.327168
35.23216,-93.476036
-18.652761,-49.9856
-35.712414,9.054404
4.3460712,63.558067
-95.68868,-9.386889
-98.944374,-10.492205
-35.08349,-12.502856
17.74324,106.37797
-16.058334,65.39143
-53.402004,-35.76433
-22.187271,8.499611
44.25536,-72.30947
0.9756644,-92.95835
69.70673,-21.723862
5.378524,36.96472
56.24525,81.553505
-18.121132,-77.08297
55.603447,80.244675
-53.073307,-2.2592971
-25.061232,19.619291
-18.671501,-45.29993
5.6706853,-77.65899
-29.104666,-1.6634432
36.817722,-113.5586
27.75763,41.157097
60.69836,-24.113327
51.497585,-85.681564
-45.90812,21.863386
-64.87387,81.67379
-24.780155,-16.05383
-60.7192,64.85263
-62.377903,-56.325783
-23.696838,-15.984461
-8.689087,-53.306267
-47.52793,-80.02689
-9.697991,-61.171154
57.33628,69.44243
-92.073586,37.14202
102.4889,-50.512287
-42.75409,-53.956707
-2.0560179,98.387
19.404919,-76.89818
-42.35692,-86.35731
99.326485,-25.808308
-29.369596,-93.44647
-64.84675,-17.609985
79.77648,-5.203869
66.89654,-56.094967
19.36682,80.44472
7.16682,69.11818
-105.547455,-34.525383
7.130697,16.149605
-63.20714,-55.260204
-50.95849,-41.192616
25.188658,55.12851
-103.11604,3.4530432
23.611229,87.615204
48.800915,-41.4413
-62.530437,9.086333
-50.25017,-41.748203
57.595394,16.250856
7.966886,-3.6291416
-25.074995,-38.881863
-42.539547,81.52442
-89.52384,-46.18848
-40.307262,33.565693
-56.919254,53.90983
84.111115,-69.26123
-45.56599,-21.264633
-8.014346,41.39349
-33.42157,108.849174
15.243393,74.51786
-92.309906,48.38424
102.05608,-9.992053
-103.64713,-6.3672423
-37.27856,-88.79123
68.135284,77.68907
1.3840284,-93.089066
18.5123,-23.487722
6.9925346,-20.325508
3.5465891,26.802086
-31.813427,-106.07731
35.152813,-2.1937528
-23.694372,-15.944735
-33.386738,66.987076
110.50384,-33.149853
68.838646,25.56376
68.84133,8.664528
40.626556,-2.5269399
0.038672466,-85.750084
69.52343,7.2916903
53.72773,6.582307
33.444683,68.992355
-24.093357,-20.717869
22.382956,16.179684
44.184334,-70.93513
-29.840488,-17.131357
-62.53284,15.682273
-11.194826,78.183365
-0.7518012,-57.39541
-61.564434,-16.266613
52.39949,9.77681
-41.297062,51.42834
-46.83354,24.33858
49.54184,-25.179022
-96.632614,-51.734585
-96.51303,28.90496
81.5587,-4.015455
33.52699,-54.219677
-19.77408,-73.22095
39.026302,-1.2363657
-2.8813117,-2.0419254
-2.537974,-1.1166909
-106.00773,-28.963898
50.72911,3.6774085
28.116013,28.009039
80.245865,-52.848125
-25.025263,-38.074944
-40.97377,32.346504
8.409885,18.414436
-4.334404,-46.19482
-47.316917,68.091095
-2.2667935,45.739693
-30.679295,1.918797
21.033735,-25.685726
54.144028,-108.319244
19.245209,73.50867
9.57104,4.0986795
88.73044,4.0043163
-1.9286234,-96.608795
46.02386,-75.84433
43.5636,35.271214
68.135284,77.68907
-31.545406,-51.695454
-45.383255,13.602547
-4.159758,73.38588
-17.388979,-47.431644
-23.833927,50.990414
41.909077,63.959812
-27.158659,45.719784
2.0378616,30.824009
-16.015799,21.648338
30.825243,108.36454
-16.259035,-102.019714
8.495327,-9.034193
-20.530146,-80.71925
-6.956386,44.018368
-37.78541,22.051203
34.542027,-9.73124
-103.41368,4.3323064
51.7985,-40.481064
-18.121748,-77.080246
25.072607,54.378193
-22.933384,-0.115508184
-102.52292,10.177563
18.489426,-39.23136
-37.236656,-77.488434
-9.583412,-119.72502
-29.917997,-88.316185
39.338017,-6.309358
102.82491,-1.1287475
29.887598,39.57975
-59.678364,58.589977
78.5039,-56.630226
-29.130974,9.344016
-48.079445,-28.010555
-104.43489,6.8788176
-18.51758,51.165257
8.603649,-52.388092
-56.80592,53.775776
7.9740996,38.903778
-101.91105,-34.83762
16.605536,4.681108
68.64384,79.12173
-92.46532,51.179344
-109.2301,-21.318916
1.8946637,30.539984
-31.171707,-51.718014
9.11152,35.705276
21.009283,33.70006
69.89339,6.0840945
64.20633,1.0131586
-1.6388967,29.452332
69.564064,76.82652
-7.7446327,56.751766
-50.488026,72.15765
72.447136,75.38793
29.04572,40.585495
-47.79048,-81.246796
-23.265589,-0.4194499
-49.678234,-94.03231
-94.92491,34.212936
-107.76757,35.89764
-10.4137,91.00824
-23.996386,-16.441084
-42.15131,97.56217
-47.07422,73.074036
-10.097327,-58.820038
-47.97356,21.625462
64.69649,7.283421
69.80415,9.736103
-9.078976,1.1905552
76.94449,-2.483885
-20.44174,-81.13923
34.55651,-99.15802
74.394135,-20.387175
-98.068954,40.994404
-35.032967,59.610878
11.066053,71.78635
-9.5505905,27.055574
19.482008,-15.295551
-80.5677,8.780743
-17.106041,-78.300316
63.401936,-30.494589
34.471478,16.89683
107.11331,-40.05136
3.0210152,107.3755
-13.883684,-2.458396
8.208389,-3.2220736
30.292282,-111.01199
48.17563,-23.218
-37.621124,-107.61464
-91.3558,-54.339367
-96.13159,-32.87335
35.717987,-49.86733
101.70627,16.177458
-57.797115,80.405464
31.952679,-41.023193
-32.047146,111.30732
-41.294655,-79.194244
38.601475,22.366323
34.74718,18.960287
18.733667,19.167301
-62.264435,65.733665
-105.14184,-30.816093
24.61696,78.32694
-52.668087,-27.073235
30.405771,20.758366
-51.521805,68.88453
109.81001,3.3220203
-12.688779,-121.18032
-27.180647,15.930629
10.888908,-34.764454
-33.917835,-10.506367
-91.723946,34.128258
44.74777,-98.713905
-3.0395055,-119.01462
-81.68916,4.908044
69.70673,-21.723862
91.07807,44.75173
80.671875,-4.706832
75.54781,-38.076466
99.74803,-59.708355
9.466367,94.68563
-45.847256,-21.438856
19.50642,-60.88563
27.480398,91.41868
2.8703327,90.32244
-80.26579,32.26792
58.114872,-100.851715
50.96355,-41.521618
-53.451424,-37.812893
17.090153,36.00002
8.875604,7.58276
52.297165,9.013656
-30.414059,107.983215
-79.94761,-30.301443
-60.771767,-36.444016
-83.89919,-24.583317
-63.36377,35.048424
-45.489635,-80.41433
58.113995,83.35703
67.37555,46.997093
19.987724,78.99155
-25.613173,-83.30228
27.083601,-20.765415
59.010654,84.20798
36.369167,-89.27356
-30.660917,2.4612248
22.572042,-0.9052399
-4.621299,-117.17587
-20.862448,9.370812
13.369264,-53.079994
12.786981,-76.35226
-50.998947,92.667114
-49.57183,56.128376
1.9228652,-61.80236
-103.76682,-30.207205
-22.355633,-51.867733
-72.25642,31.18682
27.629446,43.634388
-84.449455,28.278568
27.413572,-32.96639
-89.88354,54.548176
-10.182272,90.67249
-29.357174,99.856255
29.565292,-35.65204
34.537235,16.878899
-2.6354816,20.180983
-26.791094,9.451648
19.106276,-43.474064
32.413223,17.944412
-79.54677,-1.0614092
56.609695,82.00873
68.8895,71.00007
-110.8918,-18.680569
15.790684,-93.011604
78.3175,-71.59395
-27.754356,-79.4866
79.52846,-70.758606
69.56327,76.82613
117.308075,-16.679289
-65.23585,-52.442223
-32.70089,-50.52643
-35.611446,-26.339962
65.827995,-8.898843
-107.00715,11.117434
105.156654,9.512159
40.04684,-12.018074
57.833733,-62.20133
-48.037266,66.306885
59.30546,16.218042
-29.09977,19.080584
-24.107214,109.49978
-88.15287,-5.24624
39.36693,-47.611134
-17.052225,-111.04134
-43.959507,-23.674114
-52.11145,-89.485374
73.0623,45.164307
-35.354733,4.3891463
-4.512619,114.39096
-49.237957,49.518364
-12.892441,-4.252232
71.08157,24.109005
29.047344,-111.93383
-53.76837,-35.05136
-108.0352,2.018919
68.78967,-0.61635286
2.3933399,-64.31624
-13.401141,93.7477
-80.0814,53.741394
39.637,-54.56205
-27.179083,20.31158
-4.0888033,107.86944
-33.72132,-100.27866
-55.500217,-89.48291
7.923255,-90.75857
-67.01203,17.479584
-10.831715,78.26135
21.542517,-37.969658
58.234947,-15.374465
37.0448,75.01562
-60.50395,-39.214775
-72.67293,-0.9733208
25.873644,-20.896847
84.02069,-75.19598
-81.16479,47.995953
-86.64965,54.832283
-69.94408,15.539853
-15.198286,-104.49544
-11.48413,105.00591
-18.7048,6.258122
-4.825396,-93.04196
-62.835747,-56.654865
0.669452,83.61315
-7.5631456,32.401337
80.76897,-71.705154
-19.629911,-17.245457
-36.293385,57.83007
-30.99867,-97.280594
-14.312958,-98.36175
-107.510414,34.50925
109.20028,-42.311764
-56.117043,-60.471027
2.0305865,-64.43951
50.213917,71.12612
-32.469067,40.423374
-76.68652,7.427795
-47.37436,115.43047
-26.796183,17.124249
-14.227667,-5.5966
22.204712,-81.9996
-60.748928,7.5730186
59.073315,84.642235
-32.38583,-13.034573
-4.3121953,18.376898
7.8812957,-109.75485
-79.99845,43.29229
-101.79384,29.53669
16.906029,14.964481
1.055357,-86.68276
-56.32569,74.57335
76.11376,-4.0879536
-32.17368,20.123344
-41.374172,30.850176
-28.88204,-24.040363
-27.432858,18.337805
-23.181072,-0.51430917
-45.602215,-6.359246
110.96382,-13.89278
40.439796,-3.25129
57.246304,58.77307
111.883644,17.199703
82.55479,-65.84458
2.1928537,-72.254425
-0.8150662,82.91064
90.81169,39.4039
-67.30209,-13.545735
61.39278,21.57441
90.19802,41.079792
-70.05061,-24.814966
-5.9601936,81.62014
-50.082928,-36.7272
49.444416,-13.145681
35.699127,-94.24135
-10.476532,44.84754
-92.4268,51.40057
-33.601753,60.147827
-12.468736,11.430574
-11.144647,-33.345795
-35.46028,-14.613737
-25.18465,-74.11952
-36.025097,30.80584
51.493378,16.033146
-9.370524,-61.928062
-10.953472,30.18444
-28.845066,-29.461739
-60.64981,7.5711784
-19.697704,9.789522
-103.84947,-6.1482906
60.930466,-100.47802
-81.487785,-32.342533
42.43042,35.674946
106.4465,-40.268337
-35.02023,-13.661868
-55.866222,70.67621
-20.944746,-80.182915
18.525131,19.040947
-16.323584,43.14991
-7.7721443,108.799446
3.7611992,-19.514519
3.6593628,90.6645
1.7403834,-25.340372
-26.847452,-15.580527
-55.843678,-60.536472
4.2801666,11.15349
-30.018782,-84.84638
19.522528,89.23296
12.580317,14.319156
60.28684,-44.12634
25.70886,110.43545
55.876934,-22.745241
-98.60542,42.103027
33.580418,-78.67251
80.16604,52.604828
-36.32972,-25.689386
-88.62016,-48.976032
-30.01865,-84.84647
4.3721766,-23.709166
-95.158066,33.290924
-66.3483,-56.33959
7.408804,17.92436
-16.499748,-106.71832
26.418716,8.003055
55.58894,-90.43069
58.320854,-29.611568
16.332352,109.67375
-54.537567,57.85743
55.69931,-14.027821
-87.74467,2.5246236
82.697845,-76.441345
58.79835,-102.37708
-77.8933,-35.0653
75.20608,40.027393
-77.51151,-34.121014
36.42106,-94.76009
60.944077,-15.832541
-16.382612,51.24954
-61.371513,-58.987576
22.08749,-20.126518
-27.323824,-26.531662
99.37724,-0.095345356
79.58258,-51.983013
85.06107,10.951691
-66.3657,-50.912903
-74.25844,37.079727
-88.47726,-35.11967
-45.426315,-21.25849
-13.136592,-71.67067
19.536808,74.40933
-65.38258,-51.8346
18.728523,19.166985
47.63609,58.30199
-23.11785,-55.33114
4.566365,31.40808
71.22114,80.373184
-7.1044393,79.105225
-12.492242,20.560213
-36.054028,100.46328
77.82206,47.21916
-88.33904,2.940039
-96.136,35.91751
-24.85277,2.1723056
69.68394,82.231606
61.98831,-29.41625
-41.29564,-79.19604
31.719847,-99.38415
16.028063,74.72527
-36.16973,-112.03274
-26.440187,9.221221
-29.420006,-93.52796
-2.54605,71.25541
54.794415,-103.73774
33.674614,-108.440315
-19.970215,-17.080723
109.89862,11.571758
-79.94761,-30.301443
77.289795,-22.971346
54.54013,14.232972
52.66383,1.6605561
-68.220695,-29.355284
-47.624493,-82.09478
-33.67651,33.85013
-14.333414,-101.13298
3.996909,-64.27127
82.984634,3.9990466
35.699028,-8.182223
10.725732,-16.171885
18.966358,-39.442432
40.533203,-14.735597
-38.273808,72.68564
75.793335,-38.419083
-61.92867,83.26684
-23.886284,53.247955
7.2785664,49.07068
-0.46244052,-85.077896
45.89538,57.170826
-107.648346,32.966854
-8.436984,50.390247
111.13588,-7.8502264
-106.49124,-18.819891
-36.58394,-79.75832
-2.5776138,-2.1118162
80.09626,-73.09825
-22.37633,-48.17997
46.45853,-24.465343
17.85888,-15.487452
-113.57026,-16.642303
-86.35125,-47.05383
58.667824,-14.448906
-23.43204,8.636714
5.7142706,49.593044
-46.78839,22.191607
99.02404,-0.6398067
-106.53932,-37.058636
56.2825,-24.219069
47.683586,33.49457
-14.875843,-98.941986
73.361565,-35.105125
-3.087048,-118.04949
55.648624,-102.99698
-87.58504,19.709394
80.30161,30.812098
10.962757,-34.57244
68.44631,-20.97768
-32.6551,-50.612095
-95.343506,-40.80362
-9.06557,-9.585957
22.037436,84.88233
40.050682,64.9051
-80.28662,42.670223
-47.00806,-24.374884
-46.294395,55.920513
-38.381927,-32.34669
-78.56303,9.273915
-5.4194026,55.174427
10.81382,-94.6893
73.70874,-18.153593
-47.83725,-24.1324
-56.41426,53.687077
73.1633,-33.69365
-47.323967,68.84136
45.794,-99.17503
-109.59684,-23.37801
-48.73633,59.69231
62.384182,-32.853962
15.489762,70.69631
-63.185757,92.09494
56.364567,-9.649231
-12.755482,64.62183
-36.20062,37.10183
75.38064,-73.13606
-6.5743575,1.4492522
-90.103775,17.59583
9.371709,36.167484
70.49523,11.425125
28.141125,22.97234
-25.087265,-73.77189
-18.514614,3.9426987
44.36311,-71.36743
-61.250896,-56.161198
-36.261112,-23.587196
-29.758514,-17.210958
77.21349,-6.761425
-44.958515,-78.97486
-68.31514,-2.2670264
83.696014,13.318737
-111.046364,-17.906233
21.29306,-37.82476
66.11507,72.08562
106.61636,-38.938904
2.6687524,-72.41247
111.46996,18.042585
29.157888,40.452656
97.63638,10.118063
32.194473,-52.78241
-33.875416,11.403888
17.651909,-90.19825
-8.515094,56.900932
-94.26434,35.35471
-51.66065,-52.170105
0.42634562,48.809338
-27.735855,39.587208
54.796425,14.321261
-49.848328,-36.595345
-36.18302,-78.66915
-18.498032,-44.849926
106.391304,-39.118874
-56.99571,-41.594795
-26.209084,-84.11655
-1.5263143,100.31564
61.562332,-22.115396
-45.722267,11.6659355
-37.857468,36.048977
7.6433253,67.72408
-79.51204,6.0627823
86.74907,-26.49142
15.118827,-76.63302
12.191686,12.441849
16.40534,71.68869
51.338295,2.1847587
80.64214,44.526295
-27.949923,39.55791
-16.928457,-46.410946
-8.541113,56.954277
53.533424,16.32787
-24.092615,109.423775
69.86274,-63.371964
21.45353,-81.841385
20.490017,90.10061
-46.62777,-29.09494
-22.932575,-55.20293
8.028592,-88.96669
66.84924,6.9851856
9.590535,4.105825
-44.03596,-56.52194
104.04371,9.633137
6.5175962,-35.68824
-30.877583,-97.33974
-101.07244,10.526064
55.302807,-45.54768
0.8046966,43.27284
27.244469,91.44088
35.02186,19.07091
14.047368,2.171826
-58.930584,99.204735
-46.878178,24.477787
20.642471,-90.87401
-109.84198,8.15253
4.7318125,-14.011582
101.8014,-49.460766
-45.04832,-79.59786
-31.892588,-15.767145
97.880455,-53.16403
83.19826,-49.9256
81.560684,39.860744
11.008164,-85.36051
8.657207,-15.981673
-98.944374,-10.492205
9.304457,35.538776
12.939882,111.560326
-2.643887,-10.360293
14.200865,105.62561
77.12466,-37.68944
-80.04174,0.19389272
48.949745,-28.642761
-47.35891,-27.895126
-6.9677296,-86.00542
-64.28867,15.609472
110.478004,-33.232296
6.5952897,-93.248055
-27.455751,41.146065
-29.01811,86.2981
113.80527,15.975039
72.09396,-31.917116
50.679634,59.080345
-3.5448644,102.13844
-59.560406,33.189754
8.333904,9.93178
-36.661655,-74.0257
55.498596,-103.23807
-73.14931,-2.5612612
-46.508026,10.000309
10.659191,112.36959
-37.064095,-112.50177
45.029747,-3.3713017
39.816586,37.68077
51.32039,-86.106575
54.05556,-104.04794
-47.726612,-39.91203
5.165611,51.60937
6.7794356,104.07265
4.2250843,-24.576393
-88.61543,-49.797966
-59.33863,-58.49479
-3.0170133,99.72276
-61.305786,-61.405415
54.11875,-11.633939
-88.38866,-28.343182
-63.057648,-13.556862
75.43862,-73.19029
-6.636208,-53.65765
-8.06591,-9.474637
3.7113314,13.443597
14.324909,-76.81913
-17.82836,4.654935
-15.993496,65.07777
-41.235912,-84.69463
17.350262,-42.743675
0.86438864,-90.8448
102.484024,15.998789
-26.79854,32.160305
9.338783,49.12858
-53.035202,-52.162964
88.70131,3.6889992
-25.163002,-16.929888
-81.342445,-14.530273
21.348003,-81.84875
-32.65684,12.027693
-85.98496,-24.034416
69.50634,83.064865
85.7035,-66.934746
-46.786556,54.721844
-49.373154,-85.39293
-1.6220376,29.134579
10.269236,21.487045
-55.570984,86.87036
45.582024,-27.693634
-73.05076,-2.0323665
65.23927,29.198704
46.75089,-40.63817
10.158289,-111.80595
-16.84275,-20.522326
-90.58038,-11.094573
78.67778,11.143275
-47.686363,67.53723
-54.865307,54.01195
-25.026245,-28.870867
-22.559893,-54.025417
-6.7055483,36.115482
34.44133,-52.643208
-4.5237417,-2.126074
46.381775,16.402891
73.089516,75.384575
-40.889965,28.255121
18.499043,-91.27709
12.966631,68.61835
-28.53849,-94.9462
-0.62718177,-24.855074
-11.208814,1.4817525
-87.119385,48.32253
26.465767,-48.99462
-29.504494,-21.845015
17.997427,51.166943
83.4217,-65.488205
71.884895,74.08682
40.493057,-14.825046
-42.721195,83.15531
7.500927,-36.71884
19.10707,-43.47414
34.64064,76.34812
44.475094,38.571842
-66.85493,29.015068
60.86671,-5.4715233
70.10848,79.551674
-80.07478,-30.351381
-0.6292931,-90.3216
61.301662,-13.395746
34.08391,20.947008
3.7642334,90.849525
8.721284,-24.121899
-32.489273,2.1097786
-41.387516,94.93868
2.672415,71.923256
5.27273,76.2038
9.466367,94.68563
-76.7319,-10.859864
87.91665,3.2601902
-96.92208,39.97419
-101.41249,30.161957
-0.23914011,-24.164898
45.680813,57.18036
-23.04692,-13.655754
55.21271,-38.478657
87.57999,2.6934357
56.74009,6.8712873
-72.07202,39.678432
-75.236694,-8.817017
-17.661676,-106.06073
108.28916,18.104727
-35.84266,-0.71417075
-23.902073,-16.200975
89.16851,-65.79758
-111.35679,0.19512226
-37.934795,-92.85332
62.624565,-30.982101
-88.822075,-29.34919
54.08852,-39.71618
-85.223076,14.564044
61.675934,17.02459
4.708449,32.222145
22.100645,83.26806
-61.51683,-55.808838
-36.60178,28.993214
6.895748,-19.088844
-76.08299,-14.884216
-9.981217,-68.45255
-33.681988,33.843662
16.907986,-97.383965
77.89265,-0.54461044
-80.17133,53.67797
7.30597,11.605928
-21.151709,-28.491352
41.565094,-12.314418
-18.384907,-76.202324
-77.49399,-9.600644
-103.346375,-10.378141
-46.950157,-35.493534
34.663334,75.73533
-45.292034,37.82066
8.184319,-8.878737
-0.8151389,-106.395546
-6.372069,103.194824
15.998937,-99.28639
58.895287,84.252304
-88.927025,31.055624
-49.397957,21.902454
23.768442,-36.29852
-1.3580444,-61.53692
113.351494,-20.887735
-59.90068,-68.64085
14.524529,-39.46438
-106.25793,-6.241785
17.921272,-92.44991
-35.711895,-76.78715
12.829273,-33.77471
-75.59916,-33.441048
-107.409874,-20.344597
-51.411015,-87.98371
-29.041145,-1.779312
-37.93694,6.668544
17.196669,-98.10809
70.303795,-9.538158
-76.54519,1.9819698
54.49105,-91.88495
-62.488674,-0.16611466
13.237418,25.390238
-48.65117,-92.981384
20.54365,49.12703
-76.902084,4.5266395
7.002872,75.792816
-37.86062,-107.461235
-95.79045,-49.063072
111.43858,18.038507
25.553211,110.513885
-22.689726,47.156803
-26.652416,-17.57578
46.32839,-33.80196
-50.67239,-53.845604
-109.01072,-21.539667
40.768986,-5.786255
17.652992,91.253746
56.92229,-56.457066
-58.319153,79.039215
56.73947,15.057633
99.071045,10.644027
-49.348812,16.764305
-97.4896,-30.284775
-92.37649,-53.514225
37.73032,-47.052402
-32.673817,3.5284169
19.466816,-35.109398
-28.788858,-86.39555
-1.305256,3.199126
-29.137718,-82.939705
-81.64787,50.21402
-56.451405,74.527695
-8.731097,-100.14931
116.970276,-17.645601
75.79676,0.71413255
-9.818618,-40.714268
-81.38091,54.03306
21.369946,-24.368698
62.179058,67.87231
5.1282625,29.87062
22.572042,-0.9052399
-44.80392,13.898698
-104.10592,7.4557614
83.024376,-68.14904
3.6482856,9.808165
-73.56026,-13.89925
19.442453,-76.24061
-65.26224,31.8521
-10.073385,3.0049834
-103.92239,-16.957117
-6.973264,114.99856
-39.963173,-79.077126
14.068346,-52.343235
-24.267979,80.48596
5.0656734,98.73344
-27.204275,1.0782174
2.940061,78.29664
-62.99738,-56.28138
-54.34324,72.19615
-7.107367,32.24568
-82.16835,7.411971
-36.24663,58.431183
75.55543,-37.862556
-17.517088,-47.51213
-62.3135,79.228676
34.199787,10.560149
-12.24477,-56.097145
50.91447,-12.668318
104.99648,12.194043
-60.225544,97.11356
96.633606,-25.147633
-90.657814,-37.042133
10.1943035,4.0350204
39.3947,-88.46528
-42.61624,-46.932983
36.613697,66.93129
-28.634237,102.56248
117.69259,-16.055504
70.136894,72.074196
-21.881243,-69.98783
21.087423,97.69217
52.95384,-39.121693
48.367565,52.96003
-0.5080139,-22.924068
84.38713,54.10513
-34.59392,-18.428267
-33.660324,-106.68591
12.475013,-8.193005
-12.800849,-59.657646
-48.95458,34.473724
84.2125,3.8450835
74.50498,51.306263
-96.87575,19.016891
-107.70768,-16.998575
81.228004,-6.2725534
10.157864,-103.13394
35.966488,-91.42385
-3.9231186,-9.973363
82.5255,28.316612
-26.234293,-20.886389
73.245285,-23.556372
-34.331318,57.716873
-87.08002,-55.093952
111.78992,17.900507
-48.66296,-39.402493
-49.039654,56.939575
-86.60233,54.63235
13.735167,76.60344
7.943621,-74.80371
-47.786694,57.53236
-83.97292,32.733463
-20.949133,54.12396
55.055397,-13.08525
9.960388,20.148407
-106.23259,-16.743666
-30.012587,-84.723976
34.153748,75.34831
-31.482328,107.350395
27.497078,67.37975
-27.86994,107.51802
-37.497486,19.182856
-53.486023,-57.080063
58.31884,-29.615604
-72.74417,16.968716
-20.991375,-53.77921
33.61372,18.801365
46.360268,-102.129036
-44.639584,33.866737
-54.324833,86.76162
66.11546,72.08718
1.775659,49.176304
31.719847,-99.38415
-81.568344,-14.587392
2.8284621,-56.065254
-14.223006,-5.61747
-48.263515,-24.095198
-13.767897,-25.114277
-56.73506,93.7504
20.00015,90.96498
-38.10896,4.039638
84.35278,-69.268
32.827454,79.3203
-10.920134,90.64479
-109.367424,-21.302055
-49.72408,-95.40051
112.54726,15.012222
-3.0710974,68.89906
-27.268929,-80.25232
-12.892453,-4.2522597
-46.52834,24.304956
63.5284,-37.801342
38.758453,16.419376
-49.67498,-95.814476
79.8684,-68.8769
57.36464,5.4180036
-78.16549,-14.456352
-43.19606,50.82347
-3.2408488,-18.400991
-5.3362064,-116.07651
-59.625107,59.97284
86.81714,15.26239
-64.15292,81.95248
-82.842674,29.327972
39.08185,-1.1721277
-81.94963,49.722496
20.94943,9.639319
96.89223,-19.782234
-108.05334,-0.032716747
-24.285137,32.91152
-84.1733,47.36745
80.778206,-29.10541
56.276733,68.569756
-95.956276,35.96237
-4.60069,21.094532
-16.41121,-101.19594
-11.044617,105.99755
-43.365658,20.965893
-58.24168,79.18669
-30.878922,-97.74576
27.6256,43.652782
-45.997547,15.712488
19.423534,-90.36095
10.993291,-8.164414
-26.844166,16.937489
-27.134182,20.337267
9.340628,-21.36375
-49.416504,34.078114
11.95065,-76.177895
9.279944,23.502323
68.47938,70.73309
-111.42632,-2.4573581
-100.39415,8.066376
-97.056435,19.023315
-108.528435,12.721654
54.007423,30.580603
79.25962,-53.16373
-89.9296,-51.834843
-22.517347,-52.18009
22.621288,-0.90449655
50.684875,-12.850839
-61.099148,-55.616898
100.320564,10.163308
81.03393,-6.1740875
12.426249,20.083115
-34.87641,-18.181786
75.792854,-38.420155
-12.890853,90.67094
100.88513,-28.38567
-43.738453,-54.458576
-89.96395,-53.32365
-37.277584,-88.63008
25.206593,90.14116
-35.207043,76.01924
53.03156,15.079698
-107.73455,-0.80519444
-97.938934,-53.395584
-2.7980337,71.336334
68.340126,72.86918
-6.5347443,-67.67719
16.676144,109.99742
-105.79514,-33.62159
-42.970245,6.374511
4.210166,38.06505
36.89272,-54.287266
-37.31326,72.32353
2.1697423,-61.89293
97.445526,-53.87428
-18.608095,5.7679753
-58.299408,64.14857
-32.52356,2.1583965
-53.025043,70.44448
70.0916,39.672413
34.775276,-100.08602
77.577576,-20.886206
-107.56993,-16.939114
21.545834,50.584064
20.031712,91.367744
-17.776316,4.525312
20.927052,90.13327
-16.796452,-111.16441
39.29082,-45.067776
70.86879,-36.194843
-62.87127,95.05226
19.553259,80.612526
-40.941284,31.139425
-56.509632,72.911514
8.270912,67.60395
-79.58833,-44.46079
59.74062,-45.65365
26.166626,25.617582
26.809122,10.29032
97.29769,-53.451675
14.594417,-8.395727
48.31347,5.939275
-30.419952,39.003033
-67.08748,36.92991
72.8602,76.837685
-111.35053,0.20820825
71.12453,25.027828
29.256086,40.310146
102.049614,-9.984494
-46.68571,-95.84692
-78.678665,-36.899166
17.165375,-15.098414
20.995953,8.422726
23.019926,-7.4344153
-3.3143363,-74.7988
4.199787,-16.43508
51.578796,72.516426
-40.846638,-75.444534
5.282669,70.83821
-110.621475,-1.7572795
58.97247,84.22572
-14.882561,-73.19359
57.595394,16.250856
-47.12291,24.356953
-33.761864,98.09316
14.515659,-52.189793
-29.77228,-17.235212
-108.867165,32.10656
15.128402,-101.112236
-21.725,8.713689
-6.971419,34.711376
48.83675,85.98324
-39.999725,31.409317
-32.980812,4.2577653
20.618616,17.474407
-46.51848,49.511406
-57.81255,80.65924
37.479828,-113.99921
24.024767,77.14869
39.876278,-10.726509
81.009514,-51.583725
78.51969,-60.8053
-64.060905,-68.42587
-86.39112,-40.81142
-31.560982,-51.70696
52.692486,3.9667299
27.986238,23.0991
10.432246,-11.301628
-50.22263,-60.266907
-80.318855,-1.3166186
-49.914825,33.196198
8.975489,51.468872
61.474773,-40.215706
29.819855,39.649986
68.65934,25.117878
65.08635,-26.161121
-16.807707,49.72331
1.9975907,-59.311623
2.3664808,-109.94024
-6.3298435,72.92731
-6.0352564,-89.30399
29.33505,19.812359
-62.27417,-60.22784
69.8166,71.682755
23.726896,87.93481
-49.071526,-59.060158
-29.107376,-86.20251
-7.456801,32.49147
-10.5777855,-60.12925
13.003491,25.108624
6.4001594,-1.4032099
-100.60649,45.809235
16.543768,49.787655
-50.612328,-33.328888
-0.26851478,-24.666697
-33.696087,-11.152735
40.78523,-3.9841616
-81.00547,30.576824
-1.6331377,29.137474
-3.3166356,68.61884
69.68243,-9.519379
33.35764,-114.840485
-36.848934,35.620403
-45.365814,-7.3570833
13.531513,25.996086
-74.48447,13.415561
-3.6088226,67.40197
-103.84947,-6.1482906
45.464832,34.35145
78.8433,-73.585884
-61.570488,-16.453344
53.404705,41.73026
-101.94183,11.762566
-47.738033,106.55625
-47.030403,49.250916
-14.964233,-69.18645
14.665976,-20.113811
-97.94562,8.742908
74.92784,26.682398
-11.399946,-4.163464
-8.682022,-115.45153
-104.296616,-27.148592
-18.1543,-98.640495
-37.248985,98.13421
6.011113,-62.64297
-87.70852,37.567207
-64.72597,81.9725
2.5014625,42.839424
70.04481,47.78592
81.85228,53.496338
25.152187,54.65612
-31.607128,39.85251
71.626625,11.205448
19.912733,101.17793
-0.23914011,-24.164898
-7.4673448,103.77358
-8.301841,-111.886665
48.771828,-23.997166
105.226364,12.724874
-5.131583,-118.320854
-44.952297,15.566634
-7.4361663,32.503677
-72.98478,-3.4357765
67.74807,75.35713
15.411845,-100.40927
-49.151203,21.344576
70.96491,-9.863116
113.89564,16.753855
-35.908237,76.62893
-52.93055,-6.8953953
5.2094297,63.214954
-52.004387,-10.98492
-104.81469,-23.31751
-35.746494,-75.684494
-6.4022994,101.95262
68.17538,6.402445
-21.034557,54.32339
26.767838,23.329374
-4.671668,-55.92734
78.448235,-15.806915
-60.369823,-59.004498
-39.101112,32.43581
34.82187,2.270731
4.587908,30.06869
17.805239,72.00332
54.54141,59.884026
-32.566525,-106.66093
55.877663,-24.066017
13.137825,78.466064
76.94449,-2.483885
-5.6573157,-117.62761
102.531136,-50.72624
38.58684,10.532252
104.04846,9.614032
-6.0508575,-53.687355
34.472305,16.553883
-32.431408,20.274904
6.3023305,106.02952
56.228138,-9.758752
-93.85584,-52.48239
70.49523,11.425125
-94.92196,34.21435
38.94414,5.859565
23.497704,89.193504
29.763393,23.69349
-106.0214,-15.827669
-83.30068,53.724136
47.616795,-87.19938
-65.406555,12.143094
-22.243025,2.0310898
-23.702383,-82.03575
-106.77451,-28.971453
56.85674,88.62497
-34.026436,-12.395809
-1.3787512,-10.862542
-79.5794,51.358387
102.47262,13.58016
-103.24201,-9.481309
55.718834,80.2132
-85.6208,-54.74802
34.212902,20.535633
-18.802568,-50.154076
-37.77679,11.567835
9.799603,54.10622
4.2237535,100.76468
51.73387,15.608022
85.22975,19.148453
-48.457394,-24.187828
25.272015,-51.127346
87.944954,-68.41053
-65.33535,-28.41131
12.395935,20.093847
-9.661896,89.78503
4.9740486,74.50983
-42.824112,90.602005
-59.018394,64.60124
-70.39019,92.486885
-27.854807,2.8457322
47.304703,32.85576
-107.96626,36.479507
-53.384357,104.20395
4.1235876,51.102467
67.38752,7.1442094
26.335249,25.576765
-71.61391,31.170206
43.278614,-74.18741
54.02009,61.14923
93.56761,-10.298112
-37.15246,33.594067
-30.563892,-96.79471
-66.14734,-59.874763
102.05608,-9.992053
-91.71122,-54.213688
-54.99055,59.49092
99.191475,-26.727554
-102.3056,-27.651978
-46.90123,68.12875
55.971058,88.81739
-9.809486,90.83463
89.43336,37.413895
70.07252,10.202223
104.2873,-43.90247
-71.070145,14.476073
4.1701818,38.114567
-79.37286,6.830856
-0.65864927,-50.2676
-18.106472,-76.39686
54.833744,-10.646195
47.617023,-87.19908
104.22411,-28.153309
35.6942,-111.13705
-45.988014,-7.803697
-36.552986,115.32786
-33.89988,-33.469345
76.73511,52.56149
77.126686,-37.690163
-9.084134,1.1952088
-16.384224,-70.34399
3.9518344,36.374287
-20.479155,51.66518
-96.835396,-23.880692
39.50478,61.855972
47.125473,96.201645
72.98941,-0.9344075
-43.269203,-16.297184
19.689335,98.91209
-97.900635,-39.465275
50.981594,-105.7222
-0.5615188,69.80438
-102.53483,-10.652738
23.156769,46.641777
-80.0908,-30.361155
83.53075,-74.26737
-66.075935,92.78142
25.082981,78.68676
-60.81457,-69.80888
-77.2955,-41.272415
62.57216,-33.249413
2.5001326,11.796391
-13.685923,-73.47051
-0.5289124,-56.32595
39.4402,10.443953
98.08685,-21.618137
105.03871,17.79579
21.140017,10.088695
47.2884,82.23883
-0.4567379,69.614746
78.03009,47.271725
-61.714657,79.49972
-98.50303,41.975883
-110.8918,-18.680569
-56.28517,-46.899876
86.87463,14.888198
17.27668,-49.175735
-32.806484,-36.28947
-41.965958,8.548862
37.657352,-78.86121
-0.047796246,82.703766
-23.972738,-72.72664
-6.577571,2.03429
-17.743805,4.7704444
75.36597,39.889866
1.7733244,-2.7559094
23.541983,77.55421
31.540014,-112.367004
-2.5257952,-1.5180669
17.595325,-92.66215
-62.31894,-56.392166
-31.280516,-43.040035
-84.317,44.970634
-108.10934,34.195724
8.6936455,-54.534527
-17.154436,-77.823715
-9.505267,-69.758194
-41.33194,95.70271
-103.83199,40.222084
-72.410126,14.400392
-57.439392,70.140396
61.535034,-40.38519
-0.98594797,99.53565
6.263179,-33.567123
17.740522,-62.427567
-44.781178,-78.72764
-35.84266,-0.71417075
-59.389915,-54.200672
-8.249439,67.39914
-54.296543,-39.775433
-100.5987,-35.28136
-52.567806,-84.83093
11.31831,-110.80643
95.51039,-17.069105
70.51536,40.8484
-22.13104,68.55935
18.823202,-77.054146
17.519047,-23.655285
106.99479,-39.919647
7.920212,-90.74127
-8.484778,18.081089
-88.32399,2.9485466
28.435116,42.175777
58.93907,-101.17544
-60.77145,-36.44404
49.99902,11.382257
-56.82799,2.5762694
15.120852,-76.62975
-62.144558,-0.22408053
-0.33711377,-95.64474
-56.54285,-14.050948
-54.97039,-12.09862
-88.49073,-35.287163
-49.148792,21.344732
78.729164,-47.65045
-27.847551,117.64429
-48.315098,59.241528
3.7296295,44.716717
20.15086,100.1949
-37.858753,-77.44874
35.671135,78.41515
-0.508074,-22.923964
19.273844,50.303314
-44.45383,-19.016886
57.889534,-91.417
-45.15793,15.560608
-8.833083,89.6015
-94.12022,-21.89809
-33.948322,65.7947
24.456026,-38.65354
-21.565353,-75.43903
59.979816,36.965546
39.47636,-7.359829
-9.13474,-0.9477637
53.74136,-45.07159
29.18338,72.25008
-64.92245,11.683407
-105.32469,37.18641
64.05032,72.94066
-51.300316,-39.380966
12.335045,24.433847
46.42742,19.852808
-40.04974,115.322914
104.16201,-23.30171
-0.74578166,-56.631416
14.337447,-88.03322
-44.070385,-17.337526
-47.18859,104.43512
-56.50836,-1.2005143
118.01151,-14.304807
-27.607155,-79.98041
1.4391376,0.32733604
-20.968443,9.047589
16.144398,-62.316025
110.48476,-33.206802
3.5187163,-70.364815
-59.353584,-49.741043
-80.51929,42.38804
35.14383,19.679842
30.615078,74.45818
57.65429,-62.36104
-66.97191,37.298405
96.44797,-61.186348
-30.224884,24.913092
-39.602634,-82.426895
108.13754,-40.645767
70.0939,-64.82501
-30.06106,-84.70768
-23.89739,-16.188984
97.937645,-27.756622
67.54908,10.456791
7.154727,-7.5996857
-31.844976,-51.70249
-105.82917,-7.4391727
-60.46911,3.2775137
8.948399,42.234093
64.69957,82.70952
-105.00051,36.711464
61.564167,-22.216358
-48.931664,23.75315
4.0071206,33.387886
-64.57085,17.155993
51.224678,-85.99953
15.435691,-100.48769
-47.825424,67.40419
25.50426,-53.84841
-0.8327807,-70.826454
33.30697,-58.775295
-5.902391,55.091434
50.130737,-34.2686
58.523754,-10.991969
-27.393581,19.381083
-47.079033,-28.778278
-106.76987,32.244926
-2.052939,-2.259838
-10.471918,24.974909
20.751432,-1.7795564
32.862545,7.314022
-74.931755,41.363556
-79.667725,6.6962023
-64.11652,13.115975
-58.10265,83.494156
-42.400917,7.0393715
19.159388,-76.42138
-66.960434,28.412277
23.196182,86.50919
-10.057046,-35.00292
18.355335,43.227856
-87.420105,-45.641327
-80.34229,51.119938
44.213055,-70.88666
-13.001869,-71.35802
-35.966938,-0.4661095
40.49106,-14.8177805
65.295845,28.878967
40.025017,-14.038943
-84.13714,46.620903
-101.30918,40.729286
70.125694,39.72923
-59.35508,-49.74188
16.995857,-97.09097
-56.271244,72.68116
-51.952194,-27.28561
-47.48721,69.70012
-101.47518,40.920555
-61.26881,31.461334
104.29635,-12.149313
12.236004,2.1809812
-37.958916,97.22252
-47.299156,-97.98346
-61.39707,-22.841486
8.878856,6.730009
-45.960297,22.163252
52.490314,-81.85728
-5.447171,-115.91781
106.62608,9.735512
71.77979,26.22537
5.587736,29.317554
-48.417675,-28.376926
46.75948,57.55851
60.92333,-20.280994
32.93748,1.8686554
-0.22923525,-85.20887
-115.790146,1.3840464
-49.602768,-94.91196
44.552235,-26.776676
55.84276,-10.275999
85.779175,-69.230286
50.008854,-37.159424
-37.298492,72.680984
-106.46889,-7.1053576
-35.96046,-25.994892
26.455515,-60.6876
72.25262,6.8558035
-83.56772,52.237244
25.30245,-54.03933
-44.800743,-22.317379
52.692883,3.9666195
-5.429613,-85.61154
22.417004,-64.77471
31.064837,-91.84065
117.70576,-16.031462
24.59764,78.29798
40.088272,-5.1625066
-54.47882,72.66845
-26.829748,-15.58442
68.84147,8.664371
-91.13737,-12.043715
-39.174217,-31.703701
-57.38476,82.59874
3.7634573,13.831057
20.035559,17.678759
-38.378445,94.52901
-34.321407,-94.12625
14.798901,-51.811604
-101.87144,29.383987
65.67591,11.813194
-61.14124,-68.14263
-94.20264,-54.091278
39.46111,-79.543
-23.314232,-44.895576
-3.7118912,-93.59214
-105.59574,-6.2296433
-88.79957,-50.010036
-46.820507,-95.5116
-103.42214,4.3883853
-51.65222,-53.0252
-35.008114,-93.867134
-43.128925,-75.883354
36.85659,17.264364
14.22856,105.63312
2.021393,-64.463585
-83.97296,32.733456
-17.532597,-52.12035
113.997215,12.171813
3.3040507,112.17089
2.1217444,-89.60532
5.4711127,79.11922
83.26507,17.078156
-34.439503,71.92159
83.32646,4.2160993
34.955826,66.838425
7.1901054,12.500134
27.70689,42.108185
-56.869736,59.0729
54.955757,5.7986765
18.795403,-76.10964
-23.168285,-77.71293
-47.54382,53.26151
-51.338108,-56.830135
-10.425766,-102.33647
-30.563667,-50.801697
-47.30021,-97.98487
48.546436,-23.753168
56.01139,91.0172
9.243462,-7.077048
21.867788,83.4296
12.638167,20.425564
26.379164,25.674644
68.72052,70.29081
33.68049,35.11568
58.786083,-46.03674
85.257744,3.6822915
54.92599,5.721684
-13.027889,-46.20915
28.86497,22.161219
-4.5660815,109.46261
-36.818523,36.640568
-11.183966,-33.323147
-26.797764,80.62486
-65.57246,-64.397064
-50.999016,92.66796
-15.90343,-108.440636
-106.45491,37.21417
15.995376,-92.36745
51.231125,88.9621
-40.792004,22.952158
1.912764,-72.12004
2.6539862,52.35417
22.30944,-25.520025
32.574123,47.10703
-30.402943,-106.07828
-43.142776,-87.11522
-29.839811,71.46558
29.887218,39.57985
17.446533,-43.487343
-9.454647,-69.95409
60.473557,-23.990005
22.14269,82.72969
-33.67966,107.658195
-28.313128,-106.178116
6.436684,-32.46721
21.78414,51.334316
4.585363,-34.650684
-11.152412,-1.803847
79.76831,-51.737087
-30.122837,-84.841446
-59.94963,58.637886
-46.27712,-44.180134
110.47191,-33.238605
-13.849788,-101.166
15.744706,77.695946
15.112334,-62.276543
35.8582,79.03749
-2.0056112,-23.895054
108.62967,-42.01737
82.16716,53.963787
-27.869781,107.51816
-47.483387,69.673904
35.40146,-6.960833
-44.234566,-53.949085
-28.207548,-92.947685
103.28412,-46.7932
16.617916,73.91719
0.9926411,-86.62329
17.73852,72.16285
51.224678,-85.99953
-49.839542,33.30238
19.603697,-22.639818
-42.538803,81.52468
-46.421192,-6.6535974
79.95528,-44.3981
-55.091793,-12.277081
1.6401812,-104.585464
2.4211667,36.907726
-52.80525,88.98511
40.698486,-4.2916512
-60.40241,-71.15333
-24.101423,108.15942
12.013591,21.41537
-30.05016,-84.83001
13.633031,-75.83902
67.44453,41.68554
-32.65684,12.027693
-34.4589,118.842415
8.044968,-9.156077
103.40483,-42.399464
6.978975,17.602205
85.958374,15.564448
110.42684,-33.2891
38.198925,62.841553
-109.28163,9.899911
81.5487,-48.820282
9.198322,-106.8873
76.54976,50.260223
-51.005558,-34.1838
52.107635,-82.063324
-16.029491,-66.633606
67.817024,-21.067307
20.830667,33.836346
-38.02104,12.633655
-58.319153,79.039215
17.432053,-100.10412
-32.980827,4.2578244
17.62055,91.69897
-103.98786,-16.869463
69.52534,-21.468647
-89.1075,31.090496
-42.648914,22.19869
57.35949,5.6092954
38.962036,22.277515
-90.13953,-47.190845
-0.33344594,-95.92892
-3.2017243,-71.69239
-42.789814,-47.428284
18.671396,-16.752687
-64.313,-69.891235
-1.6306281,64.99828
-35.665333,75.71663
83.14928,-75.01028
49.681644,85.58516
-112.84649,10.60644
48.487988,-23.562634
16.955992,94.58312
-23.860992,81.03038
34.56747,8.394975
-8.911099,-119.69224
80.116486,-51.858685
43.5945,39.874985
59.956257,-8.980116
-34.44824,-28.89999
-57.94115,4.832509
40.127975,-79.08407
65.15655,-54.25967
-82.21825,30.115635
-72.73971,14.524408
57.829388,5.464671
48.62948,33.978966
-51.09947,-88.339455
-50.549835,90.20032
90.11632,43.112938
39.705265,-87.95
-57.6806,-36.182755
-5.751303,27.288464
-37.376045,8.054476
-23.892017,53.210197
45.896397,-36.844803
106.5759,-41.76491
84.27007,51.245396
-101.872,47.64474
-15.810519,65.25779
116.26898,11.587288
-44.71305,-48.964874
52.980137,42.53195
-15.173105,-69.171486
-36.56119,-32.79701
83.15139,-74.846535
-34.321354,-94.12626
-99.48324,12.580136
6.912974,15.05335
24.544676,89.17498
23.60192,-50.05722
-76.83154,-33.269527
-47.902798,66.24857
8.103315,8.129918
20.033527,-16.111301
44.484627,57.652702
-57.81479,-60.433407
-28.538542,-94.94624
-0.31783316,69.87585
-29.202267,-1.506112
-67.47887,-25.818945
8.6890335,67.40182
28.34551,41.942978
49.8301,-36.309483
17.158113,-97.44657
24.862505,-19.161316
-32.13477,-17.1368
-47.856724,109.93295
14.903592,14.270976
18.45952,40.484203
-58.42982,65.17474
19.572641,-16.383873
-23.99641,-16.441095
-48.122097,110.06073
54.096344,-35.15131
-24.858852,-20.643303
44.542652,-26.788578
-23.13821,29.532085
-0.86994714,64.90747
1.105531,-96.915855
0.11184469,82.5011
-20.752031,51.84246
-35.24264,-74.63231
56.317886,89.7953
-33.968628,-94.97628
-41.02297,30.791252
18.226244,-33.811886
71.36354,76.73695
-35.00844,-92.805405
97.76805,-21.254889
19.24604,-76.22716
3.5940704,90.54206
-68.99191,-8.970141
4.7199435,31.427885
2.398037,91.49692
55.080597,-56.596043
-15.971454,65.94265
84.392426,11.67563
63.99562,-24.649187
41.411804,-69.64864
-36.8926,-75.83731
-16.173235,-107.84757
-36.31929,-111.95979
-22.487602,-0.2958965
14.804852,15.535779
-6.376256,-54.951797
-24.00388,-17.84054
-7.1008997,34.286213
-50.228657,-30.096184
19.768564,90.42167
-52.481865,-25.36209
54.606476,-87.006676
-34.31823,118.77323
10.312219,-87.63921
-40.919678,4.4504876
33.32808,50.160355
-12.705568,77.35849
-34.335682,102.71724
-62.073338,-10.651605
-12.173836,80.74189
15.7317295,112.890274
-109.13214,-21.231562
-19.332207,-43.438656
-30.547321,97.17776
80.749916,-51.77168
-56.489346,-45.169773
-44.905994,80.28586
22.041998,84.882706
10.723538,69.636
-63.236584,-25.889261
-40.656204,-75.54701
-4.7953906,57.08372
-28.480097,-94.68477
38.424385,16.71641
78.81035,0.8375914
-0.274721,-24.769943
-53.034927,-52.162678
-99.29658,-3.4071527
12.382109,-79.617836
-7.0661354,24.570642
-0.3381184,-104.40117
5.0834694,-14.422243
-79.517555,51.27171
58.434303,-59.586193
3.0037713,-15.229961
-41.869953,54.31031
-44.4564,-19.09788
-20.551336,-70.23307
-56.31476,74.55534
-47.543922,53.261654
8.830817,-54.936134
17.276772,-97.94887
-5.6338673,-3.3664117
99.92585,-3.1824107
109.89822,11.571762
-38.244507,72.68185
49.16689,-24.52725
-57.68096,-36.18298
-12.407347,-25.265461
14.878858,-8.140106
2.9810164,-15.551831
-59.408043,-70.34022
13.952199,26.877752
72.82189,37.658348
-55.929657,86.55782
3.771155,62.652905
-43.03617,6.2712975
-22.862196,-48.695908
-17.043734,44.108868
60.29709,-9.034778
-31.918468,-105.816284
-58.97295,-58.62248
-28.411695,-82.1311
-108.57151,32.375114
22.69651,8.776931
-51.12832,-36.569042
22.52827,87.182884
64.98397,83.427284
58.119858,5.69308
-45.983154,34.885666
39.850445,-103.99923
-15.418293,-104.12155
-97.52117,-39.41489
57.502796,5.7213554
-112.40006,10.408692
-12.5194235,-71.48495
39.015514,16.186743
-0.35474655,27.757158
51.96001,-83.18316
94.24785,-12.55706
29.820206,39.644333
51.520634,-85.93273
-51.687225,48.856075
-43.222317,6.1614637
51.52098,-85.93292
-50.082928,-36.7272
57.04427,92.86261
26.233315,-20.909903
-106.33591,-29.230026
-1.5572903,-1.3017141
6.332798,95.38778
-40.847324,114.14873
19.51969,98.750046
-30.210238,-106.118324
17.684227,-15.575325
-10.624678,-55.86557
-3.4352913,-18.189226
8.424074,-75.102974
-80.03844,0.21128596
23.593258,-4.99866
13.208276,-45.786064
105.737465,9.275049
110.02225,17.159178
-41.89586,-87.005104
-65.35855,-52.062595
105.991165,18.009186
-79.46495,29.238226
39.762524,65.805885
71.87326,31.169554
112.41357,12.978515
-32.380577,40.36036
-36.12625,63.529465
-32.10041,60.91256
-31.943144,39.983635
-17.650417,-37.517727
2.0235589,-16.642076
-39.944508,-94.015495
7.000951,34.794994
-48.662766,-39.402607
34.323364,-52.803368
-35.033825,-106.0719
-23.332092,-79.18024
39.109222,-1.1180334
20.20782,-50.755497
-51.035698,89.03941
-46.75757,-93.4413
-0.7145262,-50.45318
81.5587,-4.015455
75.17071,27.056166
-67.75718,-55.586147
60.316692,-6.23901
-53.409935,-90.79128
57.41922,-38.274654
8.1822605,-9.100238
16.108671,74.71297
-25.472847,110.01406
-2.8542929,59.225674
72.07427,77.92895
3.1518927,71.51092
37.051624,-50.77955
20.370886,9.02863
24.456026,-38.65354
54.00357,-25.475729
-46.923275,-35.07916
57.64716,58.89875
56.118202,-22.786491
-35.56285,-16.189325
-48.30101,-39.404423
42.187923,5.6820946
19.461864,-76.31634
16.605536,4.681108
-36.25128,64.39692
-91.18734,44.687195
-45.050613,-5.6692095
-79.12145,50.772
40.41505,39.374348
99.33356,-30.691526
-108.577774,-20.77335
71.66834,10.743745
-71.84692,32.449722
-101.82386,45.799057
37.287933,75.51181
71.173454,-9.510832
-87.107315,16.291569
61.558937,-21.768305
77.26645,14.5209
-65.29549,32.30239
-104.06878,-9.279563
99.328705,-30.690063
6.0430636,-33.051674
-9.796507,-69.16068
-81.21364,36.15121
-84.98334,47.92242
-24.893803,23.728981
-17.879175,9.388183
-4.1461287,-72.77109
-90.86562,-29.521778
-52.511654,-93.00195
52.532814,56.72099
-24.876781,31.294376
-54.83288,-61.12218
3.1180198,10.198506
-0.6735179,-16.29821
-64.83143,-66.53588
-36.54817,34.046986
92.51769,-22.69472
-1.7270132,-5.7274113
56.79204,69.600006
-26.884924,84.67536
-57.233948,-36.081894
25.462276,-7.144686
-59.859016,-49.38915
-37.112858,33.507915
-27.490107,-53.461086
30.560366,7.511961
50.250603,-34.232994
-111.63554,-18.505356
1.3844317,42.80476
86.92715,2.0835307
52.185547,-82.58619
-37.765266,81.69608
-62.844803,36.69555
70.98742,83.78608
34.868664,-91.109604
17.771685,92.364876
14.025803,27.106396
-51.977047,-87.884254
17.997547,51.166836
-87.47324,-46.903564
-43.86383,-16.808323
-13.563372,22.532763
-25.036043,-82.75758
-82.64525,29.574324
-24.596191,46.52872
37.022587,-52.913227
14.315038,-76.8243
23.020334,-7.4344378
-25.492609,31.759361
16.94406,50.67531
-22.000856,53.907406
-100.99705,-12.014545
12.586279,14.309036
-60.55775,-39.498123
111.74714,-23.082083
-106.09184,-9.003403
-32.12179,-28.990494
71.4908,7.5073376
-72.386536,-0.3366695
20.372004,30.872576
78.03751,-70.89743
-24.85277,2.1723056
-45.536205,50.84293
52.123123,-83.65093
-3.8860981,-35.690044
-85.448616,56.70298
10.408721,-103.109825
-108.08726,32.55149
-10.720724,-40.516487
18.416698,-18.95901
111.68804,-25.835585
25.683697,24.606401
11.326666,-79.94792
-12.250798,-56.104843
-113.41376,-16.65928
-36.49017,33.959183
-24.78937,79.779106
6.5360084,14.118834
111.830315,-22.987707
-43.733303,-16.613743
-7.0955954,34.290264
-65.58914,9.612045
24.182377,88.739525
-3.4744642,-86.90018
-24.601713,30.360916
-87.87705,-46.246128
-46.341824,23.439123
66.48331,29.763544
50.250267,-41.723625
-50.434414,-30.283476
-10.149151,-68.070946
8.1436205,64.573265
33.82304,-112.352554
-103.33442,-10.394698
-0.40247408,-47.42984
-22.324678,-0.41404155
-53.41365,-90.79032
3.151985,71.51087
-102.96482,-10.803584
23.990952,77.13959
60.04777,-9.030787
54.75945,75.72637
-13.866006,-98.404366
-27.975864,17.758074
-93.772736,32.350647
-89.88357,54.548042
-34.834606,-13.381868
57.887177,-62.349655
46.209965,-102.6281
-80.15707,44.94915
-106.629036,-7.516751
96.953094,-19.702408
-54.945263,-40.68872
5.7941146,-2.9191434
2.0705893,30.784515
-48.29476,-98.40963
-35.70028,6.7489014
-12.859059,-121.52198
-0.1521899,62.960064
-11.010479,78.41341
-11.4613695,92.202
-38.079014,18.10446
18.273745,-92.31742
60.35481,-6.248386
50.12272,11.883445
1.2342726,-71.64698
-100.5656,12.619446
22.09381,-6.6427
-60.97548,35.612713
-65.806,29.794317
-64.93534,81.81876
-18.41344,-71.00784
15.432137,-100.49372
-44.80073,-22.317148
-33.72132,-100.27866
-29.802698,65.53717
-14.534421,-47.91836
-56.632893,-14.161079
-100.42064,31.042501
-16.27003,-21.05795
34.868187,-91.10956
-37.758316,108.568985
-109.71687,-1.8043921
-41.200188,-57.911484
112.786224,11.511309
66.22077,8.438051
-12.817451,11.708129
85.08688,-30.533594
23.231441,-83.386566
-25.927794,-53.040108
-72.17647,14.986749
57.274776,19.998863
-30.91981,-14.42876
-29.401516,19.370033
54.108467,39.26458
96.87669,12.272632
116.638435,12.429934
-8.681883,-115.451584
-90.000404,-52.081184
71.375336,24.873028
21.246103,0.8046971
-106.47132,-7.103607
22.843979,-49.862507
-59.07676,97.25371
-78.90364,14.156021
-26.940634,-83.8129
40.025387,-14.038871
-51.614998,-28.375896
38.90161,62.393303
53.448574,18.158005
-46.295616,114.67838
-96.541534,29.142933
41.225746,-12.213518
-38.00109,9.624276
17.499048,72.56696
11.344647,-88.35308
-79.12196,50.772243
56.430466,91.21475
-13.460649,-115.822
-29.121708,113.935486
65.38934,84.13273
13.663945,25.87091
101.803665,13.40214
110.92609,-14.486274
66.87563,-7.1876464
-60.714558,64.86165
-53.08406,105.88045
66.53819,-45.71957
-100.27391,45.894447
11.10903,-110.795204
77.77731,-4.5585966
-40.872215,32.554447
69.85397,-9.533617
67.01113,28.631283
-30.44955,-44.393456
103.965996,-42.700237
-86.477394,32.55799
111.69549,-21.70851
-42.456284,-78.40583
-27.743732,-106.21792
2.0487292,30.853842
-15.270176,-69.39821
4.1256227,66.084564
-78.27049,31.160946
116.45342,11.719563
99.33356,-30.691526
0.612115,30.868114
89.34643,-67.197174
102.21595,6.9152927
-6.9912486,-18.1082
1.1882383,-83.624054
10.520718,-80.53841
-17.360268,-51.0097
15.519307,70.39613
18.26159,74.76426
-25.195028,108.042046
-45.879025,20.772142
32.32369,17.834684
71.69896,2.590429
38.225567,-46.935753
103.221924,-46.79253
46.328396,-84.88647
50.82135,58.830578
-10.319608,19.163881
-61.006466,80.61388
59.49012,64.48911
-36.791595,-104.07693
82.08919,-4.4766717
-6.585678,92.09981
106.91233,-13.53937
-26.150993,112.21438
79.41833,-73.20848
-50.36494,-25.957443
-23.874968,33.107155
-50.976727,89.153336
27.50903,93.54406
-0.7316009,82.962875
-103.247246,-8.925824
-44.071346,-53.78473
-25.027348,-28.871462
56.293198,-22.447191
-48.803326,110.97233
-103.15509,-25.951159
18.064318,92.02599
-34.84863,-28.986427
101.64676,-27.27979
82.87189,-49.461163
10.833107,77.33828
101.697365,14.811514
30.446,-51.77571
27.302063,-57.34431
113.656784,17.119287
49.98666,91.88774
77.26277,-1.6351395
-29.580776,-17.164364
113.854546,17.32078
-5.322949,-67.749954
-46.461563,55.03467
-82.55109,-41.008507
-22.116327,68.535904
6.6504245,14.738517
30.106638,-33.068108
1.1150365,-96.90326
-103.60746,-6.1190033
-44.575478,-76.15559
51.614834,-105.80705
14.026314,-51.59933
-30.237202,4.047984
-4.728042,79.92165
-33.573803,-13.056157
39.345253,-6.296022
-51.046238,68.1873
37.29546,-58.287285
-21.4463,-49.322662
56.14347,91.08882
-0.6520483,-85.955505
29.67083,-101.398575
-95.84737,-10.939435
57.64156,16.213366
-16.119675,6.3830757
-11.148184,77.65913
12.833212,-91.66457
-13.054901,-0.4090234
-10.477722,79.5478
104.1652,9.345671
81.44929,42.177467
-9.258515,-101.40773
6.7750545,104.039215
35.85708,-101.211296
4.199787,-16.43508
-53.085,105.87942
-6.896849,115.41726
-20.139265,-48.236687
-88.73869,31.105087
51.08119,13.550432
-0.82476586,-61.456684
92.52667,-22.684889
100.00138,13.03647
68.17971,12.566758
4.225129,-24.576445
-81.72541,52.072575
-42.107704,82.22617
58.303432,-29.481646
-39.67911,22.955696
91.15816,41.590183
-37.677326,18.579891
49.95779,-106.54945
60.064365,-14.473619
-72.53259,-13.097784
-44.889427,-81.512054
73.31809,-72.770256
-88.53242,56.544823
-62.261284,65.930214
8.226877,64.51307
23.314606,-17.567137
-18.169542,-98.84899
-7.9863467,78.56864
-47.869644,-95.2811
-2.057619,4.1391644
-71.17906,37.95461
6.9119353,104.51423
-27.112371,-53.37007
110.2843,-33.882607
-49.655617,-35.309628
-113.57026,-16.642303
43.031105,73.73616
-10.798402,2.236213
56.514065,-40.329792
-47.015965,54.938057
24.54082,89.18185
61.770008,-22.021069
-36.26058,-23.587013
26.235586,7.3040147
-13.413313,93.457954
61.224957,-36.997753
-35.70737,-15.068874
111.52174,-21.745148
105.04591,17.790522
17.4438,-92.708626
10.684549,-112.714134
-103.28547,-27.114292
-86.55915,49.628384
-4.783494,69.191925
-46.967896,22.130363
-4.2772884,68.57223
4.959758,-62.771744
39.76259,-54.351017
24.064093,-20.57484
52.186092,-83.82461
12.127913,2.0780413
82.08842,-3.957731
-36.9117,35.657043
50.02476,-43.64178
-1.4514296,-61.58468
67.65573,27.359962
111.233154,-7.506117
12.546181,22.471905
-28.64995,102.74583
-44.887302,-17.001257
69.54104,-21.481407
4.731858,-14.011613
103.15961,7.505085
-16.811789,-29.161226
-42.43285,111.32272
-55.843678,-60.536472
16.791418,36.531845
-22.830896,79.15793
2.7326276,-110.10243
-88.532074,56.54439
34.40331,-81.68417
61.49247,-21.50327
1.4246542,33.179
-65.53966,-67.80139
-44.945522,-22.267843
8.941555,-90.61924
51.717854,-12.39859
4.0959773,9.1078
-35.568375,-26.991476
40.619133,-54.3545
33.14412,1.6364394
-8.220512,-111.24536
-92.88502,-7.7486224
35.687084,-17.911846
-2.6252651,31.03053
-19.084578,10.5163
4.032989,9.575272
69.004906,-9.489164
49.808033,-35.945282
-35.297222,101.66695
-47.23606,-39.47763
91.72448,38.60698
21.84288,-19.240417
-42.609085,81.27717
-28.101244,-21.016539
2.6550097,52.355568
-80.39138,51.37612
-5.391941,106.86487
54.97074,-35.721657
-44.132893,-51.26545
-23.91031,53.40371
-14.227667,-5.5966
-92.578026,-16.140467
-35.338997,9.618693
64.68617,-7.4115324
10.364958,-43.974487
-28.016489,-0.46792763
-46.66225,-74.87308
91.64936,-26.21936
-64.64027,3.9019575
-32.651283,-98.78093
4.7088146,-77.750244
-69.319336,-10.168858
-38.25742,72.67719
6.325292,-50.58027
-3.3300962,66.5279
-41.76966,-57.95565
80.56065,50.29936
-37.776665,7.0687666
-67.665924,34.038807
6.2265463,33.104263
-56.275837,73.11187
-57.11729,92.85474
-54.52515,-88.53251
55.904007,-96.83658
39.52552,66.20398
2.318711,11.967917
-66.39233,37.70495
48.50865,52.52437
18.225958,-60.535645
-35.221375,-105.71496
10.449253,53.685127
-15.002416,34.539783
-44.071346,-53.78473
-30.414059,107.983215
-75.41488,40.79979
-10.048781,3.0580268
-24.019909,-17.440397
-99.24536,2.8125088
117.47325,-13.343949
70.30912,47.048653
107.44698,-19.08635
-13.826144,-42.243195
-102.72433,-18.256666
-32.764187,38.74657
23.536572,-5.0125155
117.4399,-16.527592
4.777533,-64.5982
-33.77552,-75.18617
-41.313065,94.04576
16.90683,50.6174
4.7919116,-13.822917
20.617144,17.476448
64.64501,-49.538837
-8.139285,-9.723106
41.420437,-12.233556
76.94388,-2.4838626
64.73567,6.2720914
-2.643887,-10.360293
98.9881,-30.093859
-53.83172,-34.60026
-27.876232,-84.58544
-34.154457,-10.35579
-34.871506,-17.159199
-24.862175,-20.632463
-73.833084,17.193531
67.9613,-9.5781
101.231476,17.890375
27.562933,43.8736
111.514854,-21.741268
-25.402822,31.809422
-59.77196,56.142666
-5.463704,55.056023
21.242027,95.188156
100.523056,-3.151293
-36.47386,37.096455
-51.99918,-10.984233
47.402233,-38.197983
16.35677,112.76989
34.133324,-108.34134
81.15093,5.674113
35.269104,37.218792
83.07881,-61.07815
-22.854628,0.9824101
-16.414131,50.603893
-85.747185,-24.705444
-9.077661,-35.298435
-63.577576,90.41661
-110.64452,10.71471
20.021452,-85.6067
-6.8293285,-54.138367
-62.63293,-56.354275
-49.43787,72.02881
-34.568836,10.668693
-33.338947,-71.88544
47.250195,-38.12785
-38.20754,-34.834053
10.515878,-80.55485
-33.53291,65.63439
-18.639343,-48.593807
-49.020058,-78.5438
25.017584,-20.462467
-61.89155,-10.487716
54.208344,92.7582
5.3826094,-14.00165
68.347,41.867954
34.188778,9.748934
58.001846,-91.37624
38.240273,22.519499
-52.21089,-11.304434
-63.254158,-39.72602
-32.529625,2.2879746
-20.967321,-37.324142
-60.225605,97.113716
118.11715,-13.998109
49.793907,-36.135082
34.66335,75.73577
-78.85881,43.55383
101.91057,-27.455025
-81.77426,-38.583237
-2.4433064,19.1827
-38.099747,98.67117
-101.660286,41.083847
-47.786736,57.532375
-23.815802,-20.711143
39.570198,-86.95934
66.17737,29.513493
-91.06135,44.683506
-4.73318,114.19824
-40.230705,51.54484
55.207676,-94.663
79.862144,40.19234
56.020412,-55.767036
-35.630085,-14.697855
-43.016922,5.1018953
-90.57236,-48.0592
-25.113533,-28.73777
17.77378,-50.76147
53.648273,60.02866
2.8663797,35.195934
13.729588,25.949944
-3.0547452,-18.447428
40.41199,-12.552302
8.619655,-17.641005
105.19895,-10.327492
-32.010483,-16.524616
-34.42005,71.94859
-17.7299,4.3507977
-71.1339,33.465908
54.27741,-26.170746
41.496975,-5.79046
64.98397,83.427284
99.62182,12.582639
55.203667,5.57198
48.83455,-28.433653
-101.56151,7.7298446
-10.498794,44.835255
-46.01776,22.046877
-12.930704,-73.38805
7.0846195,-23.97983
9.721177,-5.616836
98.441414,-26.55069
34.91008,75.80253
15.94054,-99.103226
1.5649246,27.807302
67.84773,27.285234
54.75732,-10.950757
56.30777,89.205315
31.13693,-111.61039
64.28686,-62.565228
17.0352,113.86127
45.285152,-76.28381
-26.6106,-52.843143
39.87817,-10.733425
-13.278935,70.65889
-34.426964,-24.242758
-48.281807,-24.158062
8.68894,9.949097
80.62745,-4.9210534
-23.902073,-16.200975
-52.693737,-2.4265995
-8.1903105,68.42613
-107.80515,-27.49461
-99.405655,43.095474
108.645515,-9.985307
17.846004,50.961464
-112.041985,10.512883
-80.01683,-0.39192414
-56.49057,59.315266
-18.58604,-45.078163
-113.17558,-0.26315835
-9.796431,-69.160934
13.3022175,-51.182987
-112.57915,10.497239
-96.61104,29.14599
82.366394,4.5303016
-46.475014,-54.474564
-37.112682,-112.33455
-27.71619,-81.275925
43.087143,-75.27101
81.95914,-26.959988
-47.24198,24.108303
-35.0021,10.016299
-8.922294,-35.211784
-47.22582,-39.491547
-101.546295,10.882795
5.8160186,64.08367
-79.56495,15.0254135
-94.02938,-51.726555
19.387331,80.414185
22.205954,-62.003414
0.25548884,-85.42047
-24.564657,46.29916
-80.30423,43.102604
-108.27693,9.999003
12.586364,14.309029
3.985394,26.97573
-17.709543,9.148455
-107.96626,36.479507
66.98263,42.096542
-37.384262,31.622408
-100.606514,45.80916
-84.87122,45.252296
-61.87495,1.2338017
67.58999,4.5099783
79.8743,-0.8356788
-89.08404,11.932637
71.45898,5.631141
-88.74577,-35.783863
-3.3948562,102.259895
-45.75941,-22.348015
14.53443,112.524216
72.981125,74.48141
66.1704,5.4931965
-55.360695,-87.13978
12.372969,38.39566
-47.826275,-59.686462
-3.5372152,69.78512
-29.369593,-93.44654
17.600443,-39.158623
16.018984,77.75282
-7.845696,91.079765
-106.20535,-8.983341
68.09149,10.287215
57.497063,-62.28806
-81.113266,-14.633715
69.712135,80.25109
17.61547,91.038925
-1.2273538,82.93086
-7.786663,90.16132
82.21991,54.29074
-57.885067,82.68291
55.54063,-90.29759
63.05665,-64.57251
-97.096214,41.184063
46.32301,-81.91561
101.0172,-9.141732
-16.75635,49.82271
84.164154,13.272866
-42.906384,20.804296
-41.552986,94.7163
-2.7870994,100.659035
-56.62107,59.377327
12.093984,-22.55529
-22.876856,56.20248
-106.62126,-7.5282483
-47.953182,106.92542
-46.06169,-7.8623443
-95.76763,35.943058
-5.753872,-17.301075
-33.04493,-13.078457
-31.167393,-50.614788
34.81531,-91.7513
18.45653,40.492653
-9.815173,-119.721085
-45.98812,-7.8036904
19.610254,4.086934
53.84425,17.72387
-94.46116,50.13976
64.01651,23.468706
54.208344,92.7582
-34.881065,-13.389442
-38.965195,81.52609
-14.709198,-46.25228
69.539856,-35.961178
7.726103,10.071449
3.5498576,-24.484894
13.272116,102.67498
62.567204,-33.250965
-49.46496,116.044075
-38.22103,-34.820683
11.913295,21.288668
-16.378845,-25.107737
59.38966,-54.62582
-36.85298,-88.45616
-3.5539744,-6.3676176
3.9225118,44.46188
-34.025963,-78.32403
-50.909885,72.633896
41.31767,-5.6266046
41.99451,5.0623207
-37.512123,-88.544556
-27.112371,-53.37007
-72.73096,35.85708
-92.58981,37.11761
83.72298,17.16237
-6.73729,114.45153
-21.546007,-30.238335
79.19572,-24.0329
-6.200015,112.8636
-35.68189,-15.615021
-51.816357,-39.081863
-107.45882,-24.011387
60.73476,-5.5964794
-59.480698,32.71027
-32.538773,-107.74635
-74.983574,41.612972
-43.300724,83.110634
99.92121,13.37253
44.697025,-72.986534
64.05026,72.940346
-78.370476,37.57686
-92.21001,52.815605
-1.5561807,-5.2235985
-9.707734,-38.167187
-0.30187553,-75.04279
27.791342,15.800744
15.830277,25.954113
51.33429,-44.24816
-48.09644,104.23523
85.78269,40.3354
-110.018105,-20.944735
6.884354,-32.23153
-21.034557,54.32339
-48.854,68.42396
78.75934,-1.2450213
12.179512,21.983871
-56.48727,74.52195
-51.373234,72.68394
-7.472653,32.430466
-55.2088,50.421932
0.21016125,-88.220985
55.603664,70.47934
-6.585506,26.314798
-88.01482,-48.712795
-27.688099,-1.7062038
35.393364,2.9102
-56.279457,73.31668
36.592335,37.34718
89.093864,37.003998
38.196377,62.26499
32.02003,18.16024
-102.482086,10.146001
-28.86537,-106.06415
-32.363777,-106.750755
-65.9168,14.73488
98.64045,-26.675055
-63.91637,-14.475361
-86.15412,37.4321
-66.074974,92.78156
-20.565584,-80.66385
-46.802555,73.798805
-17.59878,-110.947525
1.2004914,-93.64676
101.40148,-7.766147
-68.02235,32.565235
34.583256,48.91554
-1.4825078,28.212982
-3.8518555,-5.4083443
-94.12022,-21.89809
79.58171,-73.52863
68.09945,7.250417
-13.602557,64.67145
56.328148,81.706505
67.270164,13.242894
84.37943,54.473072
-59.29577,55.365677
101.17482,-29.533821
-24.140133,-16.136908
3.1547565,3.5511615
-79.6286,4.304196
69.99652,9.595918
85.957726,-1.0561538
-76.873055,-10.234195
-58.046917,54.86379
2.4489725,12.238613
-34.851585,-76.325554
34.5462,68.75593
17.715893,73.93571
60.228165,-36.455498
-7.697084,-9.339509
-40.504204,31.321924
-99.27846,-10.439178
10.41288,-106.826675
-50.911594,52.913513
36.94866,72.862434
-36.346306,0.77831036
109.05242,-3.680375
-86.388954,-23.813614
-63.752075,5.882745
82.54939,4.3044133
2.8117454,90.22878
-47.11075,-75.83389
-36.77246,-103.80584
-10.534678,-40.84163
-100.5656,12.619446
100.95782,-53.54349
3.6499035,-19.307323
-50.209373,-28.181017
-9.300979,48.319424
-9.852237,-69.011444
-44.300682,-86.218704
-49.343746,23.365664
2.959175,108.58426
34.03356,-78.77269
-46.487278,-54.77556
30.716333,73.07556
-63.134705,-25.836134
-66.888054,29.57049
-59.122288,64.827515
-49.00854,47.63296
-99.49932,1.985075
-34.062145,-94.12175
-70.05368,39.035614
55.618774,80.281525
-66.672806,38.71519
105.21809,12.717722
69.99652,9.595918
-12.294539,-4.1272836
-6.3009763,71.91905
54.061806,-25.046638
-18.042513,42.251602
-46.866486,22.21788
-29.7417,-24.563276
-34.184116,119.31347
9.655646,-94.42648
-30.74853,-13.106737
-18.913967,4.0028267
58.81843,-102.10615
3.76379,-20.302504
16.575813,48.776794
-91.61186,-12.198377
63.5129,22.46001
31.29401,-114.351326
-5.114519,-89.268974
-64.9406,11.687591
-87.15312,-6.1902676
34.78592,-100.94129
-81.846405,7.103992
73.451324,2.0413246
-48.08314,57.106194
-25.482386,-39.580204
-35.457047,-26.881533
2.2072825,-109.346146
-35.616722,-31.634344
-37.485043,33.536964
32.29397,48.61775
-36.239353,37.10644
35.726658,-94.23759
-68.305954,-56.550068
-77.23053,39.337902
-35.339134,9.618726
-20.10806,-70.146645
-9.347914,-119.75301
24.68113,8.314916
23.433157,0.6459436
13.07698,112.82086
-39.41247,112.17312
-59.2082,55.492203
25.006887,-37.636215
-100.40895,10.386711
14.830674,-20.818264
68.27756,9.802838
-76.041885,-14.834162
-3.8956702,114.38661
7.6100006,-6.4431033
-47.609398,-82.06782
35.207302,-111.14639
-13.224722,22.423174
-32.458942,-98.55452
-23.168285,-77.71293
-18.803886,-42.571926
51.629585,-40.576797
29.505028,40.00932
38.423885,21.323145
7.499598,12.808945
10.250615,-8.500786
-63.050236,-25.821533
6.904754,-20.465078
-6.0655584,-116.273315
13.369264,-53.079994
-49.102955,108.464775
83.84404,50.821873
15.363835,74.59643
16.19024,-99.57215
-23.331942,-79.18097
-66.19894,-49.56411
-6.44271,1.8961836
48.081745,58.526375
82.69129,-76.45386
-34.266582,-78.183105
109.310295,-42.23537
-37.0473,22.324114
-7.049003,-54.600662
-31.411007,80.64079
-107.959564,-6.739445
-5.596959,-117.8983
13.152353,75.03784
12.397454,73.97063
35.687088,-17.912233
85.28602,-29.964243
-27.298542,18.511683
-43.73562,-42.476864
-28.49836,-94.93445
-18.03186,33.031384
-74.9179,17.884935
25.988464,-9.93901
-24.890955,-55.18879
-13.8009615,-117.03982
-104.41327,-24.089724
-12.143617,-122.17722
-45.394096,-7.3676667
48.142864,-23.143347
34.688545,75.702484
-21.236214,-72.02781
68.710434,0.011373164
-56.816517,56.089554
86.455086,39.765255
-31.397219,60.348938
-8.259452,-1.1386281
1.052729,99.03523
35.75792,37.14343
-102.01733,-11.292468
16.474205,-99.53233
23.189709,86.5132
6.887207,-24.382694
8.608784,-52.48201
10.392296,-36.33978
57.5159,43.463596
54.3221,-35.273796
83.26875,-4.6761045
88.975426,-49.776142
88.87016,-49.799934
-11.672345,22.092333
-24.72937,30.770273
-59.070915,-48.601814
-20.475674,-80.83359
39.12347,66.38717
-0.61124206,-48.068172
34.939877,-90.98484
-12.824177,-0.21781272
-34.268154,-109.873795
-65.29191,-60.354645
-29.79715,24.458342
-34.59706,-80.8037
69.47937,-35.94
-36.122158,18.176823
-37.89474,22.238369
-62.630836,-56.353558
85.29384,19.326447
-36.59871,-106.35642
-44.727745,-16.799234
-31.94385,-12.974148
-45.786423,11.823324
21.252668,89.319824
18.756512,2.767942
-42.76127,35.11251
4.7076697,1.6233541
-38.814888,-105.94319
-1.8227267,68.287575
58.300133,-29.482145
-12.073767,-1.5766546
-102.08984,36.97231
-50.478634,91.383835
-55.030247,-13.499285
-2.9475405,20.189236
-10.315606,90.9537
-29.423016,-29.580687
-97.9628,30.580095
-55.083813,87.087265
9.175003,-87.08282
-5.4957767,51.27057
40.6387,-93.03442
-35.897644,-112.11816
102.15701,15.893307
61.684517,-28.72037
9.85673,20.097265
49.164017,-24.460987
35.66195,80.18349
-59.43751,65.01448
-68.986084,30.53162
19.015196,-86.757515
-4.8508773,27.67572
111.73453,-26.138077
-32.923634,-18.08994
10.544081,22.077812
64.16143,-24.46465
-48.473595,35.7558
54.789284,15.310372
31.660244,-97.18787
-49.780018,57.376877
-95.23476,-11.852194
6.97905,17.597189
56.89404,82.15135
4.60186,38.693
-104.44383,39.531563
-30.392965,38.796253
102.85006,-47.651108
35.919518,-56.87619
94.09508,-54.85041
-31.93368,97.542816
-31.470175,25.436876
-58.712032,-58.537407
49.792854,-35.88448
55.522785,-93.96982
-1.5201776,29.640728
31.934568,74.28437
-10.040067,-114.61288
3.1729574,-21.214224
-65.7008,29.279753
-22.913918,-57.036446
-2.291343,-87.397804
-29.413233,99.76955
-100.577415,9.77135
-45.874126,-4.2258263
81.381386,-4.048343
-36.639027,104.75051
-34.653816,105.981255
-5.118307,109.584595
105.92685,9.565562
-101.265434,38.526077
30.922508,108.11982
-3.0311067,-0.76423407
-4.386126,57.77811
1.189459,32.765366
-51.52567,93.522606
-16.595343,-47.14004
-25.890297,-82.56218
20.364826,9.048521
-45.03836,38.056576
-37.717876,-80.26243
-51.0029,-56.928806
-3.2750857,-1.4400309
13.908033,26.799446
-18.174314,-98.84836
-62.58808,-9.969108
20.041832,108.09253
15.565102,71.192245
-50.89675,-88.26038
-68.131355,-56.2388
18.55407,-18.02122
2.391066,-25.631735
-47.41576,-45.597305
-25.019213,-28.891785
-31.198885,26.07066
4.2881875,-34.66981
32.0837,18.202408
-8.148427,-7.994571
51.257942,-86.19599
10.588323,79.14814
-68.11504,34.330715
-19.536104,-28.310535
-6.954801,91.05433
14.269702,-80.09879
2.6515436,52.35524
-96.61171,29.145134
-83.80379,34.4298
-56.275284,73.11177
-50.465466,-92.81363
11.442429,112.297676
-37.83864,17.834044
49.99022,11.372287
-28.575853,39.268772
51.273197,89.92605
-55.72932,-37.71723
-77.52856,-14.559672
-31.745415,80.35751
9.678849,-107.000626
-6.7877145,101.55567
16.721802,-39.43429
-73.75124,17.389763
12.990636,-9.401054
-22.332333,13.247988
74.67189,26.44211
-46.211273,-80.53253
-102.350235,-35.066216
8.622698,-14.361966
35.53682,-55.872993
-79.53606,45.205784
12.57281,2.0428119
19.216093,106.5294
59.848007,20.943022
-68.12326,-24.343138
-10.085143,90.40683
32.835545,79.334015
-46.553905,-54.645027
-35.693867,-94.7491
22.211756,-6.9887447
4.8289995,-15.883499
73.43936,0.34486082
-94.45462,-43.68013
-13.287091,-73.13491
79.86886,-20.335043
45.31799,-74.376144
-33.629486,-104.84388
-13.286979,-73.1351
-31.475042,-27.015556
-47.98029,-23.927525
-65.70836,13.8690405
-35.843678,13.436046
66.12943,12.437499
56.74885,-57.072514
-31.439032,-27.436848
-106.662445,32.320652
24.390162,23.662218
-15.980584,-69.44625
24.823565,-37.764805
-80.63258,-34.03915
-4.7530828,-8.894475
12.637925,19.798607
-3.4114819,-9.751983
86.80808,13.0407095
-53.835464,-15.033871
-42.747528,35.377323
-41.010757,55.165817
-53.01496,70.15573
12.471799,24.5908
21.958834,-61.92776
-40.812977,-57.754627
-109.26859,9.8974
-46.742317,54.490963
38.627636,41.02189
3.9225118,44.46188
-22.633684,1.5844434
17.599913,91.77956
-101.91105,-34.83762
-57.976448,79.937645
12.3694315,-38.62337
-46.174725,-7.9882402
25.303022,54.44515
-0.68921924,-88.99156
-44.512398,-21.003626
64.86666,83.38171
-9.656511,89.572624
96.54158,-53.758408
104.38625,9.528922
-33.880558,-104.82676
35.048203,-108.20512
-74.637764,18.02684
-32.48934,2.1096783
52.293564,-83.58262
104.360344,17.552631
-51.368103,-27.58012
-109.2301,-21.318916
-112.5396,10.442169
-80.86604,4.2918015
55.36104,-45.450024
-0.9215097,27.422707
105.26641,-19.401897
-110.53642,-24.96125
-60.33182,-59.1635
-54.96615,87.33814
-45.56837,-52.727203
9.799069,-8.908364
109.87967,11.56145
5.30109,77.430466
70.978714,-9.663644
68.09806,10.424657
-108.441795,-21.392641
-41.36541,9.17896
12.54449,13.342375
53.891243,44.31041
9.573482,-108.00563
8.143666,64.573166
-108.450516,-24.356901
69.45459,45.124317
-45.68766,-52.47683
79.93621,-70.33877
17.578165,72.80038
33.97244,19.218845
51.380604,13.553478
56.540928,-91.388824
-34.406063,-1.1323556
12.797968,22.876375
-9.105966,-119.68377
-32.52388,2.1583655
-56.35978,-38.360733
-3.441794,72.03037
-0.7358662,-49.289925
-80.92859,41.895027
-8.8940115,-35.20967
-2.7452698,-8.781837
-34.64367,-94.16591
-88.68233,47.88024
-18.13263,-108.82922
-53.933094,-33.82133
101.780495,-53.8126
85.80044,11.858593
60.632107,-61.71353
8.678406,-90.743
-1.5134103,-61.19666
40.71287,-4.3267827
49.028522,-28.534754
18.389204,41.26224
-102.262505,-35.70824
17.83063,-92.30673
28.262682,42.232086
-17.025192,-78.56013
-18.175001,-77.62192
-18.317976,-105.92292
39.64202,-79.40475
35.527977,-17.277945
-34.850292,8.51154
56.651684,59.01212
-5.339205,-116.091675
-62.166157,76.49915
54.15833,-108.036736
-9.669996,1.7361126
19.744583,-61.003887
24.889685,-40.941647
-89.19708,-33.31739
-21.886806,-75.043686
-7.967208,56.752552
8.89431,7.9342313
43.01401,-76.93177
56.343483,7.263479
-78.21462,38.62065
-38.139053,-104.976364
80.5589,40.846306
-34.057476,69.241425
-1.6208729,71.045906
-53.802605,-34.53725
5.5360103,95.44318
-92.86956,-34.87266
-31.418661,-83.093376
-35.436802,105.01896
68.16792,6.857743
95.51104,-17.070253
-2.3440075,98.21687
-23.911484,-72.81329
-27.61553,-79.86758
46.288334,31.39768
17.128862,108.68857
-98.22456,40.48316
-62.73081,95.13289
34.067467,-108.53884
-39.684345,54.90239
8.468991,-75.11415
-34.36362,-15.690911
55.263153,58.323456
68.234886,3.6992764
3.5878363,-24.201044
-64.84675,-17.609985
-111.373955,-0.17258559
-50.6829,-33.31637
44.0647,-92.24002
9.086979,-75.30667
-45.638683,-53.993984
12.337935,21.885426
-46.635906,34.96001
104.061966,-28.203777
1.9043505,-61.665104
-9.8303795,-34.92793
-50.36494,-25.957443
-33.683956,33.83259
-33.852226,-104.63232
-87.5827,19.706635
51.05019,-13.167643
23.533318,0.82608587
-89.992935,47.516075
-52.376656,-52.378437
-35.630524,-94.30518
-31.042154,26.15433
64.90284,1.3404217
106.99955,-37.750504
-26.849758,46.02379
57.66709,18.92385
-34.568806,10.668716
111.57549,-22.35824
56.7662,15.224052
-46.878178,24.477787
60.7934,-61.660213
40.97225,39.177944
-36.08458,-110.94417
32.554222,46.92394
26.27725,91.213806
-97.938934,-53.395584
-20.498587,-73.84681
82.84077,-65.814156
-64.13858,79.14378
58.729908,-10.849603
-79.487236,-14.321175
13.463931,75.17538
-46.949993,-45.57489
-13.964533,-73.39356
-31.408224,107.44803
13.463931,75.17538
-16.4464,-107.040215
34.15028,-9.245844
-49.48332,21.495323
70.029884,9.02302
-29.127487,-21.692167
-29.28697,-16.255424
-43.93391,-83.94102
88.523384,-33.91876
-6.3751516,-54.951794
-97.790596,19.185905
-39.174217,-31.703701
10.833053,-34.017025
-3.2132564,81.443016
-2.30865,3.08754
72.548195,38.434303
41.747826,-90.684204
-23.202202,-0.64159834
-85.68581,52.35054
-61.147636,-36.008377
-12.660894,-121.525505
30.86492,75.954865
-51.08492,-36.63406
-62.846783,-67.69889
4.4692063,44.80294
-66.859566,-13.532292
36.150093,7.89702
87.02153,39.52891
49.711803,-25.818172
-29.05715,-86.33619
-79.56721,29.327284
-48.090206,-82.49754
-18.913925,4.00284
-48.0446,70.85857
2.2104137,49.117256
4.7513595,-64.62263
-46.538273,-6.6537323
7.112692,15.249518
-59.7001,32.51045
-12.123881,-4.6526866
11.041759,-32.1336
19.808481,-35.346466
-3.3761392,102.26053
54.467567,-26.473713
-95.62981,-9.785366
-59.27535,-0.06744414
-60.48564,-69.834496
-23.117823,-55.33106
86.71709,-65.90137
21.471214,-16.442278
91.07828,44.752113
-5.1630983,-118.45849
-69.79809,-26.330208
118.06933,-14.218767
-88.331635,-49.55035
1.9497902,-25.00004
-60.097153,-71.03368
-2.30865,3.08754
36.034412,78.805534
-8.245401,-29.426363
-10.031116,3.5226471
-53.3458,-90.80073
-2.364523,31.03009
35.018944,19.073402
-42.145325,97.33874
-81.348595,43.45059
100.97543,16.451105
9.870422,4.0945005
13.451563,68.33358
-17.876057,-70.820175
4.199787,-16.43508
-110.02049,8.248531
-64.480774,-55.67956
-81.46368,48.4176
-80.447266,-1.4854935
47.29264,-82.04678
24.823565,-37.764805
-46.70829,-75.129654
55.14831,-20.526285
11.623102,24.613537
85.957504,-31.509119
34.37961,-108.45515
58.119804,5.693119
12.949735,25.13354
4.0861535,-69.81355
-50.248547,-41.844704
60.81716,-8.949189
88.70652,2.4441774
24.23494,-20.712961
-37.831932,-93.13483
-35.542,-0.9233309
61.542793,-21.702408
71.66776,10.743894
-42.065044,-55.605766
34.86969,-17.88321
79.87724,-20.350676
65.86643,-55.059914
111.24841,-7.4734144
-33.40253,-109.69842
-25.074926,-38.881905
10.930182,-10.449945
-20.933306,-53.81791
-64.12901,5.361951
-55.1188,-14.020183
-46.571453,54.47195
-8.8856125,-115.5509
34.252686,79.53885
-76.728455,-10.859985
-18.732714,-75.718925
24.291094,10.957729
79.17051,12.794343
78.76858,0.08184891
-91.826805,-14.412265
-30.270807,65.50517
-47.12036,-59.806683
52.651077,-39.181515
45.869644,17.82224
97.38051,-53.404106
-17.663414,-46.515484
8.803443,-49.785233
61.301857,-13.395652
36.96937,40.81237
62.676376,-33.53736
-23.476683,0.8016058
-5.715224,18.99821
63.731937,-37.19196
-46.154686,22.099903
-23.690264,8.239498
13.643395,79.35988
14.044268,-63.501667
-27.486197,40.904484
3.2853801,-16.769024
-11.925471,-4.6611032
5.796088,-2.9154854
-8.683745,-101.26977
4.056505,37.353195
-17.598764,-110.94842
-59.117313,64.8256
65.9484,-9.019468
57.142765,92.93595
-36.992867,35.53723
-49.256298,23.410265
-82.5768,40.256924
46.80889,54.63457
-66.4153,-50.372204
52.155685,51.964096
51.1816,35.554646
-59.802193,97.81867
106.354385,-39.170467
28.440794,42.187878
-10.990895,104.63767
-47.90862,-59.936825
-33.723038,-72.538246
94.521126,-60.042885
5.502664,-13.856477
-47.391415,67.699135
16.010466,25.784313
-79.53606,45.205784
-17.603825,42.594498
31.34425,-112.16726
-67.132126,98.45909
20.825516,-2.5238516
56.39871,15.033474
3.761247,-19.51459
-43.380272,-16.363617
48.704556,-23.947493
-65.66404,80.34498
-27.870577,107.51799
78.86467,-72.86122
-5.958227,26.855
-58.288708,52.686657
-38.37832,94.13202
91.21725,-28.79344
90.936584,35.331635
-56.637802,-59.38051
-26.151083,112.21137
25.64478,24.567377
-107.80749,34.66598
68.00286,85.409615
-16.288076,-101.83757
15.12116,111.59638
3.5734308,106.11518
-5.160463,71.87922
81.381386,-4.048343
58.234947,-15.374465
102.17944,6.9544415
-77.63963,38.082546
27.435999,-33.059456
55.86013,70.280045
45.908817,17.860306
-78.98779,-23.201506
-57.66977,100.06347
-25.107313,-55.06318
104.80149,12.2126465
67.68747,13.064223
-28.788988,17.955091
35.266514,-79.12822
-4.198479,57.824883
-60.418396,-61.077442
-41.184513,9.282478
-86.35127,-47.053967
-37.421726,33.51642
-11.01412,91.07936
-30.856995,-13.141126
-28.825516,4.3962517
-22.690979,46.945473
27.683813,53.38241
-46.08003,-54.294514
-44.942146,80.20612
-4.6114526,33.349022
62.549515,-32.72214
-46.295944,34.793816
49.72163,-24.429134
-98.78717,-5.6444564
-18.135723,-77.503174
-36.280937,11.610212
-36.296402,-34.56798
-6.283041,-10.901506
-46.03203,-58.795177
-68.96788,-9.997897
43.885376,-102.50147
6.3390574,-50.578686
98.604126,-52.86042
-50.897057,-88.26088
-45.64609,-3.676793
-17.897982,-110.60085
-55.869884,92.70766
70.934044,0.856268
15.798441,-92.93409
64.25705,-49.455498
15.467679,24.88308
-30.26388,-87.32176
-12.718647,-72.14634
106.54644,9.60463
7.495011,12.814519
-23.844145,-20.68813
-7.6042957,79.62
-105.89183,1.7954911
-24.987928,-79.58481
46.222477,-37.34365
-22.512018,-77.845345
49.527607,-34.761642
-57.34573,70.225464
10.407246,-106.21998
49.2173,-24.568348
-11.092808,78.33664
-27.952738,-43.15819
15.515539,24.974503
99.19992,-59.13947
-47.586056,36.261032
37.045727,75.01665
7.048138,17.685226
54.376923,-84.84646
-34.406216,-1.132334
-96.807045,31.858646
-20.784872,-76.5473
73.2175,-0.01451131
-36.1353,63.51664
-57.81255,80.65924
-101.62198,38.24606
30.960388,107.71474
-15.090437,-105.41202
-2.9190495,18.980389
-80.09376,0.018755352
35.63356,-50.146767
1.7702246,49.740063
-24.00686,-17.833633
40.789127,37.159378
93.834015,-30.349768
-59.21936,3.9335737
-75.1229,38.45798
-79.69854,-44.470474
102.267746,-10.172366
70.1221,77.038925
46.509254,-24.333694
-72.07185,39.67819
-52.02961,-25.861393
-11.343286,-35.390488
21.420605,45.771626
-54.57657,-59.93098
-94.282845,-43.88855
25.204882,90.14392
4.6980805,32.22361
-25.751213,-79.05833
1.2315718,48.580223
-46.185215,-54.23448
-46.369633,-8.2205305
-25.671093,3.5960643
-111.60149,11.020631
-62.07329,-10.651595
57.14246,92.93493
-22.57852,-54.074028
56.4722,15.15136
-68.74833,39.600197
-102.440926,37.201664
-80.89849,51.765553
97.85344,10.320163
55.086906,-95.69944
-56.187855,-46.887047
-37.77017,36.08093
-58.557804,73.46994
111.6724,-23.25509
-38.424423,111.99259
26.465767,-48.99462
-32.64603,79.963165
-76.0701,40.473705
-62.16495,65.749466
9.21895,-23.566668
-0.38351047,-75.918365
-71.31035,17.052223
32.119556,18.219126
-60.363316,81.66811
5.4532657,79.24713
85.7025,0.16681758
-97.061775,-23.896933
6.0809994,49.582233
53.978256,-38.88973
-6.1318655,115.753746
68.94287,-9.515173
9.717419,-80.64235
10.715496,22.791267
92.06714,-34.435307
-7.9218726,-34.979908
-66.32387,56.36308
3.163934,10.249561
6.351531,-92.701904
6.2640758,-19.99086
-29.843462,-88.31466
114.24123,18.141552
21.810047,-6.140997
73.0623,45.164307
51.048927,-13.179057
-65.756805,-70.11682
-45.60241,-6.359523
45.89908,-36.833042
-47.81883,-77.29616
-6.076794,26.606176
71.67351,73.209816
37.38025,-89.95813
14.167126,74.80557
8.7728405,-8.784599
-2.8371212,59.25903
70.77845,7.452365
14.476048,-39.563145
-91.2687,-38.936317
34.616005,-108.33154
-59.08581,72.98475
-45.505722,37.971966
85.63953,43.404427
104.59522,-43.297264
-6.120932,-3.437339
27.273539,45.008606
47.34086,-38.13941
-24.118483,48.36038
81.85219,53.496876
29.158655,-112.827866
-1.0686685,82.842125
-66.3483,-56.33959
-93.367676,-44.904045
-46.73135,22.988832
-15.957827,-66.62683
-16.419725,51.826374
84.08462,42.809624
-106.86909,35.083244
-15.084199,-48.2613
28.44795,24.648575
20.004042,33.675594
72.01132,7.774857
-66.02832,88.27484
-40.353863,95.280685
-33.08637,57.047855
73.13088,-34.05047
-36.243702,61.91244
57.375553,82.39471
6.0769033,16.831005
71.406876,-63.80348
-56.64238,-14.167549
-6.3522577,-54.05029
-59.638016,-38.620457
-16.728815,-37.67297
12.489589,-78.4282
26.899101,91.65097
6.0768743,16.830957
72.49726,74.01952
-44.48891,34.274864
-56.575615,55.67461
-9.34057,-62.026096
-77.19872,8.093643
54.19988,-35.079643
-61.57052,-16.459797
114.436516,12.042004
-63.128807,92.33652
9.432648,19.755783
-31.86205,-98.7898
50.119743,-13.3434515
-70.107376,-25.410248
41.543148,-12.254758
-13.325748,-73.38884
45.96894,-27.25741
84.39221,53.576202
-16.1627,-100.66832
-7.4719043,-102.67713
-50.911636,52.913513
-61.781223,-17.019682
18.134796,-33.677837
-52.07028,-11.101659
19.737896,-85.85365
-13.846101,-115.651825
-14.030358,-41.903805
-87.86649,31.813078
-42.101135,-79.77648
14.077652,-63.49868
53.25439,-34.58366
33.205845,1.444558
-34.049698,-12.40092
-100.7804,12.728488
-43.733055,-41.18717
9.483577,-16.10311
-32.161423,115.2859
84.52851,-49.97844
37.719666,-78.85623
-12.484704,77.332344
80.10573,29.53771
103.792465,8.317573
112.75525,11.491597
7.8458343,53.586964
-30.865692,-2.0407748
-60.67204,59.521652
-79.36386,-0.6080455
-25.529001,-82.92396
37.558292,-61.264717
9.522192,4.061769
27.19114,-50.11704
-41.236362,-84.69483
-34.378918,10.948398
34.08383,20.946886
-52.004387,-10.98492
6.4540687,10.289853
-27.491682,-80.68385
-28.14722,-77.96256
-74.983574,41.612972
-37.794796,22.37616
52.748108,3.3142395
-48.029778,66.31295
24.25561,-20.627346
-29.209959,9.581763
7.3305354,95.61014
63.52793,-24.759706
48.19728,-23.046602
71.39885,24.876501
-59.964085,33.08061
105.73742,9.275301
39.45823,-104.243645
-80.94244,-15.838774
-21.539537,10.601823
-92.45968,-15.974508
-46.513813,10.021035
-2.057619,4.1391644
-10.090725,90.7321
43.529366,-75.282845
23.164497,86.08774
-0.42133963,-89.794014
7.8552127,53.586174
-35.644188,0.9469519
-24.92541,46.968082
-12.939193,70.47284
-0.08661358,-109.15902
1.1934406,-87.138695
-2.5282278,-6.4484696
23.344284,-83.19875
66.63078,-45.696564
10.729846,-24.29004
11.271136,-34.49027
-106.65155,-7.302318
-49.678234,-94.03231
36.76292,-57.70181
-0.8331057,-70.82635
-76.22352,-4.201942
64.382324,-49.269066
-16.178822,43.20289
9.289178,52.81332
10.294567,21.416838
22.965254,91.3512
-25.119085,-28.76641
-40.088802,115.248825
66.11486,4.7233667
88.78574,2.645886
-112.132965,3.331483
-84.1374,46.62074
4.5178313,69.77875
-3.0888133,-118.822845
3.383225,-70.5239
-20.302671,-37.79959
88.46341,-61.50933
12.155861,-110.273254
106.59715,-38.33673
-104.26788,39.71792
-67.68491,33.903854
-33.33629,12.351309
-37.194817,-89.241585
0.6000719,31.169058
1.1163268,-96.8816
-45.6825,-19.650751
-75.33082,-8.132017
114.61426,14.820673
-4.8277383,27.627497
34.728146,-91.67534
39.343994,-46.98184
13.567362,102.80983
5.9827886,-14.156167
28.372478,-42.091396
-66.35811,-50.255157
17.64317,94.52325
-25.763674,-52.971115
-5.1891327,55.199287
-30.854189,-97.40479
-73.817856,36.542023
65.76681,9.763178
-1.1312706,-18.193796
-86.09957,-44.42026
32.493805,48.679344
-73.03706,39.04879
-85.488235,48.542206
60.810017,-10.013661
111.74648,-26.215944
38.12066,-3.7090578
30.288754,74.24308
75.98966,-38.112648
40.763504,-54.64999
81.65111,-5.1828384
79.93662,-70.33578
-11.025303,-114.60197
-34.32941,71.29398
5.519739,-19.302843
-28.452744,10.339036
22.594847,-17.23966
-88.53263,56.54392
109.17572,-42.14998
6.876741,11.6146965
74.03656,-17.721361
1.1052245,-95.66501
-37.336494,-112.04931
-27.701546,9.079611
-23.696838,-15.984461
-3.7557604,-119.571785
10.134031,21.080332
9.367706,-6.7201424
2.3952205,14.088498
7.247634,12.125101
19.00652,-77.512924
-33.677113,12.001062
36.867184,17.25666
51.878727,15.116252
-36.920353,-112.17175
51.30862,-88.63175
-8.772587,-100.1444
76.54716,14.4470215
13.721402,25.955547
-61.874237,83.099434
59.055008,-16.116451
-27.312378,108.871056
11.365756,-23.538986
-9.505267,-69.758194
106.73117,-2.8263826
68.28881,9.442981
9.363089,-16.311703
-105.80152,-5.5375113
32.15778,-87.93806
80.94985,45.503147
87.107216,14.430435
15.899126,94.907715
-72.74509,16.97532
47.378746,33.22201
10.774023,76.76637
97.646935,10.577384
5.9329824,-62.853188
12.266368,74.14665
-13.336799,-73.278015
-36.226,-111.38027
4.1874876,-77.184326
-66.14734,-59.874763
-48.76039,23.833857
48.345,5.8388696
-85.11846,54.0273
23.5925,0.87952197
-106.57632,32.200153
-36.313587,11.503068
1.052739,99.03545
3.4543417,-70.43225
-49.524727,22.42449
-59.06586,72.83714
50.046616,-37.086563
55.808365,-37.223766
46.867027,-27.986954
-55.312057,-87.091125
76.29391,46.649277
-14.835716,-98.95774
7.0363507,17.677296
-47.128777,114.51392
-21.67842,51.819973
-35.03182,69.589355
113.95256,14.114071
-85.49255,32.916992
-60.212727,58.857754
66.94433,27.774866
11.9361,96.41565
-110.61857,-17.620693
-36.80974,29.394514
-47.778603,49.24133
57.95663,58.873924
-77.739914,-42.038406
57.219704,82.48516
-34.01031,-0.8896245
-66.91524,82.10412
4.7133923,67.4716
-43.67122,-44.229527
-86.09265,-25.754042
-55.326057,-86.97821
67.65629,27.360287
111.803246,-21.227585
-54.349976,-39.69342
81.10617,-60.746635
-112.53546,10.442688
24.087416,-35.88154
-57.382645,-59.20868
23.58891,-17.127789
8.270021,-39.069
-53.77101,74.44407
-5.037656,-89.24626
16.172098,95.00482
35.83769,-8.329554
19.423534,-90.36086
8.7214365,-24.12469
97.62407,10.446082
-53.073307,-2.2592971
38.05178,-1.3069569
14.734072,-20.260307
-110.33878,11.353231
-53.413628,-90.791954
105.167435,-19.623623
55.70958,-86.35095
-2.4957643,81.13239
-41.577755,-34.028717
67.82264,-21.07506
-52.962563,-2.3672197
-85.1904,18.41397
-27.155838,15.822584
6.891263,-20.469175
99.07817,-29.819996
-10.066304,91.06585
10.586644,-9.613734
2.0124784,-8.006341
-62.31894,-56.392166
-2.9853957,-82.53909
-67.059044,28.14561
79.94033,-54.800953
89.23344,-66.94223
64.7981,1.6831623
51.957214,52.284485
23.441206,-59.756348
67.5413,-33.944134
21.674902,-25.270815
-61.14124,-68.14263
10.680481,-6.036428
24.272345,93.6892
-75.326,-8.368818
68.15671,78.17712
0.42868525,-9.693325
-45.652275,-22.14444
55.20764,-94.66185
-23.869614,-40.42302
0.22617252,-75.96248
27.934835,22.918625
-44.32862,-75.55811
-9.3608885,-114.6375
46.437393,-33.844646
-85.36107,-47.43048
21.88735,96.38952
26.477291,25.306297
-44.33388,-57.868843
78.038315,-70.89793
-17.818943,-98.954315
-35.39227,-21.493723
-21.691029,-69.95086
-28.370625,-78.460106
1.8886946,49.016796
-4.0127764,73.087425
-32.1943,111.364426
9.616854,-106.951965
-53.593006,-34.779305
105.11519,17.106358
-0.029043775,-86.05118
102.20078,-53.50889
7.2343163,-20.597404
-35.650284,6.767424
62.394207,-32.177963
-36.30042,-23.61322
7.1711817,-3.3173783
111.207436,-21.750029
-48.905872,110.1814
13.512146,-79.234215
105.23854,12.737082
-35.880875,-111.56611
-24.871412,79.43582
-34.194374,-94.139305
-10.255347,-61.344517
71.34969,78.27294
18.17778,75.76369
48.197285,-23.046627
82.98906,-47.97263
-6.941111,42.30337
57.207825,-99.850845
13.434911,68.43232
17.082806,14.417814
-104.44383,39.531563
-64.95452,3.6720355
-54.57656,-59.930992
-23.289581,-21.027071
7.9085913,9.884598
58.350174,-30.222338
56.582443,65.8552
-22.633673,1.5844721
-36.83719,-31.784155
112.48811,17.010744
-104.81462,-23.316656
25.12685,-40.52732
-11.644957,-35.3939
12.866089,2.3822572
-71.81707,33.54232
-66.29991,-51.258728
11.155033,-55.923542
-29.054466,-107.38207
72.26912,6.800445
53.65013,15.2684
9.41466,-111.24339
-0.7987595,-70.92854
29.219175,-113.05331
49.674397,-25.18146
0.9301791,-83.73288
81.343285,56.676735
1.7726969,30.309021
-36.250114,57.848766
-5.7957273,106.400055
80.81089,50.766064
-47.64013,34.700275
23.1702,86.19308
2.417154,14.171474
-60.22641,97.11425
58.14846,14.524678
0.3454514,11.303781
-113.025734,-15.131007
-84.462875,32.397884
-40.80111,-57.68084
9.087649,-7.530092
-37.189,-35.068497
46.812195,85.10487
-25.54614,-82.97401
2.96198,-86.86573
-31.79506,-29.9445
-59.849762,58.160015
-41.642082,-34.06297
15.170243,-78.41022
-49.915237,33.195915
-46.40653,-6.682915
1.9135491,-61.52434
-40.5952,-32.639374
-29.904655,-88.32747
-22.362352,-78.641495
-51.69748,-28.164896
-65.439285,-52.00618
-106.156586,-8.827626
-7.003734,24.50466
-3.7761881,-119.59082
-51.567127,-41.452885
-48.087536,51.038513
-61.88319,83.21221
54.260708,59.802864
70.36477,82.7793
-38.63741,-108.21528
-6.324322,81.51697
-55.469517,57.34455
16.435535,109.60973
27.231752,91.4927
-45.925575,20.5015
37.82527,37.413033
35.33301,-15.920416
19.170687,106.65336
-104.535576,-5.361249
-56.424732,54.95234
80.48403,46.09094
20.982168,18.6403
-67.79146,-13.616829
18.366451,41.718464
-54.16792,-14.814752
10.786939,-10.500859
-28.631899,102.45874
80.61479,-6.3629203
69.17943,85.08529
90.3287,-65.31146
-31.261976,-14.120496
-16.029491,-66.633606
-56.120525,4.3561373
86.54442,-63.975445
-47.559692,-45.265934
-8.111643,78.570175
-96.87602,-54.727856
105.12618,17.090916
-48.36708,-24.297022
25.707191,110.44188
0.77128536,-56.833614
-52.73005,-92.97396
6.039361,76.38858
-44.157413,-19.08699
81.009514,-51.583725
-37.89474,22.238369
-55.2222,-87.320755
-55.192028,-87.091125
90.3053,34.68296
-24.663902,79.93723
78.70835,-54.24234
17.079361,-97.64155
5.0656734,98.73344
85.127754,14.658789
-41.153984,4.888181
-14.790764,-105.15914
46.536545,-90.33133
-46.74677,-86.2508
28.039211,95.622246
1.980979,-57.971912
21.020119,-37.487324
93.8756,-54.930206
-112.01002,3.4051003
6.2894115,31.15861
-4.5081863,-114.20706
-0.559321,-24.640013
-32.35226,28.46588
-27.401703,15.05986
-81.406456,31.897543
15.698525,112.98828
-101.5819,-10.774513
29.430122,-110.68855
-108.91614,-21.40482
-94.79979,46.909817
-4.404032,21.034668
58.215553,-12.460951
-33.679848,107.658195
-93.35196,48.923744
12.829429,-33.77815
7.1315384,99.26353
-12.333417,-122.1103
39.64202,-79.40475
-88.96966,31.14216
-37.9788,-84.541084
36.40835,-61.422485
-31.564833,28.604105
-15.098924,-40.78748
-66.00936,36.656807
58.073456,-91.335266
-40.986156,-59.85119
85.20514,19.117073
49.719315,-41.521038
82.72168,-24.888163
8.753847,7.3682356
97.65111,10.601087
117.441475,-16.436516
-80.7288,51.09402
1.4808011,27.31871
25.599213,-35.9051
-35.851875,13.372078
-43.04757,-87.0751
78.544014,-52.909027
87.302574,-68.57574
19.703228,32.576836
25.564245,110.54345
36.60323,78.222435
48.384106,18.313683
55.96137,3.7785513
-48.601425,-98.89644
-8.255735,98.6777
-96.668205,29.274906
86.51256,13.870213
-4.601202,-55.709488
-16.18073,8.12115
73.40819,-7.619884
-17.755543,-49.0873
-59.076218,72.978
-43.86246,-16.783491
-15.056174,-46.388573
20.632019,48.549335
-19.357965,-73.2184
-19.531696,-37.869114
-110.07152,-24.217995
55.93877,3.5297544
-23.419714,8.318533
59.004738,84.12307
12.649024,24.719688
-103.94278,39.051155
-23.408314,112.53077
9.793647,-5.5505714
110.47571,-33.24591
-85.369995,-47.82253
10.162097,21.09983
-111.39293,10.523177
-45.879025,20.772142
-22.007088,-15.442192
-10.176763,90.69641
25.959013,-20.937681
10.833351,-95.07895
81.29707,42.181377
8.4690485,55.08763
51.288334,-85.65119
-49.755226,-29.736116
12.192677,12.441177
-36.17693,18.31014
-10.920134,90.64479
38.54543,-1.731872
43.553375,81.58962
-6.956143,44.030334
-31.618189,-51.87865
-1.6061914,-49.428814
-51.339844,115.27829
-19.625456,7.7137127
58.54266,-90.96018
-44.969448,15.438414
-87.149216,47.422462
84.9863,18.429546
89.70792,41.32968
-102.17074,-11.152614
-49.531803,56.929455
-70.30811,92.59975
-49.635643,60.963696
-49.60677,33.89513
10.1380625,21.23727
-47.997395,104.34834
30.264906,-115.850784
14.777597,95.102135
-66.290085,-56.241642
-36.53099,36.99553
-80.06316,29.992079
79.07432,0.7144284
-36.720543,29.53824
54.6494,37.904682
-66.38267,-57.043873
-43.02679,7.1813283
77.23516,14.490664
-72.71545,-2.6743808
-27.657547,-106.25585
-26.200743,18.883904
47.109795,32.74615
-35.01419,59.624557
-32.534874,20.310272
7.815063,53.60326
-37.858753,-77.44874
52.2361,8.210543
-21.803913,-15.705882
-9.435245,-61.803894
-107.119644,-6.423404
-13.968954,-99.774086
-32.51285,79.88582
35.81288,67.760925
8.064352,68.42576
-45.620255,50.65721
12.891498,-7.633823
35.44151,-7.022159
109.14751,11.173305
71.30124,-22.225426
78.40699,8.762466
-30.963587,-97.48973
44.71472,-26.943222
10.142895,35.659992
-31.238518,26.069664
-82.349884,4.2322598
41.645725,82.76589
49.477028,57.8932
37.612186,-10.164945
-64.32329,79.07826
-100.18011,-12.256978
78.4915,40.760918
30.98953,-91.7657
-4.1069145,-53.56076
-105.631996,-29.82506
38.406204,-4.1458297
89.12984,38.115467
77.69106,-56.469425
-94.32046,-23.005957
0.93357587,-95.49923
70.29471,10.984338
-10.16346,14.385168
60.51552,-53.650475
2.448906,49.28276
77.6715,32.375885
9.840496,23.511887
-110.2985,-17.128294
101.6997,-49.603294
-22.33756,-13.286919
-105.79176,36.58125
-30.554865,-93.73756
-5.6952453,19.045868
-64.823975,-28.674747
13.44086,12.932062
-49.032555,-38.49302
-11.487628,104.98516
5.229221,-0.036928833
3.9488213,98.1555
108.65956,15.66661
70.28582,-56.171986
15.682493,73.67547
61.296238,43.585926
-63.173805,-67.477585
95.84123,-53.979317
44.28292,57.559093
-91.89998,37.45064
17.547112,94.63076
-50.896835,-88.26071
-3.2504559,109.54398
-78.791084,48.89401
-66.0412,56.28486
29.293026,-113.28825
-88.907234,-36.279957
-83.61349,7.678064
15.698607,112.98285
-27.599915,-79.51059
-110.76765,-18.670933
-79.48707,-14.331492
46.536545,-90.33133
20.894243,2.416918
-0.37775835,66.602806
111.43705,13.201172
117.4399,-16.527592
-58.8274,4.2956614
57.54143,82.0755
45.8953,-36.84063
-15.729816,65.64412
-58.985847,98.86735
-26.611021,-52.843174
-107.761406,32.969425
-79.23092,42.94759
45.927444,33.02853
-8.96255,-0.8091328
-84.8446,32.55479
-84.01049,52.311428
-57.688522,-12.607196
-2.2226124,-23.909456
-41.330845,96.510956
-8.057259,73.05406
-64.822174,81.789505
-99.16839,-5.7475357
84.874596,17.78996
6.74137,-7.9224544
-47.82632,-59.68646
-24.284647,-20.621344
24.087088,-35.882336
9.432071,37.22556
34.938854,-101.51828
-51.510616,57.51348
32.682457,66.88081
-19.60209,-43.138325
39.58963,8.350856
-33.193913,97.839516
-57.708546,80.84951
96.44808,-61.185658
79.31612,47.953785
101.36867,13.606708
-64.84675,-17.609985
-93.49049,-44.71065
-9.108504,-100.163475
23.180717,-18.500093
-16.910952,-112.2362
-64.53417,93.46009
-7.8313174,67.07993
30.818165,-35.12768
56.143696,91.08845
-31.393509,-26.864166
114.23131,12.041546
-13.632199,11.885053
-56.643665,54.30529
-50.478065,91.383804
-23.251318,-1.9583535
-37.452644,-88.25375
4.194462,51.05119
-36.28804,57.7391
-48.075756,114.56993
-7.441057,32.501114
4.128034,26.965906
88.02002,40.28747
88.48891,40.43204
2.1148944,-89.70145
-12.717924,-121.66496
-66.26082,-59.359573
-15.29053,-72.930176
70.96491,-9.863116
-54.674236,-90.152214
70.08705,47.99228
97.25503,12.746078
45.681114,57.179943
9.688086,-106.98071
73.66073,1.975543
45.458603,-3.3117914
54.815014,-56.335354
-35.515434,-15.126286
5.9328375,-62.85817
10.841161,-32.352406
62.41536,-32.964157
86.02542,-19.984997
65.353584,-7.9047403
-34.457714,-18.4066
39.839077,5.3595295
26.586163,23.135952
-14.352404,-101.1485
46.441387,-33.845364
114.17596,13.301336
10.506434,-43.735386
-41.341293,-59.597866
59.18207,72.52978
-80.73973,-33.645084
-52.141224,49.453682
-95.23371,-11.853367
-34.298832,-0.05121155
-14.652671,-73.465904
-64.338745,-17.304583
-66.77743,17.9871
51.05975,13.579996
-13.704819,90.49625
64.28038,-62.691406
-87.810814,-24.729841
-44.232975,-75.8514
-39.1097,-31.180449
-31.50273,25.787424
40.304005,-14.523679
39.695824,-53.311474
-32.431408,20.274904
82.86746,-75.51572
-32.226883,-15.600643
83.15113,-66.04038
-17.02955,-111.07994
107.305,-40.16923
-24.88328,40.33717
25.063322,78.72041
-47.911488,104.42055
-23.693726,-20.770788
-30.383656,-23.381176
-27.33236,-83.577194
-64.240715,-67.54609
28.346783,42.436653
23.180717,-18.500093
107.5614,-18.609833
-24.92541,46.968082
-8.047266,-59.784435
101.92939,-53.6828
-37.15287,10.297228
-59.21936,3.9335737
21.033646,-25.76851
19.027508,-17.542503
19.744583,-61.003887
-30.271608,-44.423073
10.930182,-10.449945
-0.48306447,-75.8581
-61.326553,-35.787407
-0.19859661,-85.29885
8.991601,-107.8513
-103.39277,-9.391549
-30.49665,23.87972
-106.46558,32.07805
7.9457245,-74.809586
-37.46182,36.180744
6.8663135,72.20258
9.339373,94.70646
22.995941,-17.236784
-93.75101,-54.8745
-23.101776,-13.73065
91.9386,40.726833
21.678806,-19.702652
-35.971832,30.8099
-52.728954,88.630005
-106.20352,-8.993114
-24.99406,112.55086
-31.88622,115.248375
11.000502,-15.612351
-89.53952,36.219692
-65.20114,-69.47232
-47.75341,106.71394
17.5852,91.7787
103.60427,-28.233995
-33.463337,119.46481
-2.9062805,28.63769
7.209499,12.861498
58.6689,-14.4470825
35.378384,2.5530622
-42.263412,-45.260757
82.58362,28.322588
-50.925655,-91.40586
-42.400917,7.0393715
-105.894745,-7.253669
7.8621845,53.554245
2.0609672,-63.05817
-4.728042,79.92165
31.258783,-91.93132
-12.430907,-0.28211495
71.430244,6.1919165
46.64158,-33.88563
-88.95303,31.213884
80.8264,-71.639534
-2.8637722,28.136639
-4.6841474,-93.11816
-12.791574,-121.37661
64.92879,82.95501
-31.700352,28.470268
55.776115,80.51561
60.9983,-37.103573
100.4702,-3.1900454
-36.253273,37.057003
-48.42309,-80.15055
70.96516,77.71621
-11.137676,105.76293
54.793564,-103.74158
71.50645,73.512924
-62.90345,-13.420935
33.73054,68.74972
56.39884,-24.207512
35.647266,-91.067154
39.358997,-48.2609
-16.1627,-100.66832
-17.5535,9.057756
-46.6847,-95.847984
42.972393,72.97143
64.93258,-52.23058
78.75934,-1.2450213
80.302414,-69.96188
86.53576,13.271548
82.83537,-69.11374
67.87092,10.359638
78.48709,-53.036457
80.0968,-73.09817
-64.794556,16.088518
-31.008423,-98.61345
37.287994,75.510796
8.161654,64.67428
35.841484,-8.325408
-16.82132,-69.448906
-12.290549,-0.47456577
-26.538784,32.107338
-47.57152,-23.571941
-93.23965,48.934177
17.993156,-90.299675
-5.4209046,-17.014765
-37.60963,4.236256
-54.461308,-61.146656
81.347374,42.195526
-4.5081863,-114.20706
41.661045,8.418137
-83.28836,47.235924
-38.22901,72.66931
-45.980213,37.33773
2.9487069,-86.873795
-50.209373,-28.181017
-0.5594781,-104.74589
-88.61544,-49.79788
-43.196026,50.823475
19.012924,-35.271523
-50.0572,111.84749
-3.0545416,71.49349
56.651684,59.01212
-6.906859,-2.522192
-49.39794,21.902468
35.479626,2.47819
-106.53811,-37.05809
-17.771563,-77.83385
0.14071484,82.635254
-51.995583,-27.314247
117.92317,-14.636293
64.046555,1.0403267
-90.51835,15.864209
-10.4211645,53.079338
-31.613499,-51.241974
-7.409292,-88.49211
77.034966,45.726444
-12.717946,-121.664055
21.016127,50.863335
-19.724764,50.729916
-98.48207,29.87822
-11.48893,68.783646
12.781653,-76.36006
-59.09925,57.959072
79.78131,-5.2811933
-97.71149,40.307396
-12.777299,-45.021145
19.948118,-15.245115
-55.259945,86.44535
34.671726,-19.879004
18.753208,-91.74934
34.868343,66.438896
39.056602,-1.2014749
-23.136223,29.53308
-27.730326,39.579002
98.07454,-21.636885
-47.02513,75.405304
34.067467,-108.53884
-66.28431,56.348675
35.987503,-98.87928
-102.191185,36.661552
16.019882,-99.30313
-4.249292,-1.9751102
105.02402,12.221756
38.431965,-47.15994
-66.35802,-50.25602
-36.30042,-23.61322
-38.241688,-84.53411
4.0845838,-25.044996
-64.11437,13.130271
-35.02038,-13.661818
16.79226,36.518368
-92.47477,47.957817
100.53225,-24.850946
-36.694054,57.435223
-14.139744,-100.156685
17.510563,90.61827
-12.41435,-4.1324706
-16.321753,6.061643
55.431324,-23.48542
-36.226,-111.38017
-29.091372,-82.93067
21.033636,-25.7685
6.2205896,17.49614
56.0794,5.5973673
-11.356693,-40.863197
-110.21429,-18.526342
-13.735189,-2.29484
86.51245,11.1670885
-110.390144,8.812543
-65.75658,30.787354
-52.892742,49.508186
-53.823044,-15.268187
9.574804,20.265837
-39.700684,90.32333
-96.28216,-23.785042
-9.328344,103.642456
-96.205925,-49.452118
-23.25078,8.68686
102.416245,6.9736485
75.91224,-71.457886
-110.34243,9.449204
9.127071,17.697132
-62.590607,-13.251514
34.36192,-20.395258
38.494114,16.642641
113.351494,-20.887735
-7.72869,56.62057
9.004345,-22.139145
-106.05093,-15.828983
12.861285,-45.976337
37.287605,75.510605
9.464399,-6.1291757
-33.93469,-12.19534
-30.27286,106.65929
-4.2555647,2.8469934
4.1298866,-17.100565
-101.30918,40.729286
35.987503,-98.87928
23.131134,86.62777
24.629463,78.39878
12.06443,77.10331
-34.405586,-1.1324115
65.175865,83.91447
11.065537,-110.23182
-47.882317,34.796894
-78.19667,9.693811
96.78313,-25.366611
-38.207043,-104.29533
-73.90245,17.069046
-80.7225,36.68167
58.3727,-30.04144
55.363552,15.478375
-4.329125,18.392672
-9.817434,-40.718338
35.35504,-60.959797
21.88241,50.40029
-61.199234,-59.712055
-23.115112,79.118004
113.379105,12.840846
46.812195,85.10487
7.433549,17.935429
-6.9201646,71.45667
54.071262,-35.126957
-60.62767,-48.769707
-46.7781,54.84119
-29.086458,-46.91762
39.022995,-1.1922351
-63.896664,13.63082
-42.97018,4.500774
-78.18533,43.25535
104.05391,-11.889814
-5.1398664,-51.93177
8.181273,65.33597
19.455462,-76.23571
-83.66249,11.844204
1.0686278,-86.890076
-22.695185,1.7783612
-47.414085,-21.738289
-18.041325,44.526073
110.87674,-7.3860536
-8.812792,-103.383804
-99.70127,-10.966415
112.41357,12.978515
117.560234,-16.229307
-56.42335,72.64409
1.6971016,77.97118
-78.36586,44.062115
-32.32459,-34.484226
38.020763,-1.3324572
104.90835,-12.129252
9.015598,23.15727
21.214117,32.277115
3.2716393,-105.30693
-96.23592,-32.629314
-24.652761,79.94088
41.130657,-91.912254
13.718136,-33.487247
-55.08363,87.08719
54.464592,-83.90061
74.07736,41.39572
80.09264,-54.61099
34.327713,-9.321451
-32.48934,2.1096783
-56.775623,53.65743
70.60937,37.064556
71.06392,75.31792
77.07901,45.660347
46.813976,56.91128
10.890314,11.968091
62.179832,67.87247
16.476944,-99.53816
-31.229273,112.616
80.82539,29.09878
25.857628,24.872217
-36.479015,33.92128
-48.043743,-98.28854
111.52818,18.105236
11.068554,-33.16271
35.4454,9.641797
-13.024458,-73.83559
-30.901995,-105.95028
-25.954855,46.95507
-57.74387,81.53171
16.341822,109.66445
-55.11708,-56.62186
-46.84016,-48.165985
87.170425,2.4589884
-37.313736,18.539673
-19.944437,-37.858723
-13.849794,-101.166016
-55.128345,86.43418
-115.2227,2.1703393
70.62644,82.58828
0.03195621,64.65673
19.090067,-40.27468
-16.910881,-112.23598
-5.51022,52.725716
-30.348637,24.610584
33.376507,-53.08105
-91.826805,-14.412265
-1.9533032,-23.983793
-35.338177,-14.944696
104.75527,17.728468
27.682018,-20.13218
76.51558,14.642025
101.23047,17.890759
10.733475,24.417202
-76.74472,39.82611
-11.2933035,21.490976
-66.28244,56.348606
-37.609898,4.236262
-34.362614,0.245949
-34.362526,67.66023
6.955416,15.464161
-101.53817,36.65724
67.93594,69.43639
20.127277,100.20448
-4.5041065,-114.19196
-3.0326166,-119.01336
-59.64868,59.60461
100.52866,-0.1905486
47.477795,-24.699846
-107.7529,-27.49346
42.163666,-4.63516
54.700943,57.474022
-46.953194,56.148766
-59.858982,-49.389076
1.0037695,-104.70322
-46.52683,49.15973
117.84746,-14.860966
-95.676674,-9.374183
-10.061061,-68.31148
-78.56163,9.254116
7.278661,11.75822
-9.810853,-114.722015
-16.796822,-106.84085
74.82838,26.422693
-3.9095778,-5.4569607
55.359425,70.69495
93.26958,-55.094967
-15.139035,-73.489876
57.010216,69.569725
-44.15626,-53.840885
-49.57851,21.707554
-94.12857,-54.202267
-57.816673,80.193504
-2.9858425,74.8171
82.31781,-48.64295
-110.76736,-0.49248338
28.546726,22.930906
0.09855533,-19.56402
24.395779,23.664177
34.791176,-2.8137128
-46.63086,-93.484856
-73.88678,17.180622
23.128002,-17.38783
-22.870409,-56.898197
16.807957,70.81804
46.509254,-24.333694
46.069946,56.84978
72.091064,-31.906195
0.8435316,-10.929918
-58.88423,72.80611
18.2637,-33.844776
-7.7070575,56.69176
21.360994,95.48765
-108.27517,9.984183
4.302012,44.6762
44.99992,-3.543963
-51.73039,-42.036293
84.611084,33.202137
32.27693,74.712654
53.77263,-25.821417
-14.280236,70.99856
-48.989994,21.230043
49.465523,-13.150188
2.5845127,-108.47855
64.72464,8.070543
101.5114,9.248535
4.40361,63.75059
-6.9154267,115.86918
-80.42698,-1.4825343
83.379,50.640636
-31.411007,80.64079
-34.4589,118.842415
-33.24822,-99.450775
-19.137909,10.624608
-34.2621,68.97371
-22.530123,-50.594
72.21125,75.582664
-22.092487,-15.199034
-66.73963,-50.447567
42.43042,35.674946
-97.972305,41.80577
49.798912,-41.649666
-47.855583,-59.86789
14.049726,-45.271355
-50.84471,113.073746
6.9539695,15.459044
66.169365,-52.45562
-111.944664,-16.311562
57.703053,19.01819
61.40483,-61.49224
67.38253,47.10732
-0.13832794,-24.530125
1.0460168,99.02184
-33.423473,-106.55027
2.2831156,-72.24504
49.94398,-13.037013
-6.639776,75.67909
-34.774048,8.608677
34.565224,75.029076
37.973854,-7.239345
7.381491,-115.90302
13.537259,112.132774
-26.502916,80.34371
-67.53707,-55.354824
-69.17222,-28.99779
-17.507381,-77.84002
5.4644723,73.17414
-65.50163,-60.66925
83.7179,17.401573
31.234112,-52.507088
20.767265,33.770832
-35.55425,-26.265205
18.543415,19.067125
13.287141,68.48968
-90.91406,0.04627907
34.603527,17.778051
4.71336,67.47144
-84.77663,45.473392
-65.24984,-52.343964
18.393581,44.192135
-28.649471,102.74589
-70.62676,14.602267
-26.658075,16.992811
-31.543318,107.25243
-40.263706,5.7722445
-4.5237417,-2.126074
-22.489328,-48.32473
-6.0567174,105.69663
45.445328,-3.3357399
-50.888996,52.617023
14.5725155,-19.7139
-50.59013,-92.273094
85.43138,-69.95201
44.120724,34.762653
-79.61141,29.29949
11.165446,-94.933235
8.4569435,55.08957
20.430204,84.28398
42.838615,-77.45734
63.54243,-38.04824
56.75676,82.101425
39.27794,-45.008125
58.665077,41.283554
68.73724,26.24541
-88.79903,-50.009903
4.0844326,-25.040855
39.309563,-0.18506612
-61.18948,-61.369263
80.1001,-54.31538
-44.548588,-21.841421
4.6769023,1.2562575
39.956028,20.228073
-27.531841,-26.56295
70.30934,82.939
10.962757,-34.57244
-22.596584,1.4618337
61.817596,-36.056274
28.422674,24.678493
8.007813,-74.803246
-50.759308,52.728024
33.595394,35.01862
-24.844744,48.52851
0.062505916,-75.95937
-48.198902,-58.49618
2.6687648,-25.67843
-45.482224,-84.724495
-29.816984,-85.26775
-63.326397,15.661892
-0.3004067,71.31889
20.807018,32.716965
-16.46007,-100.657974
-109.11696,-21.572424
-66.81844,38.564102
44.16178,-74.65365
101.17198,-29.53537
-27.51131,-80.97567
-19.96827,-28.125593
-36.24131,-111.91157
83.26875,-4.6761045
-2.0601094,-2.9682574
-28.071321,-43.18194
-4.503139,-8.85323
10.325207,-94.54622
-72.44764,37.31177
67.29169,13.114758
-66.79506,-66.80593
91.07828,44.752113
38.627,41.021626
-88.11421,37.158604
-2.646365,20.216663
0.48354816,49.4171
17.638386,-98.31367
-88.62016,-48.976032
-115.889694,1.4573123
0.77128536,-56.833614
-10.821402,-35.204136
41.4103,-11.312671
-109.646774,-1.7390984
-54.986378,-87.84562
-97.211075,19.068405
-33.14663,57.149345
87.99889,44.036297
63.52758,-37.882626
49.94714,-37.0161
30.831057,-111.54272
-54.315475,-36.138992
-42.86783,48.181667
-50.545223,91.67854
73.98829,41.420177
97.719986,-26.607027
-75.80277,39.58136
-30.116287,-94.69297
-47.90538,-38.77303
40.97269,39.177452
-24.185179,-39.321632
-99.493904,44.27216
70.49816,40.86225
-7.1810555,78.66518
-59.095905,83.1281
-4.2555647,2.8469934
28.440187,24.66623
28.141144,22.972347
-36.26459,58.031654
36.47359,-113.50856
6.1177387,16.957916
-24.76836,-72.46495
-100.88834,37.17915
-0.5521457,-24.45481
-1.4963131,71.0168
-47.982105,-28.134602
-10.072426,90.381905
-21.283403,66.72666
27.16595,93.247826
12.499631,24.523367
-90.2297,-31.871424
-63.035603,-13.516481
-46.918396,-35.075874
-100.27391,45.894447
-57.558674,100.04376
-6.017262,-89.25523
13.434911,68.43232
-16.078362,23.205574
-47.75269,22.561848
-46.6907,-6.6809688
-110.621216,-18.54039
7.688749,40.722412
-55.78695,71.74763
40.757965,10.922493
-80.22338,-1.2547418
-40.853912,8.229639
16.573324,48.775833
46.904438,-35.216934
-37.934025,6.6687746
-37.179543,-78.61887
-110.628265,-24.389568
6.177929,33.048462
30.891373,74.7989
77.2063,-3.8278153
-45.960297,22.163252
40.784428,-11.969239
2.5491016,-108.682556
52.784004,1.7186077
-12.331798,-117.760124
51.074913,13.548121
73.380066,-34.96244
-112.14447,10.324008
50.212955,92.65431
-13.32582,-73.38924
-102.94857,-10.811998
-42.082104,91.50109
-37.686012,-103.19403
-42.658943,-86.81179
-27.055115,39.01195
32.391865,18.151068
22.24852,84.985725
-54.589825,-57.220543
-23.30057,-0.7920382
-44.51171,-16.902584
111.7047,-26.027292
-73.116745,37.07759
-5.3761215,53.47027
19.364923,80.19078
-87.48802,19.693607
75.91224,-71.457886
24.063269,88.71728
19.090067,-40.27468
86.2125,-66.433266
-38.108284,4.0394254
-106.139465,-15.882573
-12.3032255,-0.59522164
-56.579548,93.31724
-30.012587,-84.723976
67.54911,10.456937
7.929546,-18.543295
-6.487295,81.590904
55.033825,14.733348
18.649681,-76.33035
3.8516698,-25.700182
24.263573,-18.688904
-33.629486,-104.84388
73.448524,-7.654885
-30.884895,39.453167
30.471075,-42.406067
-83.44897,53.495083
-32.58074,38.699455
-12.495778,-1.6157329
1.7796104,30.335897
7.1426206,99.96723
-50.19481,88.215805
15.932394,2.5116372
-35.449856,58.115555
-11.227719,105.39953
-79.6222,29.332218
-50.724968,-29.249617
5.374676,71.52767
-29.369593,-93.44662
-15.0363035,-73.28559
55.359425,70.69495
-14.882561,-73.19359
1.7709929,-56.30516
-45.92357,-21.133091
-0.4080565,-47.46006
-19.166561,-43.53597
-45.531055,-6.426015
22.235107,-7.1205983
-27.706253,9.4969015
63.12064,21.386587
50.250244,-41.723793
50.811836,-13.26155
-8.967136,56.364754
66.06467,-2.62587
-6.7298813,91.66708
4.400997,63.52712
-76.33716,-31.363346
61.43367,-40.07882
-59.074333,72.761894
-42.246685,114.80302
87.480515,32.926376
-33.779346,-10.578738
-56.88133,3.45338
-51.74291,-53.15815
30.83496,108.35609
-104.92288,-22.98204
19.950651,-41.49501
-54.478104,72.67751
-52.165874,-26.037802
-42.384453,-53.83426
-56.805874,53.775692
79.61692,-46.367527
76.39247,-44.83691
11.707677,-110.81061
4.3534665,-63.32571
72.40127,-64.86121
73.885925,31.554272
-57.758987,-48.824635
34.47687,16.548086
-7.154401,24.736189
-74.3036,9.055974
-74.13379,12.732663
-9.656524,89.57334
-27.584639,40.98276
55.897972,-86.55232
-2.2237325,-87.44184
37.427044,-50.845367
40.065277,37.92099
-14.273967,-5.6135488
-27.252577,-53.478027
-112.77545,10.627642
-2.1145005,20.75757
34.7091,76.7989
-3.912691,-119.55242
57.517437,43.465286
72.16976,3.5664177
-4.8971424,-92.995346
-65.86486,10.133403
-46.951923,74.15268
52.823906,-44.568657
57.35949,5.6092954
18.720274,4.130903
55.53405,-47.091908
-78.39281,38.608204
-34.429813,-25.017643
-93.94729,-25.562887
-58.56659,78.568535
25.918827,-20.822708
33.6394,65.60293
66.21675,4.6790776
55.648624,-102.99698
69.91445,26.5337
-103.434494,-9.89374
-43.8227,15.811558
25.158674,-54.199043
-81.639496,-24.755875
-33.487984,-109.73897
-71.091774,39.1756
83.55429,-74.216354
-0.8694253,65.41926
-13.488569,-73.60959
-103.27208,37.684925
53.07333,-80.837685
88.02149,40.28718
43.031105,73.73616
-63.364983,-66.34488
2.2170086,-58.990482
-110.269165,-20.889757
-90.51454,-47.527225
-103.768234,-30.206985
-45.122604,-53.55844
-50.92618,-91.40021
43.907448,-92.322205
55.641186,-58.585728
-19.670336,50.953075
16.018984,77.75284
-79.37514,44.83506
62.312634,-63.36083
20.795742,47.901417
-97.79506,32.421787
-50.283424,72.147804
26.914955,-20.955248
-0.71382636,-70.8886
-0.44760793,71.121254
51.93272,60.06622
-28.823734,-106.02023
16.62881,12.660506
50.79999,-12.812065
-112.23579,10.4054985
1.394184,-83.78979
-0.82476586,-61.456684
100.21868,-28.179605
-60.298065,66.45371
9.405292,-8.882115
-82.11051,-25.502874
58.49259,-90.97085
57.209743,40.862705
78.48946,10.728769
64.11258,22.252542
-29.311031,84.715485
-65.963486,56.277668
2.9928029,-86.773834
-60.61428,76.09341
83.36721,54.310715
-79.37104,45.067963
96.10929,-11.484381
27.553566,93.50132
5.5124207,72.26806
102.15387,-28.336237
56.11399,62.246384
64.75413,7.377311
-81.451004,-44.615177
43.556305,81.603386
-109.06835,-21.534426
56.92229,-56.457066
-104.72143,-23.835123
-59.584724,-38.724773
67.78124,-57.433544
43.75404,55.77059
72.09778,4.3920817
-64.15021,81.9543
17.044842,-89.87827
28.712238,68.89173
12.264667,-23.650806
-48.556553,109.926414
-77.74275,-34.313374
-12.835253,-118.21541
-80.73185,3.1443188
-22.852114,-1.6902914
46.428547,19.854084
-38.73811,99.76786
-3.376258,102.26012
70.609695,37.06485
6.091225,49.567566
-32.396843,111.00887
-47.462307,104.630714
-6.733341,17.454561
8.894345,-36.112755
10.624356,-8.295868
14.070625,27.212797
-48.28357,-58.20952
64.80928,1.4863425
23.265863,-19.706327
-61.047283,31.484396
-93.49804,-26.19886
-4.4863877,57.573174
-46.319263,-54.559128
26.010685,-52.455864
-54.756176,-90.06726
1.1820852,-7.1138697
97.12756,-61.94045
-31.745419,80.35858
-35.780743,-26.242464
34.056087,-20.108786
0.624182,31.210642
0.9824398,27.798359
84.42404,51.719788
-61.883106,82.77365
2.3397887,-72.55108
-45.476246,-3.2367187
35.212536,36.883766
-47.406456,-38.395737
-45.88692,-22.503443
18.640112,7.4423785
-12.78345,90.846466
21.557827,95.23897
14.886038,14.845623
4.7944546,77.85181
-49.039654,56.939575
-25.239534,48.026752
-20.655268,9.346606
0.81848544,-71.878975
-54.18796,-60.49898
23.315563,-17.567045
90.07458,43.004677
-23.910242,52.57884
-98.396835,19.286179
-9.772062,-115.24186
-55.361988,-87.138435
-38.604153,-32.044136
-9.365812,-119.752975
-87.708496,37.56721
79.31782,48.165512
99.75581,13.083979
-26.546896,-52.419827
-46.20842,-54.326042
-110.57173,-18.545986
-0.097177625,-17.488022
-71.22706,33.31691
59.709267,64.72163
-64.02935,-58.721966
-31.729836,80.369675
10.840677,-32.35336
12.455923,24.56517
-6.9369335,46.66579
-31.415142,-13.226743
51.081493,13.5507555
55.762398,-20.074783
16.5616,15.031479
-104.96602,-31.354803
29.512577,-113.78168
33.57801,-78.67663
-51.95137,-27.28565
10.723581,69.63244
-53.146564,105.65014
-5.2417974,20.53051
104.39998,-28.107626
-21.680708,-72.41175
-106.04855,-33.838615
-0.5893094,-89.1143
18.906507,72.91898
18.311226,-43.296375
-43.300735,-76.946815
56.3568,15.024543
8.4864025,-2.6347835
-53.389328,49.859455
0.7169943,-95.439766
-107.9984,-6.3583436
-32.201454,-15.599245
-26.515196,46.340176
0.42132246,-84.82445
-97.793594,32.42129
-25.466057,-26.597471
31.788113,-97.017044
-103.04106,-9.761645
102.31191,-28.37396
-88.67651,47.84215
89.83086,-60.650444
104.14778,-28.158562
-74.13256,-6.281703
59.563,-13.318664
-12.373529,-56.852932
60.274967,-36.54605
-54.52857,-60.75777
4.000468,-64.27225
19.648745,89.513596
53.653107,40.031097
9.72474,-39.795784
-28.09044,87.09593
-110.5097,-24.288586
87.9093,3.1435194
-96.37072,-49.268238
57.82666,5.4708543
13.7108,25.963621
-8.287644,98.62141
50.309376,-34.076275
8.113078,8.131097
-27.259315,116.82331
-0.25202328,-92.0809
-104.29975,7.0667768
9.312845,22.634836
-90.21983,17.545479
21.066975,89.62522
-51.74482,69.109886
-0.5706634,-105.679146
6.6919274,87.81547
-87.11492,-6.1166263
19.245209,73.50867
-36.30417,-106.203545
-112.39901,10.408715
-49.38819,23.304665
-26.604345,-52.83448
63.139126,73.37127
-92.197716,52.55971
-110.31794,10.5796795
-47.312733,53.16251
34.14493,-9.282217
-4.2555647,2.8469934
56.27702,68.569824
-31.604967,39.857246
-1.3134658,-20.350933
-32.679867,38.92209
84.874,-31.66163
-0.04855692,-93.90673
45.61884,16.84246
82.55476,-65.84448
-10.097344,-58.82003
-26.676544,19.57567
68.77587,78.2469
117.92534,-14.313559
72.14827,7.0778017
-8.549545,56.884705
-72.759056,-1.8978271
90.07446,43.004818
-83.08397,52.152393
-7.561993,-87.91207
-84.86588,32.54907
-44.946724,-84.55638
-10.743562,-40.50762
3.828996,64.68997
31.843964,-96.86571
27.748507,67.70931
79.569626,-70.69894
46.10125,-84.77653
80.23475,42.123978
-37.136173,22.337507
9.464399,-6.1291757
14.524529,-39.46438
-32.751564,38.751747
-10.114808,-102.72881
-11.685187,-113.5899
-34.899277,11.416115
-59.70597,65.56106
10.082584,19.916225
-0.11887097,-23.819857
-11.878739,-40.567474
75.92878,0.17752412
69.85341,46.032925
-33.664894,12.155328
-0.61000717,64.82199
-56.496044,-38.12246
34.57294,48.943897
-107.58351,-17.955658
8.850938,7.533366
30.91333,107.830215
-32.36499,-107.947754
-3.9426258,-35.626503
-60.847904,6.608157
-76.75982,36.558113
-46.474697,23.788757
51.711826,15.915818
-4.5663633,109.46222
-0.47989225,-6.394795
-46.948616,74.16263
-4.8201337,27.596159
-45.94473,-20.915209
-71.98596,14.31351
-59.547157,65.273415
-106.47806,35.506107
35.251873,16.617876
100.26425,10.190471
-7.0952244,34.294186
8.7728815,-8.784714
114.78334,12.044384
-10.425241,2.2863922
33.36066,-114.86092
-21.778736,-75.57551
-3.1511493,4.246953
43.726933,74.42335
-22.687752,56.08187
-80.48267,-14.936811
96.7557,-61.24264
-52.686054,-25.584654
-0.18437202,63.08353
3.011008,92.04232
18.734098,-64.07321
-79.68618,49.33261
-21.88687,-75.04269
-2.031553,-60.13033
4.2276545,38.048862
6.855421,16.211248
95.56615,-55.13241
-66.36941,-56.142204
43.520622,81.55368
2.247292,3.9601276
30.96078,107.69204
35.38736,68.96206
-33.778336,-109.980034
59.88377,-45.424137
-76.57006,36.763783
16.08746,71.90804
69.67937,7.4099865
-15.683718,64.97625
39.791405,-54.210518
-2.6851811,-36.701923
-63.150898,-13.613365
82.58261,28.322073
-16.829794,49.644897
-58.654453,4.1076307
-26.88512,84.67606
-34.000122,-12.749625
-65.33535,-28.41131
46.868202,-36.952152
33.44474,-114.84448
12.710293,-23.618534
-34.298832,-0.05121155
-49.893177,-36.97536
-34.599556,-17.513937
71.329346,2.8040924
5.110777,66.27216
-40.51041,5.4339695
17.9801,-97.42079
106.59882,-38.336216
84.81594,-65.09381
-84.507805,45.81343
-38.823513,99.376724
-72.45154,-0.42194816
-31.888578,109.87497
5.321247,-35.872974
-28.65779,-23.690437
-3.827251,18.48649
-0.79787624,-56.704075
47.769295,56.422573
9.799197,-8.908592
-91.11525,47.850777
107.03896,-1.9753958
77.26898,34.771584
19.082863,-90.62792
15.501001,52.120712
30.366852,-115.53086
-6.7547746,17.458906
24.831202,-54.581455
-26.860847,82.362434
-75.31287,-7.8499336
57.062874,69.76846
71.75634,73.33375
57.392166,-99.91682
104.22411,-28.153309
-26.342484,8.444388
-84.814026,46.462322
0.75997823,-71.36041
84.55486,54.185093
-97.793594,32.42129
-35.28079,-21.75771
4.753275,-15.226774
-98.94579,2.5909343
-4.3767524,68.90172
20.062933,-61.582775
-10.454322,2.8293493
-27.917805,-105.80221
25.164309,-59.618484
55.251827,-56.635063
26.763414,23.330698
-106.90481,-35.570797
11.068545,-33.162704
-43.196033,50.823475
21.392517,-51.89211
-63.53034,-68.06346
21.637362,90.49878
5.1753,66.47881
-45.50209,-3.3176947
-19.103695,50.98181
-97.30792,-32.069733
-59.07679,97.25369
12.789926,-9.854564
67.06739,5.524338
-50.51193,-54.041595
108.83513,-42.267372
11.269424,-8.063119
-6.445839,-55.00858
-0.33023715,-95.61401
-104.77582,38.30016
-6.873219,79.63156
-57.501106,1.8924495
79.7103,-54.562283
33.15753,1.5711608
-25.045925,31.312944
31.528425,106.763664
-47.81096,52.184387
-78.14584,-37.626717
-33.07888,-2.3675313
39.109566,-1.1184355
-74.99527,-14.398892
-30.952637,60.29753
5.31439,36.247738
51.52088,-85.93289
66.49593,-45.518646
-26.60946,-15.595291
-45.737095,-7.6982975
58.224247,86.76699
3.9897487,-64.26964
8.689208,41.758724
-51.59977,-42.069954
74.396164,40.889347
-28.839209,25.655994
-0.32078096,69.87298
59.010506,84.20909
55.498596,-103.23807
-36.705215,-79.555084
-5.322952,-67.75021
-115.846825,1.4346145
18.765018,-91.73465
38.191547,5.674718
-33.84542,-104.76931
-90.21983,17.545479
78.40936,-73.67449
-35.297222,101.66695
-108.29649,-24.156038
22.648664,-50.370785
8.627502,-8.955353
35.29363,37.354553
-59.52343,65.13849
50.30107,-41.654507
-107.4211,-6.8729844
36.2457,-110.30792
106.555786,-41.772514
53.110825,-90.61698
-58.67276,83.34392
-7.6717334,80.0957
-67.21164,-13.80214
58.538116,83.794685
-110.021935,-20.944714
-61.285275,2.6220925
7.926181,9.878785
-57.745495,81.53283
-26.71961,86.49845
-35.19065,3.65428
-8.0881195,-59.80922
-59.894547,56.68705
-1.8355308,-61.96209
-22.299065,2.0645597
103.28477,-46.79295
19.729301,49.91975
-35.70028,6.7489014
109.157005,-2.1781783
57.75981,-62.23403
-60.96118,35.597214
29.574394,-114.21952
-18.031883,44.50949
33.516956,-98.374535
49.504566,-81.92269
0.69306666,-7.3754044
20.485315,108.77622
34.648537,18.828285
77.38978,-3.7864048
72.796585,37.808037
-27.975943,17.758133
-5.290534,55.486523
-16.38014,-25.099218
73.25778,-72.91801
-11.369143,-35.348915
5.094496,77.880714
-17.152334,44.04472
41.832897,-5.969053
-27.00626,16.135311
-35.98381,-90.28096
-49.000885,57.542526
-38.13494,-84.59592
-67.09973,-53.009445
-96.61255,18.972382
-18.48961,-76.11215
62.02324,17.278336
24.397856,23.666428
33.5453,18.906233
65.329704,-0.9545847
3.5921834,51.854355
31.95288,-41.022663
34.19862,9.659139
43.26601,74.04613
-17.900335,9.199714
53.042664,18.234123
3.9923277,-64.34177
-0.40990567,-75.72728
7.525198,68.07101
-30.402298,-23.41068
-14.101518,-98.097496
-23.781807,33.18148
9.267637,41.155678
21.35216,95.65893
-22.394173,10.59427
-97.61715,-31.62105
58.656487,-13.579999
35.73026,-94.1766
86.62011,8.888149
19.960358,90.147156
68.62963,37.179802
25.243362,78.84498
-81.125984,7.8856673
-61.800842,-17.02644
-77.69037,34.22772
-80.75412,2.709466
7.2343855,-20.597305
56.112507,62.366367
116.30276,11.538495
-0.61744285,-47.81198
-114.80119,-1.3863422
-45.088398,38.020596
-45.219677,-49.49358
85.98369,0.5516966
35.482998,-1.8324448
-27.957758,-106.22905
111.1159,3.2785454
-51.151646,103.52103
57.371124,19.896713
-38.23353,-95.335
-102.43934,37.20237
-35.96045,-25.947416
-35.544643,9.262789
17.59683,107.113045
-31.53882,-51.695652
-54.77964,-60.37089
-48.77928,66.450264
32.180557,-100.517876
-2.5930173,4.339664
-54.583893,86.6376
66.24855,-57.38317
-25.277985,31.52054
-5.24504,81.673096
-29.783936,-50.583076
-11.504488,-1.7275649
-16.506805,43.093086
36.14318,-13.142316
14.684678,74.592804
32.242466,-89.177414
-21.391754,66.774185
-57.357414,1.9205608
-49.106514,-59.62113
71.08177,80.54632
9.211511,54.544968
-80.14599,-30.362179
54.485565,-38.757362
21.877295,50.96937
31.226414,-99.291954
12.116064,2.0750594
-6.0016627,-52.310276
96.54158,-53.758408
68.03393,4.183324
-64.86289,-28.805075
-34.988823,-12.537792
2.3404691,-72.66409
45.96753,-35.886097
15.7936735,77.9261
-26.952301,31.988663
56.487083,-55.31393
-49.68005,-91.73589
-10.6412,-36.283997
15.794734,-98.581215
77.51278,11.386701
-31.507088,17.24445
-40.55316,8.248029
-92.073586,37.14202
21.528704,50.214005
-21.539537,10.601823
-80.59225,40.534603
-51.83312,56.421097
-25.344347,-17.428188
18.63592,-76.341835
35.69452,-8.1386175
74.52247,-6.4709735
96.7828,-25.367123
-58.432903,79.52218
39.437847,10.448268
-0.33344594,-95.92892
-0.1781758,-85.14912
-98.115005,41.814106
-32.446125,-35.813908
-71.80318,32.317062
-57.174118,70.332504
20.449013,84.29545
43.56542,81.57162
-28.99027,-106.363495
10.007984,-6.001668
31.762665,74.628334
-47.35892,-22.602377
-50.597733,91.57689
-81.21358,47.60755
-93.02217,18.031172
3.9968657,-64.30636
20.636492,34.477943
-8.770415,-115.33873
-23.887379,-39.490948
100.5288,-24.847998
29.149588,-110.50105
79.343765,-71.406105
7.7600727,-9.116796
6.3390574,-50.578686
-9.66745,12.979924
70.48039,45.537514
-108.35017,0.61172354
60.61436,-62.68338
-68.768135,-9.75903
-39.284286,4.747304
-35.392292,-21.493755
55.571316,68.564835
8.5980835,8.946724
33.601856,18.773531
-30.90114,-2.0178843
55.09517,5.660892
40.47531,-80.641556
83.25396,-65.813576
70.47357,37.037586
-43.92238,10.743204
-36.992867,35.53723
-44.946014,-84.5565
60.33966,-36.41703
-88.78391,-28.719334
20.763039,109.19292
100.49106,-24.80251
88.07723,40.84616
-3.2265062,98.41344
-13.709559,-96.0522
70.85965,83.67495
-79.63958,-44.461754
83.530846,-74.2674
11.799095,-10.557465
-37.840057,18.159336
17.300781,9.9921465
-55.018227,-86.99313
13.313299,96.46379
70.22287,-19.291492
1.1150365,-96.90326
6.032505,-2.567251
-66.04199,-56.04331
107.05958,-3.9894419
-11.126787,-1.7798413
-8.148862,-34.88078
-14.1896925,-115.39633
-12.608401,-119.53153
28.44776,24.648813
55.898987,3.4549654
12.429104,22.002592
-48.31519,59.24137
-19.096245,50.987297
-30.67909,1.9183059
45.92642,33.028484
-59.398373,64.824135
-48.574734,35.52102
4.1928043,65.6358
82.81478,-65.64155
-109.64333,-1.7465729
-61.304306,-59.351604
62.108223,-60.23503
43.56738,81.57425
-71.871994,16.44341
16.356415,112.76324
12.578809,12.965783
-41.520954,-87.30648
-30.488894,-100.03369
11.128185,96.36423
39.73943,4.2241955
9.129644,17.69563
-62.205025,65.84761
-48.777817,66.46121
-21.508427,10.766491
-79.12223,14.770555
-2.4620714,98.163605
19.950647,-41.495045
-29.2493,-107.04284
-31.197433,-106.25721
79.25167,-19.684376
-80.265686,53.726326
79.72143,-69.10152
53.98916,15.282331
57.889534,-91.417
-16.41129,-101.19592
-41.399185,4.611694
-73.84508,17.276243
80.96964,52.014156
14.083764,27.291838
-29.433615,85.28917
-72.39607,-4.0660253
34.464943,51.34738
20.823868,11.166365
87.38494,38.54969
65.01375,83.037796
-14.0420065,-100.02862
-31.540245,-29.924595
53.003395,39.22721
-105.88573,-7.2674522
-24.455372,-17.400433
60.562775,-23.769157
15.188513,-100.98751
23.530947,0.8248994
-14.599829,-121.59481
89.83089,-60.650448
61.242416,-36.92341
-47.633007,-27.84818
28.338554,71.70548
-108.55347,12.728534
18.08244,114.08743
-4.325004,80.425514
-78.72944,32.97927
14.096658,72.50299
-4.8708777,-115.625854
5.2282,29.239893
-5.893249,-3.427111
44.184334,-70.93513
-61.475105,-67.65939
-36.233887,-90.19639
-49.929924,33.664963
6.904754,-20.465078
-17.680414,44.34926
-36.49577,34.0929
56.372715,-24.41505
9.917082,4.070801
108.84103,-42.28891
-64.47402,4.7512274
-27.019999,39.007458
100.56065,-25.992998
48.14101,-26.822767
109.201485,-12.816516
109.470604,11.257359
91.98296,-34.594242
-2.8743372,59.19931
-94.46116,50.13976
-63.482433,-67.32826
42.66826,-102.052574
71.144165,3.548696
-33.788097,-72.493484
-28.839508,25.66153
85.70422,3.5091438
-64.22854,5.4117
1.500992,28.585606
-67.04461,17.17509
98.96548,-29.158054
-33.542934,65.758415
-40.511116,107.54804
4.1928043,65.6358
43.50281,-102.369415
42.81141,-69.39509
-2.4500937,35.047688
-0.012219461,-85.744514
-38.584896,-106.01666
-47.980022,-98.31745
-86.42835,55.125015
-14.96345,-40.733154
69.51957,-21.460339
-25.055458,-73.94837
80.44212,54.25835
9.56206,-39.109165
-47.962154,105.07303
-31.53882,-51.695652
-53.828648,74.30978
-111.99341,3.3957074
80.8749,-59.228035
-101.06016,38.861362
6.7519298,-34.000065
-75.93115,-7.602192
10.294885,112.34047
-7.0215983,-54.592815
-42.478436,83.20263
41.69919,82.76932
-82.43579,54.107384
4.697427,-19.428091
45.896397,-36.844803
-85.92575,48.722885
-15.018718,-23.960926
-8.692651,-101.27796
-34.989525,-17.857166
-3.890511,-86.686516
100.96971,16.543
-99.79611,-11.24347
23.528168,-18.584469
21.245745,7.997303
-107.09175,-16.962015
-106.37255,32.27146
-58.757786,93.22704
4.130595,-77.062164
-77.91104,-41.036194
-12.318432,104.966415
-2.8928967,108.63328
-23.26769,-46.69378
-21.14695,52.103016
-6.760116,50.824818
73.07977,0.025243374
22.896046,-20.138872
97.444336,11.365462
-30.95386,59.96845
-13.584291,71.42254
-3.862441,72.78965
1.5051012,27.21694
74.26313,-17.377424
-37.51512,-93.72902
19.046944,-90.641884
-80.81152,-37.983418
-34.362923,-93.121544
7.3197575,12.297317
-0.40568078,-47.479004
-29.85596,-86.155464
76.551285,50.25916
-17.280806,42.821205
-11.719819,46.719646
-0.23459683,-47.487392
3.5054276,-88.916725
-10.177974,-68.44464
6.521426,17.203007
34.954563,-54.49521
-4.5837703,33.184155
18.759075,-64.010735
-26.487976,46.37283
-40.430275,115.68832
-75.5425,-10.868774
-10.373904,1.4226557
-82.655014,52.093216
8.010899,87.36902
-103.64171,40.35035
-24.461107,80.2752
38.60427,-4.729189
-59.54426,-54.306137
-92.429825,51.400894
25.33699,24.390219
30.090822,-52.82669
-19.992275,-37.86954
-102.16399,36.662434
-45.714485,89.66041
-43.849255,53.556988
-43.33592,16.424147
85.16564,16.233362
90.10152,-35.29014
-41.988564,53.770786
72.95017,-33.979473
53.365196,7.1503587
-1.0543718,101.81299
-41.892628,34.16365
-72.02393,-27.32914
79.83098,-68.91154
16.530005,110.013596
89.59775,-35.072495
55.70295,-45.75002
-96.861565,40.89168
-41.37858,-57.990513
-34.254253,-25.050127
-4.277422,68.569374
-47.908527,-77.90907
4.0589805,9.253743
-3.2750857,-1.4400309
-38.650536,-105.49526
85.10357,9.039164
-50.41592,67.60353
16.721811,-39.43453
51.380524,13.553113
61.646145,-63.69123
-90.37497,-47.621048
59.216713,84.700356
-79.93394,7.4672174
-60.210983,58.85447
-84.98403,14.228088
88.10983,2.8556392
11.355819,-111.02733
-97.39095,30.054962
5.5808997,69.09617
30.614794,74.45828
-55.753555,57.383675
-56.834743,2.5915744
-66.95523,37.12064
-87.851944,-49.40605
-18.608091,5.7679434
-5.679918,-117.62875
35.35504,-60.95994
85.53759,0.52682114
53.306927,-94.09673
-14.618914,-121.60012
-86.039925,34.747692
17.139214,-96.44157
95.865326,-55.01164
53.2738,18.23266
-101.968254,-11.316614
16.902817,12.208449
35.22263,-49.833164
50.042305,12.083256
-108.41396,32.608124
108.62479,-41.963806
107.18582,-36.879623
-73.716324,9.905945
-7.329066,-56.11736
16.341635,109.66524
6.3375893,-92.04531
56.89404,82.15135
-41.003757,96.47286
-29.817081,-85.26771
-38.021217,12.633726
0.56050545,-24.883974
-51.152462,103.42974
-47.128777,114.51392
98.99,-30.062647
39.798424,8.739208
-6.294088,1.9687716
117.93679,-14.571548
-10.2354145,3.1587157
57.59371,16.248158
55.322254,-37.021343
108.131546,-40.644268
19.987803,78.991516
-36.000267,0.5616547
113.96186,14.146284
-23.068851,-55.373302
38.601475,22.366323
60.81716,-8.949189
-74.56136,17.937506
-11.4096,105.170525
-84.13716,46.620716
-33.87206,-94.971886
29.352556,-110.51702
-93.97497,-53.915405
-9.54973,-1.7981265
-27.937635,2.715344
-24.004763,-17.837563
-21.091583,51.846245
82.09837,-4.3189445
64.91592,29.004301
68.273926,3.8661427
-64.12035,-70.05546
-25.790718,-82.884735
-23.954712,-20.702454
17.546053,94.64028
-30.963087,60.341606
-62.096455,56.397087
-82.1927,-38.125015
73.173515,2.3327475
100.226135,10.142807
-62.144436,-0.22401938
31.226385,-99.29204
-21.124693,54.30898
-44.43716,-54.287075
-70.18886,-25.21327
2.077125,-24.652145
-12.316871,-0.34400162
80.025734,52.015896
72.927605,37.564075
61.674824,17.022161
-105.79514,-33.62159
28.444157,42.512226
71.90767,-36.397015
42.548687,-77.529594
-5.4982834,80.95313
4.7003093,1.1491532
0.6444994,-92.95113
-53.342484,49.9442
-5.9551067,26.856651
63.209366,-30.943747
-95.66829,-11.830561
-29.091368,-82.93069
-49.78159,-87.90516
-51.0029,-56.928806
8.240377,9.862041
86.13522,0.20319255
19.209347,73.30583
-1.6394005,-86.83774
-52.262592,-52.54118
-59.024673,31.162529
45.885406,16.814571
-45.733696,-77.087204
7.60005,-6.506404
-3.7733846,99.873764
-92.88398,-7.7505875
50.935207,35.43684
-61.889767,65.541664
15.904417,14.879752
19.72589,33.53984
-0.32215738,102.26362
-83.62967,7.67404
93.26961,-55.09496
109.00507,11.014733
36.506454,36.764053
-74.11711,-31.372297
40.715553,10.30097
88.88394,2.4492118
-22.446655,-44.714676
-64.70649,82.11639
-45.714718,-55.165634
-46.47925,37.09438
-101.62691,47.88843
-22.649721,56.19444
108.11182,-5.8181424
53.28337,-44.909687
-104.07617,4.26666
-45.652275,-22.14444
11.672021,112.46198
-33.6241,-100.23683
-31.292707,-42.975597
-43.731438,-54.378498
25.15192,54.655262
37.835438,-49.332626
-37.782665,4.8466654
43.187576,-76.49467
-58.10093,79.417435
-2.4057124,-23.810816
-102.645706,37.3719
-46.474697,23.788757
97.704544,-20.155031
-14.599829,-121.59481
21.730658,-16.649727
-19.433662,-42.98645
-18.05061,-77.86839
-0.919319,-57.614376
61.566925,22.091131
-79.4671,29.389265
-1.822044,-87.700905
-49.1126,110.31474
22.136524,-20.040842
49.531227,-90.00536
-30.185942,-84.477295
45.93236,17.930462
15.869712,25.110182
102.590645,-1.1183901
-37.520573,-77.379486
-84.669525,48.415104
89.407616,-67.58746
-107.98974,32.991573
-49.659283,-87.94292
-105.45146,-29.875837
104.215195,-28.154518
15.50512,52.11668
-75.92498,37.733738
99.74441,13.086217
21.020252,-37.487377
-59.845894,74.71325
57.720886,18.426537
-87.87055,-49.925915
28.255865,42.226875
-16.288822,-101.83904
9.382335,-16.670013
111.22593,-7.506771
19.159716,-90.38283
-65.6867,-67.40004
43.867508,74.45462
-31.700724,-51.552773
5.566875,71.980644
-38.203068,9.395663
39.213375,62.59156
-65.498764,37.36712
-63.875572,-16.281057
-47.14854,104.48562
-43.099327,7.0015426
-61.932083,83.26646
-6.4283085,102.68133
54.119225,39.11517
-4.483861,-54.92247
6.042735,-19.382101
67.22429,13.259019
75.87994,-6.9363747
48.256084,91.58278
21.624552,-38.18665
32.855843,7.9600277
-73.11466,37.07766
42.72816,-102.44606
-66.17636,-50.12688
21.871117,-37.941376
13.421375,25.790691
-32.547543,25.095179
60.25516,-8.844106
-37.481865,31.991522
2.851686,34.2409
-53.669014,58.823483
-28.831818,-106.7614
-30.20768,-44.542694
57.782425,18.29265
-38.961555,-84.905334
28.440182,24.666143
35.527977,-17.277945
102.53297,-24.199347
117.83122,-15.239217
-77.18314,-40.9795
-11.369072,-35.350227
-48.521618,-99.08291
-111.87538,10.380467
-54.346947,72.18891
65.86643,-55.059914
20.621565,17.47472
25.525955,24.246363
84.82096,13.733067
-80.96434,-15.818054
-2.0436468,30.857271
-21.079369,54.616962
30.031507,-37.081665
1.8543948,65.202835
-23.217016,29.608238
0.00537539,48.041733
-13.328767,-4.0651937
50.439064,3.7569854
98.99032,-30.081408
-96.70523,29.192299
-80.39138,51.37612
43.885433,-102.49963
34.91008,75.80253
6.0855684,-1.2723205
-94.42979,35.46533
-107.090576,32.599976
68.3574,9.484309
3.6796105,103.55231
-43.051155,-55.00211
71.4302,6.1919227
-32.97385,29.343424
-23.7741,52.304432
43.361053,72.782974
57.370262,-37.729385
19.136713,106.577095
13.566688,1.9268063
-62.26099,-10.86237
92.42885,35.613903
-51.318874,-27.474255
-86.618996,-35.23884
23.34379,-83.19878
-7.933996,73.379585
0.9753871,-9.292119
18.906507,72.91898
-18.900434,-42.98441
-53.42985,104.219246
-11.939143,-122.23412
-101.093094,40.29981
25.013676,-54.548782
56.743534,-37.881023
1.8108641,-25.172148
108.2597,18.075085
32.12217,18.213102
-70.43645,14.980881
6.3247275,10.394422
10.786216,77.83463
37.696213,55.631744
-13.426549,-118.743965
101.89767,15.389582
-33.4234,-106.55026
9.186947,40.864323
32.15778,-87.93806
32.127953,74.56075
-12.705568,77.35849
54.943233,-56.48165
72.89406,39.358185
-33.789192,-33.326183
-38.43686,-104.76711
-30.563892,-96.79471
-81.11704,-13.961734
-12.939193,70.47284
35.267406,68.46602
-4.824181,27.623371
-22.042625,-45.461678
-81.3354,42.82755
46.091267,18.34215
-49.578815,21.707138
66.16804,-52.454685
9.015112,-50.24318
-16.273544,-21.038624
29.35005,-110.52976
-37.259228,78.69598
-18.671112,-45.270866
-67.08487,37.500454
-34.57579,57.676258
-26.29004,107.59408
-31.258732,97.425125
-20.811361,-80.11634
-32.900116,-106.79131
-36.958717,-112.28204
73.26116,50.992077
89.453995,-67.69509
8.506075,-50.078857
-60.710457,-69.49047
-90.05996,-31.371798
-41.63011,94.70356
-62.914066,-13.43661
2.527877,11.851095
-54.71345,-61.040844
108.62479,-41.963806
90.091484,-35.292004
20.34865,-23.622404
-40.194958,95.75958
30.614246,74.45815
-105.99899,-7.118332
-17.525984,-70.6537
-107.06882,-17.604643
-95.09043,-40.735096
56.74212,6.8730574
0.3022106,-16.73992
-45.463245,-92.036575
97.6446,10.020202
8.409837,18.414389
-86.36531,4.018437
-26.150993,112.21438
-5.5786433,-116.06539
117.56185,-17.515734
79.7185,-52.363724
38.669456,37.39533
18.47482,92.523865
-85.30763,-47.94951
71.994194,-36.29945
-41.630493,-60.451553
-24.411167,-72.71897
-96.42167,-37.84072
-44.461155,15.642321
111.74429,-23.093178
9.904395,4.064972
68.72409,25.278034
-63.91487,13.599076
-89.45394,38.513973
-15.161527,-73.3271
-28.188383,-106.45027
84.718575,17.163986
25.877195,53.67526
-101.61466,36.306126
62.245438,-29.723341
11.2247505,112.33117
26.25973,-34.67182
-62.216637,65.845825
-35.630524,-94.30518
60.956917,-63.773144
20.189993,-23.340225
20.785336,-1.9921613
109.12676,-5.485815
-49.12513,113.854034
4.2201743,-23.333221
-47.898087,70.53631
52.060856,52.015617
-97.293205,32.377323
-40.42437,-60.497375
56.19208,81.42755
-87.35606,47.550888
-88.48844,-5.9477725
-22.53789,-54.094078
78.86467,-72.86122
-71.73023,39.030075
-36.044575,9.454905
97.6807,-30.35576
-57.007572,-47.23203
-2.72713,-118.41954
-11.070413,-33.395832
-65.607834,9.591048
12.4957695,-78.0516
66.27333,-9.972742
-89.30788,31.63836
-39.21901,109.280235
27.55869,43.887936
-108.36975,-23.24025
-20.044786,-16.739023
8.102345,-2.269294
-107.25374,-17.146526
-1.7795101,-87.82276
85.39815,-69.624435
54.81184,-35.514652
51.609276,-81.49539
-35.438564,-0.49851826
39.395172,-88.46748
13.718136,-33.487247
-56.842857,53.519264
-92.55051,-16.14616
-106.23831,-8.711526
86.31586,9.610162
-62.99002,-57.288803
74.30907,-19.41835
1.7382219,65.16425
-10.545404,-114.99928
14.199034,112.37506
26.788054,-20.89707
104.198975,-28.165165
61.416813,-36.749817
27.413944,-32.966595
-44.54055,11.716534
37.530952,-48.248737
-45.78083,11.391243
50.42717,3.9429717
-3.0955532,81.5088
39.966866,20.300169
70.91034,-58.346886
-30.938074,-98.14529
8.437803,-75.10779
20.623604,34.468685
32.998978,47.829556
37.38858,-113.974556
-11.935207,-73.065765
-103.19114,-9.254437
24.363762,-55.808273
71.87326,31.169554
55.50496,-45.78277
85.97363,0.74453115
-67.80507,-13.61389
-74.19506,38.91789
27.473259,44.278637
67.37712,46.99727
-63.639843,-66.39561
-18.496805,-45.3606
35.77432,67.66561
-49.616074,56.26734
70.440254,83.39904
40.40697,-12.56432
-22.323484,13.272877
-44.433533,8.678385
-10.847147,55.23138
38.852615,7.433131
-36.97851,-75.675224
-13.959225,-98.32575
12.758433,-91.647446
-17.122515,-47.355568
5.1999764,-0.54109085
-47.696335,58.08591
39.4043,-52.577774
-97.153,-10.351905
76.72586,11.881578
-8.158759,90.3096
3.1598725,91.997375
31.267832,-91.956116
8.063099,68.41991
-74.645226,18.01498
-49.94282,32.901447
-1.8692232,65.053505
10.406875,-103.116455
38.198925,62.841553
5.5417705,-13.632374
34.801052,18.913134
35.90116,-56.551056
28.144993,41.356655
-3.548409,102.14351
73.41452,77.660324
-90.57236,-48.0592
14.985226,-76.85107
-24.09215,109.43016
85.23343,9.693613
-101.52305,-11.091001
35.355003,-57.56161
20.343296,-76.18457
0.6271587,-92.87388
-23.361935,110.3784
-4.32159,-53.747692
-12.2586155,22.421225
-31.407125,-50.445698
-32.409046,-50.72144
-3.9250762,114.376015
-3.862441,72.78965
32.136013,-112.75137
-5.391995,-85.62626
112.79264,17.76298
64.27999,-62.69189
-65.35262,81.46827
-65.2011,-69.47266
47.386475,33.25391
67.28496,12.903501
-84.74573,32.638138
-17.609165,-77.64299
46.77044,31.418058
-64.021416,-14.643904
27.395538,44.584705
-58.362045,-48.69817
-48.20663,57.31973
99.22731,-29.470102
113.26166,12.197504
44.70617,-98.60462
-103.47095,-6.147736
32.535965,46.81245
-88.5737,12.006906
7.012021,-20.139038
-27.273216,108.81047
58.43814,16.483467
22.844463,-49.86436
-27.765308,117.53666
59.041325,-45.830578
-28.90596,-107.38228
46.97049,-28.475403
26.905998,91.65088
-33.798767,107.54158
3.5054276,-88.916725
-57.135468,56.90258
-8.990234,91.14073
50.981594,-105.7222
53.607677,-39.797855
-72.42626,-0.3682712
-90.114685,17.587158
105.983154,17.974644
25.992817,110.41044
-72.39602,-4.067441
8.486377,-2.6348095
-11.206616,-56.60984
22.205082,-25.75147
67.06154,5.746675
-100.622086,42.823166
36.0153,5.296656
21.231905,17.229855
-8.402052,49.995068
-4.5237417,-2.126074
7.2452884,38.524906
-94.277695,-20.043571
-48.176346,15.378176
-31.356,-105.9161
-108.496315,-21.307583
-44.7812,-78.72754
-97.16311,32.592293
1.6664952,27.346395
-88.179924,-5.1472116
-33.579647,33.84107
-36.06657,-78.73471
51.600266,-12.201794
-27.622812,-81.17949
78.33738,47.50413
-8.12666,-59.922894
89.242836,-66.913704
15.679974,78.191696
-48.5535,-24.135605
33.138187,1.6403642
19.98601,51.036472
-82.1704,-38.2417
-4.137152,81.17703
-75.88037,39.141582
-37.72691,98.10637
-33.992462,-10.420573
-82.29461,-30.909422
14.3531,-80.050316
-94.4605,50.13677
70.910774,-58.346916
-37.46326,14.638294
-79.4563,-40.943874
67.4202,42.441055
-105.58309,-6.2138133
-97.816216,-42.56135
4.06746,-25.335846
-24.563932,46.692856
-31.919113,-11.090655
81.38123,-4.0482354
35.370075,-15.172797
-27.088024,10.436881
78.06944,-3.5708923
-49.71677,66.88056
3.9260182,-20.014095
113.98647,12.176839
-25.480923,46.528805
7.217933,-7.6499567
-10.052846,-35.007206
-104.37994,7.2374473
-23.694935,-15.957044
-3.9764535,-119.5736
12.034271,21.832205
-91.39857,47.97577
102.59241,-28.389132
89.31861,-67.76824
-60.648872,60.26588
-101.93311,2.4270473
-40.307262,33.565693
-50.78706,-87.654274
3.946668,113.76819
27.228735,91.49342
-51.48878,103.005974
100.66298,-2.4043329
20.342869,-90.65567
-61.781223,-17.019682
-56.53283,-14.082874
93.6457,-10.119539
-27.764776,117.53662
-2.4480078,19.193905
94.116806,-12.717945
-3.3967628,-87.04298
6.8959646,100.70894
-56.397728,56.03469
76.29445,46.648922
-28.72141,-85.526955
21.34077,-81.85162
-42.068466,54.12897
-48.42057,57.07214
52.633305,30.995499
-29.488714,-15.601378
-45.385292,37.87469
72.78225,31.85135
-1.5673249,65.18996
-68.84493,34.57252
-76.360466,-34.103985
-7.031512,70.424355
40.126823,-3.3594356
-6.4038377,2.1469488
71.41663,75.35459
61.50369,-61.149574
-43.017143,34.922607
-53.15321,105.758514
-94.49116,-3.585888
-6.3298435,72.92731
69.540985,-21.481403
103.29735,-28.231537
-4.574454,73.30352
-33.581078,66.76797
21.997816,84.185776
71.67124,-63.91354
-12.72023,-72.168274
68.84089,-35.49619
12.607509,24.746313
57.178852,87.94998
73.41371,77.659546
-41.57139,-53.91693
-4.3308606,33.473106
112.300804,18.104895
56.924538,92.74631
-40.995773,28.354631
-76.57435,40.658257
43.667168,31.51738
-7.1818166,-116.91819
-8.121191,-101.26116
34.210327,20.544617
-61.251183,-56.158764
-36.628464,-103.66256
36.73843,-61.6784
-74.86355,40.866703
-37.943993,5.9567456
-5.3898287,55.02966
-46.98808,22.327713
-108.163506,32.535915
63.527287,-37.880054
15.019333,111.70129
-11.152412,-1.803847
52.098248,51.988316
-78.416084,48.82579
60.934086,-63.697227
86.165146,-64.20645
78.845985,-71.867874
-59.624367,65.75335
57.803665,5.418277
-83.424965,28.67763
-37.134594,33.347935
4.7330527,31.420809
-3.870746,-10.0922785
-33.463337,119.46481
-35.0021,10.016299
-46.3106,-21.236855
-45.558044,-6.4040794
12.952279,111.573265
-56.28909,74.54534
-66.43697,-50.13994
4.059339,9.245155
2.4468243,11.515496
75.02585,-31.719572
-21.581182,-74.75437
-52.141224,49.453682
-13.492307,68.32139
-89.74185,1.4536012
-4.2535806,-112.80954
-46.19177,49.76147
-97.21991,29.896456
54.858673,15.570649
12.475013,-8.193005
-45.365814,-7.3570833
46.56372,-24.523787
-66.29984,-51.258766
103.14613,-42.340305
84.93869,18.161129
-79.61141,29.29949
-25.041338,31.315868
-1.6306281,64.99828
11.377373,-33.859943
4.397774,-20.356968
-26.934374,39.141914
23.662838,0.9568485
-6.6672564,75.59537
100.34089,-9.165471
21.988504,84.16605
-26.952301,31.988663
43.617977,39.91165
58.15793,14.531479
8.430024,-90.874374
2.039575,89.90996
11.142157,-33.837276
81.22283,-4.052519
-81.18762,36.257492
-109.89872,8.262132
-57.82142,81.8086
-45.08846,38.0205
-6.3491855,71.87858
-36.65428,36.85742
26.463026,25.145962
-87.16867,-55.21605
59.3996,16.263779
-66.120674,13.546471
102.74548,-47.86981
26.788054,-20.89707
33.20508,1.455553
-23.861982,81.0303
-16.195646,51.41724
50.249718,-41.721985
-47.250656,67.71141
-33.675323,33.834858
70.51997,39.725567
-25.611742,2.7483594
-98.98418,-10.517285
14.830674,-20.818264
-60.588898,75.76473
-9.423352,25.940674
-89.53581,56.58673
-22.585043,-15.811778
-81.110535,-14.64531
-27.498396,31.712551
4.2338166,38.040886
-43.326508,63.488438
-107.316444,1.6261139
-85.42718,56.649868
-24.118456,-40.247658
56.788853,15.235828
11.430814,4.0959454
69.0525,81.801056
-45.14267,-16.985367
7.9898596,-2.039908
-36.56091,36.961647
82.69607,-76.44311
-13.61782,-3.5854287
73.033295,0.041637618
-13.786034,-117.603134
57.932793,83.16171
-38.928352,-106.12503
-49.87975,61.472004
-30.61807,-83.49145
-108.03493,-20.993242
79.14356,-47.07466
-37.112827,33.50786
-22.57863,56.13862
-91.19191,-1.7815824
-103.11243,3.4241939
-0.9214946,27.422176
-15.116539,-105.417755
-65.25814,-64.23204
-83.08765,47.47007
-46.06588,-58.64131
8.572044,-80.00698
-49.65002,-44.720097
61.564167,-22.216358
108.05967,-9.975493
17.684198,-15.575325
-85.95747,19.09344
79.836845,-70.32298
-105.67616,-37.21491
-32.740326,38.819225
20.016512,-41.641754
-20.355135,-70.227036
-74.60969,-13.679805
-24.088295,-39.92442
-103.60746,-6.1190033
-90.057785,-55.03173
19.401442,-76.88837
-57.751617,1.6955127
-29.85596,-86.155464
48.060596,84.81461
-42.40133,-44.951797
55.361073,-45.450035
-43.593273,34.622303
-86.96139,-49.181286
66.94433,27.774866
85.80044,11.858593
40.46422,-14.805711
-81.23781,-13.466546
53.810276,-25.601372
-29.93821,-85.99117
57.556885,-99.846695
4.564047,68.65516
86.0771,-67.0876
9.126952,17.696667
-70.27708,-25.825388
-15.114532,-40.84661
97.36229,-25.829184
37.045727,75.01665
77.11586,45.989292
70.62563,72.80216
-45.04799,-79.59942
-10.478041,-115.16911
-37.83051,18.52046
35.336617,68.56837
-81.25338,-13.452238
1.7019852,30.43218
-27.998583,-78.93734
-63.42601,91.94497
-103.066124,-9.279582
-87.72296,-49.684525
-54.99019,59.49106
23.436798,0.6403728
-38.18586,-94.416695
-0.9301524,-20.45881
-49.42188,-35.55
56.44135,15.13955
-97.17834,-53.271297
-2.1909046,-118.225296
-12.539513,-1.8373946
-10.780796,44.612297
8.824288,-25.117653
-49.148792,21.344732
84.111115,-69.26123
57.34965,-13.0948515
11.783273,-34.3089
-67.095695,82.16493
-31.041859,26.154146
113.48848,12.936299
0.38168824,-93.42689
24.612442,78.39253
-53.563843,-2.1476731
104.39998,-28.107626
-8.480234,-104.255516
-23.17505,-44.87326
-47.122494,-24.74132
-9.056201,90.810936
-3.9160533,20.75772
-20.722475,-53.090313
-12.020474,10.420545
-36.213573,0.17955628
-101.64928,47.605152
14.153493,-63.44748
-12.814838,-118.21833
-27.013132,-15.564049
78.785774,-58.570564
23.236101,86.61456
40.545296,-2.26105
22.206053,-62.00368
-3.627635,-0.76004225
105.12813,17.102798
-59.734863,-54.298893
-26.303473,-84.34707
59.206898,16.170757
52.16435,-12.402494
-57.675716,-35.12017
-19.047066,10.436736
0.43747684,-84.81498
39.341915,-47.7971
-59.742805,66.53316
79.56952,-70.69901
-43.099327,7.0015426
92.10011,-57.96458
-42.19536,20.84641
6.8902383,15.742489
-27.055115,39.01195
36.730717,78.03358
4.9699078,78.144226
102.59977,13.874709
29.046509,-111.586555
-9.148243,0.16944519
-13.766802,-117.40796
-33.001183,-13.594769
59.237053,72.6832
19.243265,-16.638968
-107.04537,11.116521
111.690765,-23.332342
-5.51228,107.105606
14.245955,-51.690937
49.444416,-13.145681
20.045055,-85.328026
-46.519382,49.51085
-0.835914,-49.995457
-51.233723,-61.16368
50.552574,40.675327
-45.847355,-21.43883
90.465096,43.372753
-46.78646,54.72178
-51.135033,-34.217278
21.008268,-24.182121
-17.829884,42.459076
-97.50493,-31.52428
-65.878365,-62.039654
-6.4385943,73.9012
-38.988827,72.823235
41.166336,-8.980499
-47.069138,-24.554104
2.027441,-64.45555
-52.56513,-26.942324
-10.240369,-35.042866
93.63114,-10.124625
-92.37682,-53.51464
-74.730606,-32.615265
-44.952297,15.566634
80.30316,53.480793
3.5492246,71.23829
19.708076,32.58946
48.83675,85.98324
34.954945,-54.75493
-47.038128,-59.50823
-30.200233,38.82282
25.826696,-35.12615
-47.975616,57.52041
-53.8535,-59.39064
-68.06395,-25.412268
-13.705188,-117.70286
-13.463166,-98.13389
-47.039124,-6.7110415
-13.446685,22.52843
-115.66101,1.5851108
57.528664,58.92434
4.40361,63.75059
-7.582001,-38.594727
-54.36891,-39.928856
11.817191,112.353836
-0.7436406,-50.451733
86.99905,2.4397972
56.609726,82.00869
-103.50162,-7.4682145
4.624694,1.4414061
55.215904,5.5286427
25.948162,-20.814333
-8.420594,13.87323
-15.964696,-66.62095
37.959507,-10.597211
101.80357,13.402006
-24.246984,-16.123734
-48.422623,-80.15072
52.836636,72.93804
88.48889,40.43203
-26.784576,-15.759462
-43.874935,-80.971405
49.530506,-90.00445
-47.891518,57.157806
69.82308,80.638115
24.00916,23.26185
36.20966,-111.52792
-10.117889,-68.26375
-12.389019,-122.133766
101.166245,-29.538137
55.878387,-22.74535
-52.235905,55.690487
68.72033,8.958916
42.889904,73.484566
-3.1904693,98.41972
-7.0961127,32.235367
-36.55334,-25.305367
-75.785515,13.689983
-1.0035942,-89.14982
-64.506165,4.7247977
0.5216983,47.76192
70.07252,10.202223
-96.02367,-11.403321
85.56415,39.75819
26.015915,53.53801
-25.431637,87.53037
-94.46116,50.13976
14.134065,-45.85278
-43.86246,-16.783491
-18.148785,33.754795
55.6577,-103.10598
-6.9629273,44.21591
-55.009674,-56.62667
32.29515,-52.23994
-85.14241,3.7858453
8.613322,-54.733875
38.348125,16.780869
-102.01701,-11.29191
13.916476,-9.183668
-30.061007,-84.707535
41.851837,63.955025
-76.91679,4.528139
21.695028,83.81789
-11.68065,-113.56646
-65.52649,37.662685
1.1221892,-6.1297665
-16.015799,21.648338
-101.00662,-11.999975
20.738354,109.10851
-7.7556906,56.76151
10.786939,-10.500859
19.940462,32.78725
17.652458,-90.19606
13.975265,26.970217
-58.985847,98.86735
4.1928043,65.6358
-3.437931,44.746777
-103.755615,-34.55536
81.03389,-6.1740866
-57.60172,99.9875
97.36179,-25.82923
1.9671235,-63.098713
-79.70076,6.6983404
-107.761345,32.970207
-2.4433033,19.182676
10.112614,21.059175
-76.004585,-34.072205
18.822529,-77.04983
39.924496,20.291998
-55.831047,71.76469
86.13218,-66.89185
-96.46575,-38.172707
-86.13778,-25.44758
40.207047,65.07285
-21.235834,-72.027756
-69.68221,-23.675945
34.37951,-108.45521
-81.00627,-15.685651
-27.524338,31.712091
-80.52234,-34.485817
52.630966,30.995998
-2.4529321,-19.757364
62.18601,-7.660576
-26.643124,16.925898
-3.862441,72.78965
-5.060138,-92.94212
-41.12741,40.112217
1.0278018,-86.693565
18.721199,-17.87638
97.8776,10.8856125
-81.32834,36.216522
7.4587007,-36.075104
-50.487656,90.797585
71.34976,78.27285
50.104435,94.93588
15.336254,-100.69533
-47.821774,-59.702717
-92.44364,12.325729
-23.686384,51.420265
71.338745,73.40414
104.08969,-12.050416
-93.80449,32.510212
11.289823,-79.92643
-28.384958,-82.11961
20.764078,33.788235
37.379635,-89.955986
-30.509413,23.79541
1.5785989,27.263008
13.665421,26.263168
5.3739,76.93385
3.6691587,-70.19391
57.77238,5.3637047
-25.941988,87.17206
87.15459,14.5148535
101.865295,-49.58632
-7.4673448,103.77358
-101.784805,47.924427
-6.498419,56.747597
31.975834,74.42193
-26.480452,-52.648228
-29.872591,24.691969
-62.14407,-0.20370689
34.75412,-55.500942
11.073906,76.28864
54.0998,74.71599
23.724134,87.94191
-51.116276,89.178246
16.936277,15.047036
-21.305954,10.748183
82.3115,-48.445396
35.439823,-107.97339
97.10225,-61.228092
48.060596,84.81461
-43.36513,20.96585
19.283382,-39.38602
7.3773217,-7.3301926
55.625877,87.813416
65.172035,-26.170609
85.25759,3.6823065
-24.515587,-39.906788
78.48946,10.728769
-63.84997,-58.516956
63.245438,21.330833
84.80512,-68.78077
-23.948906,48.471577
-23.824326,-20.625462
63.54707,-37.383057
55.720314,-23.754875
-64.90827,92.6309
-70.226006,-24.967558
-32.71507,24.88341
-60.588898,75.76473
-30.087265,38.743958
53.15255,93.64257
74.8061,26.452326
40.805256,-5.13993
47.109795,32.74615
70.3138,39.74895
13.287298,68.48964
-31.485582,26.608479
-37.11295,33.507988
-44.03563,34.292118
19.466816,-35.109398
-43.543495,-16.597498
20.240732,90.28153
-78.02736,-40.73655
63.426876,23.040203
27.78436,-19.93513
19.421322,80.56948
-33.078495,29.714699
-26.500963,86.97328
54.703632,-93.97176
-110.670425,-18.588354
-68.86813,-25.434689
-72.68496,-13.161588
-12.929174,80.3054
-48.540665,-93.46956
5.1543307,-35.913025
111.75398,-21.984802
-44.891464,-81.511795
-11.6086235,95.01263
9.510649,-20.894674
-17.311684,4.9959083
57.750847,-61.690186
50.15018,-34.297672
24.206085,11.004935
3.8864155,-76.8957
60.867737,-100.55282
56.85836,88.62479
-69.03144,34.20381
-54.315742,-36.138992
45.194046,-74.332275
-107.45878,-24.011383
-35.44968,-26.89229
52.680256,1.8386261
62.015385,17.27878
-19.992737,-16.830744
-7.3334036,-101.47783
83.151436,-74.84891
25.236298,-37.856007
-58.111423,64.10951
-1.9401252,-60.037357
30.752995,74.606094
16.385914,-99.359245
14.311396,-76.820656
-24.97199,-28.9253
-43.188385,-16.297087
-12.892441,-4.252232
18.561436,15.053643
-2.1942124,-19.8011
-2.5985758,81.31096
-25.671093,3.5960643
-83.61311,28.580925
-28.776188,4.463306
1.4899219,27.22241
46.73135,-24.27266
-39.24861,5.0356617
-0.5935765,-89.4567
-95.702866,-9.372912
-35.9968,-94.34762
11.161232,-95.072685
21.493847,34.699604
23.234581,46.93127
39.29082,-45.067776
12.545575,-45.950718
-52.019295,-11.02836
-44.54023,11.715508
-63.239132,-55.576576
17.639404,73.24744
23.621977,87.21275
65.70423,-50.416943
-106.49124,-18.819891
-37.01326,-103.99407
-62.10657,-60.57012
-77.390495,-41.850292
-51.19155,114.05854
49.87331,-36.813316
62.67106,-33.555744
79.84869,-44.62275
27.083601,-20.765415
45.457825,-27.61341
-90.51835,15.864209
66.41658,72.44122
5.4532657,79.24713
-19.430923,-42.979626
-87.351265,3.948429
-25.464933,-26.599497
-1.482527,99.1544
-10.389003,-2.3029497
-59.521378,65.1378
-53.11493,104.97799
-56.576324,4.3665867
-115.79802,1.3847219
-10.149127,-68.071846
102.0564,13.049551
61.038242,-37.10215
68.39352,82.26246
85.39831,-69.624435
6.5160623,13.011971
85.547325,8.693354
12.194533,-77.51106
-36.681217,36.813164
-61.389458,-9.981881
-44.33388,-57.868843
-30.660917,2.4612248
-11.414008,105.172966
94.24805,-12.568739
-13.123392,-101.66238
-66.22662,-59.478363
-59.10224,98.15242
-49.359703,-35.036354
-51.81645,-39.081696
55.44458,-45.446484
36.96937,40.81237
-46.03206,-58.79532
-96.23737,-32.629417
-97.21329,-33.130974
38.553658,-80.711716
17.016628,13.963541
-2.9927187,-119.05982
38.558514,61.94365
-2.8542929,59.225674
60.385536,-8.332348
-51.143566,103.31238
81.55822,28.833786
-18.138058,-98.65223
22.132816,49.71226
-102.26729,-29.011642
-62.547718,-11.680275
74.99792,-23.863121
-56.800426,65.768524
13.396786,70.7311
54.280132,40.015347
-85.431625,48.012566
80.954445,-6.705058
32.29039,17.983047
-44.592583,-19.075174
-8.193067,-111.89032
-20.408516,-28.275023
57.347134,82.54166
40.518684,-54.018215
16.114416,2.953437
-5.7829146,106.38691
-37.357033,-77.41886
-85.98496,-24.034416
42.00635,-78.839294
-22.642992,-44.748493
33.46841,-78.66646
-7.0494013,-54.600704
42.971027,-75.80316
-44.011475,91.18821
8.397905,-93.02656
8.8625,-55.10209
-71.597725,-26.607698
-98.57552,46.930717
-8.812385,-103.378204
-6.02061,26.690142
-16.384224,-70.34399
-106.8349,32.256058
-57.734047,56.90454
-12.802164,-102.20112
-24.007528,53.753334
-24.82126,30.921705
-7.526298,90.3837
-42.206997,54.185783
8.684761,-22.650063
-37.112858,33.507915
-23.01276,-77.74708
4.406379,-34.79446
-27.622814,41.18605
-71.48828,31.25773
-39.192066,-31.681581
6.2642803,13.594844
-55.089157,-58.053017
22.013683,83.478424
4.2938404,-2.926905
-43.643063,-17.361464
8.742371,-2.1835892
-0.1571666,-47.370903
-12.281392,80.28312
-59.122177,98.18034
-9.945158,3.6617646
-41.58005,-57.894547
-13.844416,-115.64854
-46.724705,69.73531
-36.798466,11.175509
-42.671684,81.19535
64.16363,-24.473446
80.92904,-60.598526
30.922508,108.11982
70.160614,-19.384272
-57.540424,1.8202204
55.33771,-95.40587
53.848633,5.978097
-88.11797,35.96995
-16.711214,49.904316
-8.124643,72.672714
-11.394249,105.77271
-98.04838,30.303541
80.92904,-60.598526
-94.834595,-43.152958
-40.82116,95.469894
14.731506,15.557733
-37.265797,36.28685
108.40959,15.52764
-34.166683,12.405048
-46.077694,-76.236786
-42.592533,48.051598
-1.6793098,28.082644
-23.99616,-16.441225
38.485252,37.72742
-106.66294,14.207024
-59.85122,58.4055
3.7627625,13.827941
-66.11655,13.546215
-84.69636,-42.310284
-9.584758,-28.921484
102.273415,-10.171596
-78.9798,-23.197256
-66.290085,-56.241695
38.461746,22.578037
61.536316,-40.3859
0.4611339,-19.795551
-71.99944,15.494465
8.045028,-9.156004
-76.39597,41.203342
-39.270008,4.0020967
11.319515,-110.60385
-2.436797,35.262638
77.93154,32.35562
39.479427,-52.832874
17.577614,-98.379555
24.466581,93.69131
22.342306,-64.72762
72.8942,39.357952
-25.719112,-83.18796
-7.9639344,-9.415862
-45.997547,15.712488
99.91867,-28.464058
-103.18474,37.95967
-83.832954,12.262151
-35.361786,-21.571266
-109.901146,8.253239
-59.38771,74.323814
77.55985,-3.6705537
71.41425,2.6343465
113.07408,18.819887
-49.072857,57.001877
25.07254,54.377842
50.935005,35.436413
-60.50395,-39.214775
56.323418,-14.719573
58.799854,-102.37726
10.844317,-44.361668
-60.297543,-39.765736
-2.3782954,-10.171066
-8.024252,56.604706
6.8098426,73.02108
-22.53737,56.210476
-38.45947,102.18522
32.139297,-109.558685
-37.112827,33.50786
-54.965607,50.41023
36.730717,78.03358
-58.64307,4.1370716
-88.46359,14.023921
-32.755455,38.74938
83.15159,-66.0409
20.688164,90.09066
15.77052,-20.281235
-35.39657,-21.463362
25.15882,-54.198982
10.87205,77.1354
-102.97312,-10.689957
-11.813638,-40.302315
27.574718,67.48144
-10.961811,-38.598873
5.391943,-77.813385
-46.01916,-6.358968
70.5036,10.9700365
-9.507969,27.397568
-59.965694,58.475307
-80.31306,42.379158
58.67063,-102.59621
17.921272,-92.44991
-20.427973,-81.13706
-74.90739,41.137238
-45.154877,37.937653
103.16722,-47.042812
76.80522,52.6504
-2.325484,-60.258938
99.53945,-30.516079
-30.41631,-99.72293
5.477592,16.461678
-22.390146,56.162388
55.102688,-23.98316
-26.729395,19.750343
49.526333,-34.756214
-72.79129,-2.1010292
38.42208,40.792526
8.022818,-49.98589
-103.999954,39.903004
26.437433,25.782623
80.9705,52.014088
-89.08952,-34.294575
38.578392,10.506485
22.143492,82.96003
-49.602814,-94.90828
20.634098,48.90375
9.8400755,54.113045
110.20858,-34.08421
-108.554344,12.732279
55.814087,3.5849986
-4.912851,-92.99382
-8.421322,13.874643
-22.533554,-50.60855
-25.611742,2.7483594
89.834465,-21.575089
39.596203,-7.1086035
-56.877613,3.4586473
73.09233,31.890282
-5.464375,-16.943764
-52.658768,-26.408909
57.370262,-37.729385
20.482018,-23.898232
-46.328926,-21.25479
-65.87836,-62.039658
-70.60051,-22.22727
-95.6757,-8.90247
54.07553,74.74225
43.611065,-73.32746
-86.62115,-35.237995
-58.25645,92.329185
-37.520573,-77.379486
-69.05272,30.140121
52.71018,-39.210133
105.40782,-13.459553
-27.51854,41.194042
-60.309143,-37.481533
-89.7353,29.982351
-43.467022,16.383924
32.78929,79.281685
-68.43673,-1.9464269
8.64292,-88.613525
-44.133495,-75.69172
-9.514133,103.8668
-31.228912,-83.04376
4.5433116,31.417034
36.69258,-113.349754
-109.95941,-23.83704
-89.351204,56.230076
-55.75705,-47.398735
75.44048,-73.1954
-10.581389,55.278706
-1.6388848,29.45241
-68.845245,34.57152
36.11627,-56.132713
15.663901,-92.38945
2.2072825,-109.346146
52.242203,-12.59248
-11.361224,-113.69213
58.222794,-30.785881
-50.248547,-41.844704
-25.77129,39.004356
-9.045532,103.42118
62.1791,67.87292
71.44466,80.38158
-84.613075,-31.520548
-48.67576,-28.432634
-65.07803,-53.491703
-2.8813663,-2.0418622
-46.433548,-85.70696
1.722781,-74.71801
8.795583,-106.603645
7.466742,87.57063
8.242012,9.856425
-104.23807,-30.595228
-16.42843,65.45759
103.01091,11.33182
7.7275143,-92.71013
-94.46574,-3.5147367
11.113871,12.023952
58.315517,-30.568089
83.7179,17.401573
63.97649,-24.673359
53.53862,16.333065
-56.64701,59.249237
-6.3275957,-67.6829
-91.173805,-38.95247
-101.901695,-34.644924
22.293175,84.56976
-36.188957,-31.492207
111.483025,-21.681087
-66.91735,82.07898
-30.870268,60.799538
13.241681,-79.08608
101.14618,17.907185
66.63078,-45.696564
-20.470865,-70.22765
38.107956,-47.104897
-37.498974,36.3081
-36.49211,37.0604
83.92808,42.287273
-66.38279,-57.04385
-3.8306847,-119.576065
-30.679205,1.9186853
42.66826,-102.052574
-49.304592,105.16385
-6.4557376,74.22781
-0.72514546,-47.225277
3.365286,112.65754
31.092695,-111.98432
-72.39222,14.106797
-53.606567,-2.921585
-97.793594,32.42129
-7.1458926,43.3251
117.991264,-12.255792
39.41553,-50.99621
20.184546,-60.373177
-51.244568,57.069923
12.575788,13.225241
19.869307,80.82931
60.81629,-8.949075
-20.712147,-70.25168
-94.44897,-3.4634624
10.577226,7.227412
-35.29781,101.83629
9.17123,40.884483
59.59463,-100.01113
-30.798746,24.025919
60.348534,-63.260883
-111.12304,-0.20732255
-81.89979,6.9255066
-83.42373,-44.143024
22.965004,91.34486
13.964952,26.947794
1.2639037,0.17136875
7.2103777,87.64862
-0.1415869,-46.815434
14.032616,112.36222
37.466843,-48.16308
18.381105,44.174328
-53.576843,-2.3156726
52.465443,-26.830242
20.129667,-23.585136
-66.14298,-55.2361
-46.19365,-54.320023
-66.20736,-49.894466
-12.533267,-121.71202
7.228586,95.368256
18.969988,-35.31686
-103.09219,-9.057824
-22.845228,-56.814392
-47.46371,114.29355
-64.46656,4.7399344
-0.75882447,-61.44396
-109.833206,-21.24107
-47.980022,-98.31745
35.31656,-15.973061
34.273376,15.2169895
17.61555,91.03827
-37.85955,22.387455
-24.852213,2.1721196
-108.57798,-20.771336
-48.864563,-93.782364
-27.029564,108.10613
19.205618,80.44457
-59.85251,32.958164
2.0152702,89.90189
-59.59244,65.413925
9.0336685,23.294905
63.478775,23.10119
83.75585,-75.06517
3.828996,64.68997
-16.627712,50.069134
38.659653,40.93853
-60.98615,-70.3053
-52.02364,-26.5439
-43.02673,7.1813912
43.30299,-90.07726
59.30763,-101.09143
0.80154365,43.24572
75.9229,-38.410988
22.876806,-23.17274
-87.774635,-40.333107
77.04732,-1.9805036
49.531227,-90.00536
-25.724438,0.6336855
-64.89862,81.774414
7.929544,-18.543211
-107.9736,-6.744738
39.22081,39.093002
-103.233475,40.18927
46.08399,-79.008965
-106.6345,-7.5226316
-1.2208581,-48.75062
-30.2571,-13.294622
-10.425248,2.2863903
35.47856,-49.999596
-82.420425,-24.897863
-0.65893567,-61.421574
-10.065231,91.094536
45.487297,16.727041
23.046375,85.887596
-12.762382,-0.066147074
-34.796936,-12.46002
-60.083027,7.0876465
-48.474194,34.852516
40.321728,-14.564503
-55.021854,-89.85093
-68.399284,-56.832455
-50.4879,90.79829
10.848748,22.899889
96.953094,-19.702408
-70.5751,8.172128
-107.11289,-17.168736
77.63253,-25.062908
8.708261,41.76665
26.798504,25.841433
32.83492,-92.62477
-22.498974,-52.72625
58.282257,86.90126
66.1704,5.4931965
79.538506,10.474859
106.63242,-38.943
-74.90739,41.137238
32.741627,-58.47461
-30.749453,-13.096623
22.47674,16.012964
-26.109571,87.01655
14.5725155,-19.7139
5.470218,95.43625
-96.70786,-30.411238
-30.05816,-106.24873
-23.136204,29.533451
-87.76453,31.932728
74.82176,51.413467
103.2538,-24.22395
-37.79972,95.81066
-61.88084,1.2667046
-33.41034,66.95149
-43.517204,-48.83532
57.450935,19.011206
-24.075033,19.09511
65.86955,9.740986
70.57952,10.165889
22.288939,84.560265
39.33738,-45.5271
54.32264,-35.270805
-4.631427,-55.5862
50.54266,-33.286205
80.9483,-59.05259
22.883108,-23.63454
91.39906,35.402668
-27.3749,18.463385
-30.489687,-100.0366
-25.937601,-53.03306
-45.56837,-52.727203
-17.374327,-47.447124
-33.6031,-109.84495
52.490017,-81.85727
63.65548,-56.57377
2.9910676,-86.76869
-63.29472,-39.72511
-6.636238,101.669395
103.31534,-46.70921
-9.379077,-114.64899
-87.78397,-24.64452
111.88952,17.213608
-89.50102,31.490047
3.4372153,65.28601
-86.14378,48.547676
23.478247,77.396675
-18.07354,9.824018
-103.27208,37.684925
68.28959,9.443105
1.7767155,49.728878
-56.552162,53.53007
42.918766,73.68784
-41.34863,-59.353912
52.325504,15.023489
-37.54013,7.9648066
-88.11595,37.15778
-83.842476,34.57723
-46.616005,-86.53232
112.81974,17.774912
49.381554,-100.26179
-33.151573,-104.811325
32.10712,74.40263
-46.295944,114.67793
-11.075764,-56.02501
-49.5731,-94.09931
-7.8958135,40.34164
17.837202,50.970627
6.6971345,87.839325
13.565412,1.926782
48.17772,6.4152684
29.180721,23.679148
15.416192,-88.852875
-8.095983,-71.85098
70.387596,40.727978
19.142271,73.3517
-15.957674,-66.62336
-51.54348,57.666092
-2.6417909,34.89833
7.640549,18.18611
-29.295532,99.91622
48.92098,93.296074
-90.19047,17.62829
-1.5127957,-48.913326
22.884447,-42.673214
22.288918,84.56095
-17.572243,42.587055
-33.776287,-75.1846
-33.77155,-78.62006
35.177326,-99.182526
-47.97995,-98.31574
37.612183,-10.164926
-11.793873,-113.784004
99.623405,-58.943295
-111.35484,0.16187416
-82.321106,29.914103
-57.7512,1.6957103
58.013775,87.0389
0.5860819,-6.113725
53.88815,-25.280813
81.010704,40.134953
-49.88686,-33.91056
76.48788,1.7599907
-51.567017,-41.453236
-59.89183,-54.07787
0.81505823,-71.85506
-33.815517,-12.33227
73.080536,0.019527026
-22.633692,1.584463
-19.688404,7.375843
-47.480927,-60.287663
36.54271,40.643368
79.35557,50.55505
56.65514,-56.123894
17.530289,1.2428331
88.985275,-62.132652
-25.548363,-24.367815
80.12062,-51.941437
15.857078,25.125412
-25.77129,39.004356
34.56824,8.394685
1.5140339,27.208101
-50.655483,-92.19447
55.55176,-93.376205
-104.076355,-9.2738285
35.366432,2.5481834
-110.62629,-18.540129
-38.714325,112.97439
-62.200764,35.480892
78.72561,-61.090958
80.67873,28.54784
-35.619083,30.890646
104.04846,9.614032
-24.167755,32.70658
-105.54744,-34.525383
-31.190529,-27.224052
-4.1461587,81.35158
13.986391,105.89803
-5.2446036,113.67489
70.4744,37.037464
67.06507,5.521074
51.30862,-88.63175
63.525196,-37.8922
-66.6048,-54.29394
20.919765,33.40062
-31.671057,-106.06659
-43.19106,7.287547
-8.949216,-115.37718
108.95735,-42.310123
2.5295537,11.82623
-83.83586,12.262459
0.29885945,11.281408
-36.83714,-31.783617
-6.3682384,2.0444565
4.130595,-77.062164
18.376976,-23.471022
51.72114,15.635275
61.60603,69.493225
-13.964533,-73.39356
103.799095,8.316957
32.098568,-100.058945
-87.5827,19.706635
38.046734,-1.3277369
51.247112,-86.08114
-32.154118,-28.9876
-104.24901,-5.560141
-99.47677,1.9977177
-86.65259,55.311558
53.843925,40.12142
70.703255,26.495451
-0.58361363,-105.63028
36.29276,-50.535225
-6.3594046,26.450521
-8.411092,-111.857315
-12.767356,90.83733
-110.00962,8.2598505
2.274396,-72.23324
-105.14184,-30.816093
-25.252071,15.60431
21.88735,96.38952
-37.421726,33.51642
-26.91913,45.99685
-44.232956,-75.851204
-83.10764,47.89876
-60.84041,6.608038
50.00028,-43.607643
-41.325714,9.3412895
-44.138092,-85.98686
34.57824,48.927715
31.632616,-97.87551
98.43414,-26.60673
-36.575493,-13.0559435
30.382536,20.766937
5.153367,-78.26978
97.87814,10.355744
50.170147,77.60128
-41.778076,91.40608
64.75596,1.6064134
-16.339344,51.02804
47.56645,54.014927
-16.468424,25.050186
33.73054,68.74972
4.3271127,-16.112164
-13.490212,70.99233
34.868343,66.438896
-89.37133,-47.001152
-3.5484328,-35.929523
81.56558,43.39428
23.21726,85.46382
103.665596,-42.61319
-88.177,12.048456
-77.5752,48.334423
72.447136,75.38793
76.777466,-2.4615154
-23.863585,30.462091
-88.075195,-53.52123
-27.949127,39.551632
80.950066,45.50317
18.31031,-43.29655
56.530388,81.90184
-46.979332,75.27318
7.94575,-38.9301
9.678991,-80.63518
-51.257675,53.77719
3.6393125,91.08624
-48.30101,-39.404423
23.217535,85.46316
61.38956,-40.36318
25.236298,-37.856007
-38.35573,102.009575
0.63204974,-92.864426
45.601665,31.552948
-5.114519,-89.268974
-65.582184,88.29519
-58.604523,89.704285
-11.118388,-40.704372
-34.423405,-24.282654
-96.70363,-30.476122
-44.19778,-57.12282
52.14657,56.74572
47.105427,-102.96582
-100.521545,10.639055
-48.300858,-39.404694
108.92934,-42.24819
73.089516,75.384575
-46.107944,-22.272247
-97.30792,-32.069733
-8.113085,-31.470125
12.758433,-91.647446
19.42663,-90.355034
-30.01856,-84.84526
-8.579803,50.394855
-10.481372,-60.446102
-79.91711,-14.613332
27.19114,-50.11704
-48.416542,-28.374496
41.56396,-12.314431
4.2033715,-63.757618
-64.105034,-58.773678
-50.032417,33.654858
39.80665,8.744628
-22.93305,-55.062256
14.099455,27.299683
7.9890237,-9.319769
41.760876,82.77794
42.946457,73.59328
-55.302265,-32.616726
12.262108,-39.60409
21.521206,50.20745
57.178852,87.94998
-2.029819,-60.121788
-31.850122,-51.70704
102.51963,11.769632
76.121155,-0.18062134
9.628559,54.20187
8.917916,-109.988556
-25.272295,-24.02051
1.0895408,-9.2722
-63.20695,79.05063
66.398705,6.103435
-35.948395,-111.64015
21.476313,95.27306
10.271923,35.822247
43.480537,-102.68558
-11.676631,-113.69461
50.92744,13.359536
-94.48693,-23.250616
-88.45609,-50.805767
16.623123,12.64325
-55.545868,85.81309
33.25455,50.594864
-46.147217,35.220276
79.83098,-68.91154
19.04028,-76.85236
18.651201,-87.0153
9.628589,-6.4422607
-3.5989296,109.41246
-7.523674,32.395504
-95.718735,-9.390311
99.25095,10.705397
-58.50767,-39.035004
-5.6218114,55.83191
-104.81469,-23.31751
81.28871,5.496973
38.89506,-53.70534
-0.992145,27.797953
8.690414,-5.318324
-67.15496,82.223816
-10.024748,-68.73995
98.981735,-30.088245
-52.005714,87.22625
-13.829674,-3.060512
18.72045,-39.66862
-12.892453,-4.2522597
-46.923183,34.714775
-92.42686,51.40058
-60.81458,-69.8089
78.37178,9.826043
56.99993,40.71652
99.261665,-59.585033
-57.101376,69.021774
39.41553,-50.99621
-81.14585,53.72079
54.828323,-10.679822
54.103367,-105.08576
53.008938,15.070005
65.17001,72.35931
72.745445,-68.89593
61.972256,65.484375
3.024687,-8.176536
-4.5911565,-8.061589
-79.321655,14.924007
76.963806,-72.81896
-25.141233,109.07811
-69.75533,-29.83643
-36.654873,-101.57444
-1.2922499,-110.26779
-71.08465,91.960365
-61.786858,-47.856762
-87.97193,-5.797961
-52.981766,88.87921
-2.3745937,-81.99006
14.004795,-52.219555
-7.1755323,-96.033844
-76.17558,13.88165
40.183334,-13.363647
-96.3646,8.095529
-78.68869,32.08829
49.95792,-104.674164
-52.752018,49.47657
-36.780033,30.121033
56.10569,87.28467
34.97092,78.89888
38.891872,-53.50801
-17.050373,-23.783792
90.557755,35.228973
-63.379616,96.70033
37.136875,72.1059
-68.698746,36.95343
104.82228,14.746546
-99.34939,5.9161277
65.774124,-2.0912488
59.663334,85.45645
98.976,-1.3339667
101.38553,-8.279784
-47.670753,-77.08416
-22.714417,-53.645897
25.323631,55.043972
59.51581,-10.6249895
-26.73458,-41.325222
-112.11966,-18.587482
113.68633,13.880206
-43.07147,4.452313
1.5416139,65.14892
86.78276,-60.037346
-96.31118,40.14202
42.67646,-79.325745
-57.56823,-7.8514166
71.25172,3.396634
8.298808,-50.05486
-44.464306,79.741356
-50.422333,-24.705267
96.12656,-60.76197
68.45488,-9.686557
81.854256,-31.240133
-2.858755,4.398607
42.812225,31.799158
-7.186767,106.10455
-62.40661,-10.800525
-7.90961,-52.53957
95.93298,-54.386726
-0.65898097,-91.9038
61.44788,65.351585
-12.5061,-59.634502
-79.43365,49.08584
-57.56823,-7.8514166
79.51978,54.39855
-87.291245,-6.545957
-107.973976,-32.826668
-12.993347,35.83039
54.71913,5.501944
-78.91731,19.330677
-60.724213,-35.90264
-68.72798,31.005
26.202087,46.675068
-16.829435,-99.52796
-3.4113429,69.110916
-6.118134,26.605402
38.163048,62.868393
-0.98319036,-56.511765
66.49998,12.562888
-80.274994,42.487984
45.322422,-84.79791
-79.80917,18.070606
36.370674,54.059685
60.3858,-55.505093
-52.82822,88.83331
14.120376,-55.08127
-97.51831,-53.079704
-39.67691,17.891289
-62.720406,66.84691
1.5212343,-56.13196
-45.129463,68.45419
70.60166,2.1018949
86.042366,31.735168
-13.142669,-110.82933
25.307571,13.6902895
-91.846954,-55.005806
65.91633,9.884037
-23.355465,110.27573
53.26039,-107.73497
25.088306,-54.751545
54.570496,-45.349056
85.46796,3.5406554
-67.90218,-24.65045
-104.708855,38.718456
-41.014977,54.933033
-77.6895,11.5066595
-39.139076,94.93131
37.789368,-89.79075
27.359812,44.817432
-53.3579,-6.0923076
39.554253,-86.766525
30.843464,75.07547
-2.7595809,2.3411539
38.891365,-53.506397
32.600945,-61.795597
51.388515,90.05377
-43.70904,-75.307594
7.5319576,-8.926145
-39.718025,7.0704803
23.81866,5.686597
1.703402,-56.199524
-16.288353,-106.457466
-37.887947,-88.355194
82.599174,-60.46159
-57.826023,55.014233
-30.394196,25.673527
60.311264,-30.700558
-7.941456,109.384895
2.6106415,34.51456
12.2654085,73.08313
-99.95508,-52.79598
-103.208755,-25.703241
-5.496981,112.166306
-33.30767,14.53626
111.42754,17.049023
-12.669126,11.157898
-48.396553,35.034203
79.31007,-73.227776
-9.345292,67.64901
18.407608,-51.038456
-13.735286,-117.15829
8.346195,-113.544044
77.29332,-37.36484
6.2064757,63.792343
35.825317,-14.527478
88.55581,-61.758587
-46.011547,59.652687
49.704548,-88.590416
34.94095,-4.8780794
110.84436,17.61154
-6.862117,71.66779
-7.654745,102.463806
-18.951618,46.86314
28.181057,41.186535
-20.965897,-49.032513
-68.4162,31.533955
-40.44274,23.600222
-95.73943,-10.808051
4.069561,11.2406435
2.8669443,-56.01502
-82.055214,42.132225
-97.10732,-54.939415
-36.416916,-101.48976
86.955986,-68.53278
35.254707,-97.88941
-22.28054,42.52397
-11.45319,81.673904
39.38193,-56.74182
-79.36143,43.871872
49.835457,-34.477436
61.531235,21.420425
-4.4972553,-55.7833
86.78329,-60.03705
-27.55726,-27.864304
34.18732,-111.87152
30.511852,74.53289
60.746,85.50461
43.582493,35.40444
-19.023209,2.514511
36.294533,40.102947
-69.83398,-25.63708
-42.447075,14.070245
32.436882,-61.39691
-89.701584,-54.72696
20.131222,-84.34977
80.44535,-2.6448634
-86.341286,-24.865307
43.88903,-100.48149
-40.620964,8.370641
-25.983713,37.58588
-8.205232,-51.830864
-10.968189,103.253654
-40.964886,112.066185
33.92274,-58.884724
-62.12258,66.26391
1.4541177,66.29106
-6.1404076,115.18538
60.87554,-20.102295
-43.40256,33.83874
61.774845,-36.81232
59.766968,-14.213959
-6.429822,73.79024
-16.415543,-19.465508
-50.537,-29.635227
-43.701733,73.04191
27.449072,51.617027
-34.20263,-72.69553
20.366165,-50.85484
-11.598816,49.332436
35.918472,-109.33898
29.13064,53.511097
-37.379642,-73.80162
53.905388,4.292475
-53.769955,-59.550716
52.752213,-32.829277
87.86571,-50.271614
14.774974,-38.681507
-80.63086,53.914333
-71.23201,-26.298828
-87.62908,-0.82183796
42.570374,-80.05315
-115.74475,0.66898596
21.31987,17.89525
44.35582,-71.367615
39.30454,-52.22581
-62.588787,5.2478323
-28.286327,86.940865
15.062055,35.39872
-54.426144,72.84061
-14.374037,51.867756
105.41143,-1.8507426
84.44172,53.44383
-4.493388,-72.085724
-6.13219,-3.2107525
26.005178,12.173297
76.70919,-74.86704
104.96457,-12.389546
50.197315,-104.97502
-21.366713,-28.944689
4.6627064,69.80708
47.499443,-41.528957
-91.03735,-51.829796
67.30475,-34.117023
-27.775282,-27.66744
-80.95875,8.111755
40.946217,-13.70393
-93.88149,-54.12934
-89.69385,-54.606907
73.57002,32.23391
-80.833954,0.580651
60.819878,-59.595432
-7.411678,56.685654
35.768265,5.0171576
-101.93183,30.91983
-5.730435,0.518463
38.698135,-89.46623
54.67931,5.491108
-31.30757,-89.33769
106.414955,-38.919533
16.77312,73.36672
-56.08945,-59.251236
104.8984,-12.372142
4.2517085,12.415098
13.040812,6.4790487
-26.825605,-41.40498
-34.72091,62.41595
-19.92115,-16.883183
18.343796,-97.44118
-43.392273,71.631256
49.822784,-88.96934
-67.20086,-14.00498
51.45785,56.597248
-1.7068763,-71.796974
-85.5571,-54.27191
-84.55627,52.32884
49.505825,43.02171
-6.1059694,112.707535
101.37815,10.350585
-5.644579,27.49466
-19.462818,10.731671
82.90703,34.55366
17.355604,-34.722652
59.826843,64.90769
22.295126,-64.37303
58.326313,-13.507102
7.73374,69.59411
51.537666,-106.10501
116.72346,-14.370403
9.230127,37.62817
-41.84313,-79.72079
4.219689,-25.360815
-77.12549,-10.30855
79.917755,-44.79888
-35.223915,104.70671
-66.3137,-56.900307
85.36148,31.938202
-4.2345123,73.5637
2.9728467,78.37752
3.9985662,63.59636
58.543903,-46.244457
47.97092,-41.810978
-107.47902,-31.784494
-49.07186,-59.239113
18.07663,-59.479317
77.2952,28.522158
-3.433179,-5.702168
-6.9012256,36.534443
-22.25437,42.598602
4.689162,10.9365835
-98.74232,-6.319526
75.1589,26.843102
2.383228,4.263247
-53.230663,-5.9284534
-57.205482,-41.14148
-14.458036,51.802017
-71.05392,31.243925
-52.40567,-25.283363
-61.12456,33.180202
-49.77536,89.10914
38.4043,21.666058
-52.292732,55.79216
-91.01319,-41.236897
32.668133,52.33942
-7.591337,-49.06417
-68.12882,84.08866
-54.469074,104.62294
39.60112,-99.99969
-100.78297,7.1165223
68.00597,78.50508
-32.66276,110.62801
42.150604,-68.406425
-45.669456,28.752975
-4.0841327,113.117935
-102.169556,7.5576086
17.24836,-40.064575
-101.94379,-25.611446
67.963486,75.866
36.632805,-110.299675
101.32189,-27.475138
-51.802494,-59.77652
-27.60692,43.382523
32.460724,75.029205
28.200157,53.768757
-17.81513,4.538352
-75.23695,-0.37768337
-12.053165,69.101456
-86.192535,-53.738598
4.219771,-25.360811
-42.82598,20.934284
-59.66933,-38.925255
-25.168957,46.56049
-48.077755,-28.430414
37.34254,-114.02239
-1.3941262,-110.88176
-18.513031,-29.054527
4.718556,32.624744
80.52054,43.577255
-4.798359,109.08511
43.234154,-88.567055
-42.4417,-86.39415
24.656034,-51.24246
-5.9263988,-10.50675
-43.394226,63.454823
9.051907,35.29436
-58.847824,-35.112267
46.937,18.102268
-6.247227,31.593168
-3.7774115,70.1025
-22.404448,-47.002678
4.33742,37.743492
51.27821,-88.29081
-12.605978,-96.186226
-26.7134,107.48892
-68.54516,31.313017
-44.208595,-75.45212
30.952448,-37.801384
-7.8901057,-100.30283
-90.51231,-9.687572
-102.050644,11.370755
67.35432,71.65417
-99.988945,8.622129
-3.4638968,-12.263254
42.49454,32.5188
-88.02731,-0.91112334
-39.946163,95.23485
-52.792946,49.437405
-79.32161,14.923971
-29.248089,-105.14614
22.017876,-82.11558
-52.03281,113.84612
-26.560904,7.923977
81.6358,54.03618
49.895206,72.86281
-5.4514756,114.03813
-28.182613,-0.43705875
-50.047016,32.799286
-85.76878,34.108757
-57.67484,82.16937
53.79422,15.387368
5.2969666,10.608271
37.06623,-108.751686
59.988495,-44.29018
99.20662,-26.392311
-2.5991006,66.71942
-46.67905,75.20751
57.22254,-91.60909
-75.52519,41.05139
10.697955,-38.099144
27.186758,-32.802475
-24.0895,109.3577
41.67566,23.633177
-31.529936,-11.04183
-39.889988,112.37972
-26.711906,20.085684
16.264368,18.74287
-24.779987,-73.79594
75.05131,26.697155
-38.170692,-31.887627
-56.023132,87.185875
-9.641427,-67.48405
99.51127,-30.640896
-19.881521,7.6563888
2.7787528,42.452415
100.00503,13.148488
-41.58881,-77.19319
-27.791737,-79.557724
-42.26776,111.38697
-84.89407,48.8511
77.27204,33.366417
28.671034,6.2974014
-29.817469,-48.10804
-23.92076,18.41244
-0.43682975,-85.65113
-57.92392,92.42168
8.620051,7.945497
19.176813,-44.885796
-79.40964,32.78157
-52.736874,84.68744
-8.121004,-100.556564
71.78736,1.1912346
39.03189,-12.192743
-57.526104,-12.654602
81.557396,-59.1962
28.043638,-39.086784
-22.628029,-53.67133
56.975597,39.36097
53.62133,-87.41648
11.333991,-103.89011
19.215864,101.2903
81.0595,50.784588
6.100605,-2.8385355
31.50047,-60.04508
-5.7840014,108.31004
8.177287,8.240466
37.135597,-61.488155
-59.40671,31.821602
79.48744,8.10044
-38.776375,113.51208
-5.0589185,1.9758825
65.35251,-29.699322
46.983646,95.075096
-104.347855,-25.898188
-87.96717,2.4809601
-39.926777,3.9530814
-86.624695,-54.48657
22.521936,15.859441
50.62339,94.868904
-102.32282,-7.395852
98.35829,-1.5619769
79.47371,-61.96638
-75.69919,41.6266
-14.935173,-48.674473
74.46786,-8.032859
-60.14678,-37.776466
66.32823,-57.487797
56.514046,4.2415304
76.068405,53.287205
-107.446365,-26.875542
70.65518,29.895006
-8.346458,-60.21115
-89.28662,-50.123665
25.183823,18.642796
35.12442,67.768196
-0.84007996,-89.79284
18.282629,43.964596
-8.909993,-114.35942
-77.97343,-35.1462
-35.050694,-106.00446
67.354385,71.6543
-12.758341,-40.93268
-98.37517,19.284647
44.343567,35.895134
28.807499,-102.053
79.94798,41.171368
-85.883156,-54.81591
-9.85429,-68.10593
36.377903,80.41341
-18.939196,46.874233
-68.28744,86.10392
-10.353317,55.210354
-8.02946,-100.46532
-11.292005,92.3398
-82.57485,4.6596475
16.316519,-20.499865
6.6033874,-34.00258
21.268208,10.401372
8.851274,-22.874063
72.20103,-24.94272
63.298485,-33.98311
69.41189,-34.268612
-35.356884,75.912
-3.5484753,-35.944366
21.949287,97.09683
26.79069,10.4546
24.61647,-64.39889
34.416924,-4.2384453
61.218266,-13.414665
-45.016144,74.68089
99.36781,13.641617
68.02753,78.821976
53.72902,40.446518
-54.489605,72.71616
114.83565,12.662847
69.6289,-65.06295
49.637802,40.53348
56.92281,89.14188
56.15934,-46.70094
64.87978,43.53513
-108.35159,-32.125587
-96.22635,40.417458
-0.16373397,-85.4698
17.26012,95.22807
-34.93704,66.88384
76.55923,1.8916149
-24.246368,53.303276
67.25852,6.1727457
30.714132,-65.87576
-12.462699,81.38715
-90.64262,-48.029
78.065865,-19.160213
116.69181,12.575607
-6.615897,35.48967
-36.35316,-105.49377
-42.92027,34.234295
68.39267,-7.826148
-105.53596,-34.162807
-60.75505,-39.84556
-50.79502,113.20643
-26.066732,-27.214493
74.24973,-74.89219
0.51454556,0.94474727
51.53379,-44.281578
82.54164,-69.36691
-2.885698,27.66275
76.62421,-7.160208
67.04047,-57.19046
10.942853,-33.704285
31.900276,-41.735973
-33.114002,-27.980011
56.06704,-19.635244
-4.5470867,2.8469257
20.41836,84.25127
-47.404594,115.63008
8.576451,-2.0426505
-54.519943,104.8079
-97.92617,6.0332975
-59.34041,58.64103
17.038275,-97.68602
10.738254,-32.52931
-7.950862,109.37814
25.745377,47.65756
-98.68598,-3.7924998
6.712074,-33.750225
35.515835,-16.93193
8.499429,39.89368
-24.022814,41.52401
27.860659,55.993168
-51.273724,56.15322
-37.983715,-107.332214
-0.5118737,-22.556137
-62.818516,36.604904
-63.90213,29.890005
-68.1663,91.1026
27.75686,-39.43507
-28.977863,-98.70761
14.640952,-78.29421
43.91843,-99.99464
-38.042458,3.8164036
11.846071,4.957992
-54.211697,73.19284
-26.440578,2.4157329
17.5604,-62.84756
-13.901017,-43.23011
62.082073,44.238827
-26.990618,-26.790627
63.297245,28.008144
34.413918,-19.500406
4.016821,63.565525
-92.645676,50.072388
-64.573395,30.314476
-42.8669,6.9901633
-104.638794,-23.728506
-54.62162,87.07457
50.35398,18.707092
-8.571305,47.28075
-6.8904796,-115.693405
-42.3499,-75.2773
-32.26011,-50.106003
101.6461,-53.989914
105.49136,-10.599977
74.639084,-29.973255
-91.030975,-10.394203
-86.192535,-53.738598
66.22315,7.572787
-60.859715,-49.227154
-78.833336,-34.217346
-5.927535,26.747492
-51.45382,111.5945
9.344967,8.926766
34.579205,17.360395
-50.01456,61.846897
-20.375425,10.976839
-78.47711,-34.62501
-24.907858,46.51707
10.87214,70.85415
-58.4879,5.827506
56.166283,90.81497
-31.410398,-16.668507
66.04931,48.35526
50.08011,-25.333744
85.26262,43.237335
19.17663,-44.885986
82.28142,-75.173744
-32.555267,114.37072
-81.345406,-30.413748
77.75787,10.972841
-43.68652,-57.707474
-13.86637,-43.74985
80.32478,49.187813
101.778786,15.165803
-60.024075,89.981224
-97.18841,19.127327
80.14812,53.756237
104.26475,11.614416
36.160946,-13.941385
81.16546,50.31938
-82.037605,4.3475814
-36.55943,113.66538
16.448166,16.054396
-82.662674,40.04297
-12.294174,-109.84844
-26.432236,-84.2739
-2.167138,33.88606
14.005676,70.31737
-52.28919,-26.972567
-60.18672,56.03603
6.130313,15.714812
0.7079723,-95.00318
36.12471,-99.1332
-97.93366,4.164521
-9.516282,-108.64835
58.410698,-10.951821
54.54522,15.427159
-38.374184,-107.9481
-95.03698,-42.882355
34.698685,-97.925
55.77136,-58.603954
38.733955,-106.59509
-2.7858417,-1.7445805
-22.389893,-46.944218
1.4476748,33.014244
-13.830343,-43.71034
79.13798,-5.739616
12.385394,-16.94602
100.53921,-8.816143
71.11069,24.851252
46.13651,-36.403465
24.07269,-19.449343
-61.226795,35.74305
-12.205376,10.48739
35.386166,-101.99736
73.85857,-8.91139
-1.4344014,3.1897047
105.13109,14.933127
36.742184,-113.42275
27.2692,-32.70787
-2.483498,20.860415
-88.395744,2.9422216
30.529015,-35.355362
80.96359,46.306187
49.831257,-34.500748
-68.16621,91.10254
-108.66673,-25.083387
46.219933,56.545254
-53.853775,0.9509118
14.38526,-21.662918
64.86344,-26.228798
83.817245,15.281527
38.987797,-15.842346
-26.543741,-41.17451
-36.83052,-94.17298
101.008095,10.442934
108.13838,15.650912
11.960446,69.20343
-65.74591,80.07019
67.77064,-1.9694022
-6.59126,-3.4795566
-14.574247,51.81622
94.99215,-9.738995
8.250886,-93.15708
-62.545364,93.61568
-39.40132,67.45378
68.33973,69.69869
-113.55173,-2.7145426
89.21573,-36.45438
22.46735,-17.501665
92.307755,-56.741295
79.89191,40.059982
-46.67303,-26.276514
40.633434,63.248383
4.0459323,11.248876
-44.133293,73.23015
27.228752,-32.88182
25.627739,90.57262
28.823034,-102.05819
62.47675,-32.70761
-29.91053,24.616161
-87.700676,-45.346603
86.85461,14.127632
-42.291313,91.2871
55.852013,-58.87297
-31.3104,107.60908
15.5618725,71.32018
-33.211437,24.378061
47.022453,94.88733
54.156567,93.05159
35.57752,78.12548
0.32750723,30.828287
5.4273005,30.31504
88.75479,37.632378
85.87301,15.095066
-35.06606,-16.870245
-3.2047775,108.797104
78.20959,-37.531128
-67.66207,-29.272434
33.350445,9.763335
40.032536,-69.26229
-82.90654,34.379524
73.50766,-35.559105
65.44973,-55.953396
87.17514,-68.70289
-6.42546,73.20537
-50.208057,88.21712
-84.74159,32.627388
6.0867515,-76.74158
-33.600433,-13.208818
-24.592957,2.0067053
-0.025545977,-16.81147
-33.884495,-24.686314
98.55562,10.603123
71.029015,77.810036
-85.423195,-53.72362
-17.334955,3.572859
5.960745,-92.218735
-12.809876,104.58516
63.179974,28.97754
-62.767426,93.59098
-22.220314,9.968578
-28.40449,1.3519808
22.690006,34.11141
109.99588,-14.255982
-35.044235,-29.14455
-10.517564,2.0566752
-30.976065,9.944845
-85.5631,-26.00425
6.352638,10.210777
-108.373276,-33.00339
8.224311,-39.285683
-43.78298,10.514253
10.331142,-44.175694
-81.18531,-14.055225
47.447037,54.18964
-48.15774,35.95358
-5.360228,112.34619
68.61947,-7.487915
-113.109634,-2.1920834
-49.048973,116.069664
36.96187,72.01934
37.73084,-61.856777
-98.813,1.5980909
-47.762123,-98.50438
-88.029076,-46.52496
-66.312996,-24.089598
-81.34641,4.920387
74.73846,-20.919823
73.832184,-30.079
-87.700645,-45.346565
-8.196373,67.30965
-4.4545264,30.805298
5.682045,-33.06252
52.665028,-26.521917
41.44983,-68.77651
-31.356735,17.352308
-0.7339902,-107.579506
-23.857986,111.295
-52.788742,70.2877
37.177162,5.357708
-92.06322,52.66159
-100.63211,-12.227843
-94.71679,50.439823
-93.24936,-33.41098
-101.520386,40.568367
-81.96734,-30.116877
101.67175,-26.93991
21.185366,-50.988155
-44.707615,78.8703
5.764378,98.10344
-67.48603,94.35757
61.22466,-27.529974
-81.08246,8.149545
89.21071,38.05359
88.30995,-50.10983
-100.98541,-3.1156604
-59.602535,-54.95377
-65.02138,81.31706
-13.000895,48.28171
-107.374016,-26.786829
-87.14985,32.332935
-84.10197,7.8194933
-98.07082,-6.593419
-7.0430746,41.858376
-40.801945,96.57477
1.5085735,32.509033
-45.67178,57.373108
50.022076,35.29967
-42.18636,97.48127
-64.27318,-69.43212
-21.936388,41.509758
35.210033,-18.288363
63.14166,-54.72463
6.036006,76.84592
-61.96887,-55.506493
-59.533134,-38.86739
-35.630417,-0.1473168
-50.62567,-33.2247
-45.289917,-93.4592
-39.350925,112.35593
-49.230732,-92.57745
101.4031,-1.2710747
47.520786,-88.91423
-39.229507,-88.92941
-79.70464,-41.390972
24.741877,-39.478466
81.78308,-75.78817
-78.03638,12.2227335
58.771282,84.0777
49.965065,-106.66072
107.62182,19.304716
-29.596535,-16.952923
-6.3441033,-54.791588
-92.33966,-51.86311
73.681046,-73.56864
-91.02725,-41.301838
-46.194824,-98.511406
-2.7958267,-118.57911
33.578194,68.99573
72.85485,31.881739
75.66977,-73.106125
-7.912725,-52.54204
60.166798,86.2055
10.8052225,70.67817
70.82798,24.802517
-78.02283,12.451352
5.0474453,66.25781
0.9471348,81.72011
-49.360992,89.24251
56.74103,87.432076
20.528133,105.34566
67.96062,75.86477
50.913895,60.298767
-55.930576,87.25913
24.74802,-19.720713
65.68934,83.20473
1.6945778,53.132378
8.18825,65.18139
-82.10166,30.366867
-85.34976,-47.33636
-12.157344,69.66455
19.871605,3.600284
44.237648,-102.7032
34.143906,-58.675568
-60.298683,33.837124
-49.81537,67.19179
58.86211,-29.358091
51.45244,-86.64594
21.51999,-3.7785935
44.79932,38.635864
99.51668,14.277939
-75.87452,-8.917527
18.811802,17.137585
101.137146,15.797401
80.96306,46.306942
-45.801414,-94.53238
-34.33925,11.492987
53.91894,41.835415
-102.784355,-30.916162
-39.589348,27.7165
92.86215,-32.574135
-11.571695,49.124954
2.1049647,42.47835
-1.4506724,-111.13017
-23.028524,48.02543
45.693485,38.74559
0.6588286,-92.34302
-9.259821,18.852077
25.177662,18.476934
-47.045155,-81.841545
36.83674,-60.822823
-63.405552,36.342434
36.854153,-60.438976
56.39901,-40.340263
94.57443,41.11144
49.921833,21.482225
-107.60626,-16.974894
-45.739983,37.40093
-52.212086,-90.33894
89.01778,-29.426365
3.6056595,-10.98908
50.820545,95.24596
-24.030163,111.497314
-4.382161,22.085512
47.745625,23.75684
3.0697343,-9.400366
50.84999,70.35523
-4.547088,2.846927
79.33021,-19.854044
-58.492485,83.13653
-25.672522,38.793133
-35.99075,72.70666
-102.70529,46.687767
6.982834,-15.987978
-85.478386,-47.287487
46.742496,95.202
-62.55407,66.632164
87.29412,-60.658455
-43.60325,71.41821
-5.8014245,-17.85437
-107.98654,-16.520407
-16.186464,6.2574844
-68.21513,84.325356
17.740944,-98.183205
10.876274,-32.85367
-110.312675,9.444215
34.607147,79.76607
-44.711697,9.225889
-52.788742,70.2877
15.820725,78.115746
19.536066,90.88782
-2.4802904,20.878054
103.21371,-28.16088
40.54619,78.53085
34.21389,79.712494
-47.975292,60.83873
42.848892,31.587942
-86.15831,-24.773495
55.00345,37.8689
47.25618,-41.294067
87.46572,40.574226
3.3840418,-22.138388
-78.44235,9.929069
-15.259537,-95.75847
-97.48101,3.0452056
-7.8524184,104.68406
-30.67615,25.026106
34.098244,10.321278
-85.08824,54.07754
-39.30332,111.72184
37.05629,-57.44129
54.43188,41.898613
-34.81598,104.014565
6.218928,-24.297333
73.2588,36.60294
19.579954,-38.671818
-31.373457,-11.136982
84.34924,-66.42878
-26.05689,46.998486
57.38403,-37.923405
90.751175,43.697807
-32.755505,21.605366
51.603188,56.695843
-44.60819,10.219556
95.91531,-11.688481
-6.613522,18.683361
-85.651115,54.418385
81.345795,56.636105
-22.005178,-45.314587
-44.045574,72.544975
-76.02907,7.7738566
67.25625,66.5754
56.48054,66.45203
74.716545,52.850216
24.892302,89.63488
-59.83629,-39.934505
73.19293,74.9701
-54.494514,-0.46060348
-5.7823944,81.25522
84.58332,53.491673
-25.108788,41.18374
60.149067,86.273735
-60.367,-48.087875
48.00923,-23.166208
38.417736,69.85418
23.291393,14.062656
77.08589,45.921486
67.2306,42.321167
106.16513,-41.51482
55.68035,-21.922747
-7.0220833,115.297806
-71.365364,31.16719
-37.404667,79.26225
-35.11888,10.394353
72.811195,-31.844975
-2.1478949,33.59933
44.85218,38.89633
50.034313,19.054522
15.852869,-62.17971
-2.0618567,-56.26716
110.817276,-7.3621035
-112.96801,-15.246888
49.824303,-34.4689
40.096977,7.3672304
-54.22106,-38.793137
-6.0159154,-4.1239724
-102.26872,-7.0506835
73.68555,-30.722824
55.417225,-58.3699
82.34131,-74.01005
-40.719967,105.727684
-34.84831,104.49864
-10.316763,-26.788864
12.968634,-8.874629
-62.0151,-62.84116
13.259743,10.831674
68.39228,85.399734
55.810802,3.3629744
-50.301834,-24.557686
-96.76215,-40.919838
94.94981,-9.735417
-51.873024,93.36511
74.5816,-30.25505
24.01709,-56.3874
-44.422314,72.92675
65.57976,11.60794
-23.015228,-77.51023
92.61097,38.562096
99.60015,10.460144
19.649153,-58.04909
-21.639868,-15.612319
38.43133,69.1844
11.563609,-33.085793
-3.0471966,-8.094591
38.300472,40.6233
0.9252992,-103.76748
6.352618,10.210792
73.50464,-29.630684
27.519491,-58.44372
-51.395905,86.81496
15.799035,95.02518
14.115422,106.0987
-46.960857,109.93622
14.471189,-51.562077
30.093693,-34.63621
64.20576,-49.46995
-78.97404,-23.165638
38.56245,-108.47856
-88.59129,54.139393
-39.81941,7.2340436
35.868927,53.453026
-111.074745,0.90003425
-94.209564,49.57103
-21.746521,41.427254
101.8571,13.613555
23.124561,-17.192455
-20.46717,-43.46821
13.209334,5.979649
77.58063,0.51199824
-53.448654,-6.142805
-15.628925,-23.157354
26.741356,24.830542
15.837337,-62.207165
17.05886,-36.491947
-4.278317,57.948086
36.337723,-110.84831
31.971786,-96.752144
-61.243618,-40.12394
43.14151,-88.72087
83.19941,-27.725264
41.19862,-69.234505
-35.14365,75.6373
-0.5535042,-22.883026
-61.375034,-63.004246
97.88895,13.234782
-55.06954,-13.742828
-49.048977,116.068146
-92.635826,48.28189
-81.93282,-29.909979
38.800354,-48.82572
99.06981,-59.42955
76.74124,12.025839
-41.481667,10.0320015
-98.105606,2.7782533
38.58244,69.58873
-29.138142,-22.946806
54.18893,41.733067
-3.4609542,-3.8736746
-36.58037,11.414288
56.782314,-55.71908
101.594345,-9.257938
91.50733,38.476345
-38.786625,13.694181
-46.47399,-98.249275
-58.363895,72.0251
63.69826,-30.496527
-39.598206,67.49714
102.44162,-49.48684
-31.55075,-11.039654
78.89426,-73.9776
24.1561,9.232011
-79.38783,-14.262383
106.90212,-37.725365
-10.365139,-61.138794
50.318653,18.891523
-84.80231,52.512505
-46.8195,-98.40247
-9.57849,-114.136284
-52.893642,88.98465
16.296803,-51.37418
3.25444,71.23528
-86.38022,-25.73238
54.553085,-104.1467
18.831987,-58.2185
-17.626104,-109.850876
34.21328,55.28539
-17.0498,-23.792439
-28.404512,1.3521243
83.71663,-69.44892
-4.61072,-71.709206
-3.9318037,108.20846
65.68906,-8.443442
-45.76537,20.36118
-91.62625,34.427834
66.99863,7.1277304
-8.246815,72.7242
-58.834538,-50.439877
-46.095325,74.70645
28.334286,41.45082
-39.81941,7.2340436
-35.353825,73.52126
112.359245,16.660866
56.016884,87.29244
-25.637203,-25.71018
-3.3116035,5.7661114
15.135646,-38.474754
-61.70433,-70.70708
39.746326,37.542034
-21.668993,35.090313
28.540125,-34.210316
-26.660183,-3.284025
14.033027,11.913356
16.444818,-89.04898
75.14353,-16.838917
-66.11959,27.981787
-5.1414704,-53.215668
-21.207954,39.071014
-39.38605,108.67669
-37.39159,-106.77932
64.7712,39.423794
-46.378242,115.75171
65.27226,0.90214163
5.3799605,77.65684
46.222996,-89.078415
-37.211384,-73.89162
54.106003,42.104847
55.96084,67.28182
86.40298,-59.196026
-14.827632,-46.500164
36.369812,54.059772
77.543144,-72.260216
-75.233284,-0.3083468
35.161034,67.88881
-82.76516,39.823597
76.54172,-7.1656156
65.03935,83.469315
-47.404587,-98.97478
-3.0397758,109.01189
61.308945,-39.74536
74.9365,-31.419863
28.831245,53.94951
35.549576,79.70767
-49.838276,67.19964
18.728565,-16.542482
13.74358,43.107124
-25.380774,8.113955
-37.99884,-92.4868
6.2539396,72.086945
16.25799,0.16652703
-34.435143,-99.83633
21.136675,-37.31567
9.471809,-111.6593
37.657978,-17.1519
-40.579437,33.86525
-63.92563,96.04978
82.47268,4.3971066
-73.54436,-3.4008458
-35.611034,-78.46572
-101.46672,43.799706
73.59554,77.12434
67.81014,82.18853
11.682726,5.5273523
-49.07801,-59.5413
-61.021683,-70.30639
53.893368,-23.824139
22.276863,49.58675
36.946476,-57.20969
10.015243,103.35375
15.206548,-22.914228
-38.16656,67.373146
-27.987679,16.271536
22.236528,-5.3179317
13.609948,-38.827866
2.805781,52.298645
-27.240818,86.81632
-98.88216,-5.6541104
-100.98118,-3.146125
43.700714,79.662766
47.263245,-76.84089
-80.9464,40.71397
-39.11171,-76.160385
35.364166,69.19962
14.986266,-51.7936
-45.743694,30.084715
-32.555668,114.370995
-54.83734,-57.166603
-110.36882,-20.771004
-27.594889,16.293497
-32.57308,105.415565
-13.929162,46.9245
112.17197,18.615864
29.742208,-38.950478
86.78329,-60.03705
-39.705055,24.33032
-13.346513,47.171986
-53.410934,-36.354366
-83.409256,-37.98146
-68.72835,31.00404
-65.80513,31.097546
6.910138,72.09789
-23.788454,51.34989
53.825165,-45.26199
13.157189,-8.988898
95.53816,-19.837345
40.898994,39.996838
-50.702206,-92.13989
87.87704,33.136406
3.993164,-20.118631
40.010105,-54.41063
-49.951065,-41.11298
-27.666609,-29.729809
-56.57941,-59.4014
-53.194134,-34.206078
65.87288,0.8755489
-87.27724,48.27857
-43.45458,9.959407
53.733624,17.872606
-90.15476,17.390732
17.946835,94.00518
37.191696,5.3770885
-5.5247893,113.168396
-5.1799254,2.0940716
25.431396,91.0774
11.835436,4.640601
-66.98311,-29.2567
-6.7463045,-8.744437
35.608555,70.14914
70.6951,-65.89379
-67.69168,8.164124
-89.08079,56.338425
11.680094,-75.58837
13.209893,5.878433
87.53533,-30.732674
21.424692,-3.5486948
-101.354355,40.609528
29.36475,54.07295
67.42339,13.227096
14.716296,-22.59608
69.93213,30.725044
-28.790907,113.93297
-98.00694,5.7674136
48.372616,-23.46107
69.03265,66.86743
-22.134827,-57.391457
-62.32993,-70.44117
3.3939283,35.657738
-51.859066,-88.59979
-78.10848,12.968911
-56.981983,-65.68215
-32.353493,-32.266438
-47.98031,-58.62947
43.100185,73.346085
48.04685,80.77023
86.04473,31.736702
8.957501,-36.47643
-5.3220353,68.163506
92.92724,-21.942585
76.459625,54.76934
78.20151,-15.667929
80.550804,49.68721
37.793953,-112.820755
11.818375,-46.915
-109.31165,36.53912
-4.303143,81.378624
0.6996625,-5.943666
10.895647,-38.2734
-90.00805,50.101532
26.498775,-63.160072
-95.687454,-53.049767
-79.71245,17.477201
27.269335,-32.708042
-40.8598,-76.48236
52.159977,95.3701
-54.73179,-32.95909
-101.3416,-32.46653
118.0454,-12.252332
6.991079,37.52348
-54.399315,54.539944
100.44111,-0.4997521
-20.55507,38.78099
17.75626,-63.003197
-55.649647,-58.619495
-43.546555,72.29411
19.50577,-17.52958
35.386208,68.33449
-7.610633,102.43666
-88.28347,-46.573654
-45.765606,113.81694
13.054021,10.7661
-96.82205,-31.26592
-98.100746,9.109971
34.79851,-57.53624
-50.751743,-92.25181
1.7577544,-58.988785
-26.75833,38.986835
51.07809,-101.713524
60.516872,-53.793915
-1.6212449,-17.367115
-12.263437,36.45485
-62.93536,-13.317981
-41.440254,-45.458195
60.347034,-30.922718
4.1831727,-34.5124
65.01049,-51.980427
24.205147,88.882416
-57.34797,71.35777
74.81199,26.56341
-51.581043,113.10677
27.5537,91.27924
81.32002,51.538143
-2.3211668,4.940061
7.181754,64.05672
-36.811794,-101.72735
-35.32075,75.07664
-32.003162,-50.234367
-90.31318,-55.610054
-22.961437,-55.276814
95.99584,-8.243669
-101.880875,30.90764
66.05104,-9.519056
69.195915,76.75241
-6.91537,-2.4255598
-5.4551373,106.78499
31.153923,-111.80011
-91.02725,-41.301838
-34.673923,-74.23645
-68.344505,32.339638
37.066338,-108.751686
-2.7462502,-108.8608
18.485699,34.16442
33.790604,-108.566734
-68.30746,85.81414
-85.5571,-54.27191
-28.966059,-26.90609
-112.47461,10.433568
7.534518,-81.00834
75.78176,-75.2141
56.481895,65.7283
-68.15986,87.55314
50.955456,-80.81676
-91.60139,-55.22882
-59.796276,81.07196
-87.44648,48.25678
-95.03545,-42.883724
-62.348347,-59.14205
-37.720005,18.132542
67.13409,-1.4668671
55.74833,-59.251453
50.323395,-83.265335
108.04925,18.443289
-90.95899,-47.87002
73.13639,31.780018
37.778873,78.147156
-35.153008,-105.497955
-61.703384,-70.09114
38.282375,-106.705315
-102.602264,-6.7788076
66.717674,-55.33801
-9.762963,-1.97332
-90.169426,-29.179276
10.018271,-44.847713
82.060715,-76.62819
83.20662,51.01628
-59.264862,74.2327
8.972901,51.487167
86.40765,39.349087
-7.3400736,105.3826
-95.20528,-49.169548
-29.168867,-93.24456
-36.88311,33.21787
-65.89423,-24.2791
-75.18803,9.109355
-104.30589,38.761703
3.6930368,12.271291
-38.23096,105.42064
17.494492,-35.413395
-48.12912,-58.527046
-31.844072,-12.899287
68.6149,-7.5761213
102.76699,16.665298
-43.529922,30.113644
28.365532,52.902626
-19.5567,-38.13653
57.237785,-47.13209
76.549805,9.3281975
-106.09997,1.8177685
-23.355148,110.27894
17.14767,-62.719723
-95.80788,-24.28159
-44.675316,78.61432
84.749275,42.356834
-32.00961,27.560122
-100.84873,-3.1258862
-62.74673,-12.832966
38.365646,-16.18635
-64.94068,-65.26006
44.772964,34.734486
-28.820204,-98.817955
33.84055,-54.349922
-107.47023,34.969887
108.3825,15.736269
-46.896618,33.659657
50.39282,13.132092
49.34149,-100.58677
45.14131,-83.73317
6.0727506,65.94182
-16.589834,-51.29026
16.12121,-76.27938
-64.275116,-24.550606
34.650482,80.02938
84.451614,43.2506
66.21112,27.86208
9.555885,-105.69638
-79.75816,51.867508
-22.94223,-47.047993
-45.253677,66.895615
-46.545746,115.75084
-30.443485,66.86145
-65.93423,89.86373
55.012646,-104.26761
11.674133,2.691159
-32.99469,29.243725
-1.4169664,-110.732185
-0.90974975,-11.07162
30.093693,-34.63621
-83.92629,7.7142286
-36.58975,-35.055714
-107.46677,34.971478
-18.56784,-109.24138
-19.304491,38.688957
-46.262558,37.010956
-53.626907,-37.650253
8.358216,-39.192326
-1.4842093,-12.928311
53.120342,40.439766
5.5561357,75.12976
38.92303,-17.490658
-37.656483,-107.28052
-52.12814,93.54328
-89.51344,54.32156
-14.964587,-95.816635
21.113266,-81.965416
-1.4315995,-111.30808
-79.10275,49.41607
54.191906,13.196363
-41.903183,-60.17415
-50.091633,-59.83618
81.44361,54.176704
73.62049,-29.347198
-20.295664,-48.277237
-74.30468,13.407387
-26.82506,-41.407406
51.212215,58.23302
-2.7768118,-118.46659
54.841057,-36.014908
35.26362,51.86282
52.42745,-82.743164
4.4603643,1.6919081
-82.0551,42.132206
0.28198543,82.9522
40.56253,-55.900116
45.317455,-76.2835
102.655304,-53.97173
31.657698,-62.028637
80.20779,-33.522987
-1.869062,-56.23326
78.32788,-37.524017
-51.601837,72.70246
-26.669895,107.5552
57.143738,-47.08849
47.846466,33.02821
-7.6930227,45.181988
50.101414,-13.520856
9.461857,-36.978043
-61.480984,-57.43104
-0.43920583,-22.123682
-23.682137,53.373196
4.5346465,-15.663548
68.6359,85.39675
27.816576,56.17251
-35.886055,0.2697707
-5.0512033,-74.83669
73.197525,51.938858
-28.811718,25.780094
46.698257,-27.776463
-29.198668,-106.3346
-39.427147,-103.819435
-33.081406,-106.54131
-64.34567,-25.426369
4.1277733,90.272316
66.84572,77.16179
23.370646,87.773346
-24.680464,-74.57935
47.684113,23.85789
60.547417,-53.89704
77.56177,-37.48616
-91.03803,-51.830296
-72.395996,14.5506315
-51.286568,113.91049
-59.263813,-1.0824891
47.414673,33.364704
61.55919,-44.548084
-49.05953,73.42436
45.694485,38.746185
-34.36082,-14.102435
7.007406,-114.14644
-33.59043,-106.81296
15.484618,13.8437
85.50031,7.4236345
9.618251,-20.53077
7.681441,-91.379425
-85.42382,-53.723797
69.771515,80.47284
-65.59375,-24.272636
-8.18188,-74.539764
-102.181,43.744007
1.2049057,64.94461
103.155876,-42.358383
43.854286,-73.72533
116.71079,12.564872
105.05785,17.143785
39.266975,-106.847496
-11.630911,-117.56984
7.3907347,-25.100496
-41.999226,-31.734404
9.313032,22.641237
-13.198681,9.647463
65.516335,29.578861
-6.3739243,72.7989
-49.54754,106.507645
-13.049278,45.28822
-86.64349,56.126633
51.13331,22.707664
73.18749,-31.43925
24.116867,6.4939137
-72.395996,14.5506315
-105.42501,8.503687
31.899221,-41.312614
71.00078,46.562782
-65.564354,-51.428642
71.67333,47.16803
-26.891872,-52.421185
52.5283,94.95275
-56.415333,-7.185678
-19.19089,32.299477
14.006777,70.31715
-29.168867,-93.24456
-13.605529,-71.19152
38.070038,61.84674
-20.382154,38.885693
55.48417,88.705475
-18.783554,-28.444445
-35.242737,-105.48463
45.052002,55.14871
38.69095,-11.96753
-86.3736,-53.717377
-9.854933,-68.10573
-17.37775,48.36691
-9.449909,-27.489452
79.21633,-56.772312
-100.7577,43.265465
-89.68709,-46.059135
-111.380684,0.99902266
72.280334,38.46345
56.00805,40.78468
-97.833206,4.5097923
35.8503,-102.28431
102.80742,-47.717377
52.834316,-80.93315
-44.681404,79.101974
41.633003,-67.92549
-63.926105,96.049965
61.100945,-58.877487
3.4357216,-8.798713
34.482307,-19.647154
-87.14539,3.9533143
36.26497,54.31033
-96.77521,-31.76839
48.205757,21.0654
16.287546,73.30653
110.22973,17.144756
-53.1825,54.633686
-50.96569,113.77381
-51.51942,112.95115
76.31777,14.387887
-41.75349,-30.583872
-42.761417,63.240097
-96.639336,40.206036
99.796684,-57.346523
-79.388275,45.54517
6.917537,63.915974
-104.34285,-31.917887
0.43631032,-16.57645
-63.95008,93.99729
3.782592,64.94472
47.24098,93.93216
42.78819,-100.548134
81.6586,41.735653
-46.915325,70.91961
-60.29594,-63.06054
-8.436403,-114.83317
11.550477,-47.20928
28.68486,24.461123
101.86833,-49.59359
56.424675,-47.025467
-47.044266,68.684494
0.962179,-18.221222
38.572693,10.296153
43.460922,79.20244
3.9080486,29.787907
61.706604,-37.05194
82.88063,-48.031166
-56.1764,85.047554
-61.924244,55.83884
-50.11153,-29.856606
60.41091,-53.782646
-93.54096,49.03893
-61.10294,-58.462852
40.801567,-101.06803
41.56299,-69.57887
-27.169212,107.594284
80.300255,-22.272959
-59.715294,-63.46489
51.178333,58.25015
-78.59457,39.351215
54.38836,-35.283493
-9.173849,-96.913414
-5.917862,-117.46307
95.89696,-11.677436
-44.585003,79.4265
-59.980804,-39.64468
61.44475,-56.78396
-8.980937,89.79174
-48.90029,-38.0503
92.65673,-55.52428
50.354294,18.706701
60.166798,86.2055
2.96422,13.130475
50.323677,-83.266594
-65.37988,-29.103886
4.0433097,34.3863
-90.54248,-29.335243
-75.3447,14.405914
53.261158,-107.6686
-29.69086,-26.58044
77.083916,7.629327
-22.4181,42.64159
-28.765877,-105.725685
63.695824,-30.492315
83.779465,54.17019
-5.5723844,27.496744
-19.190166,38.620045
-44.636837,52.603462
-95.19908,40.770283
-53.42848,-34.19152
-14.130339,-41.568424
72.108505,79.234566
-92.82463,-34.817505
-30.357887,-12.646183
71.74956,53.31388
-88.39274,-46.097267
75.55772,-23.603918
36.102165,-112.54898
-7.3501163,-10.685642
-30.344889,38.83662
64.836815,39.4726
-98.60328,-3.8956614
-44.889675,-78.89726
-1.2503018,-14.831038
103.09155,16.641289
74.368866,37.17774
82.997406,-25.645948
-78.47711,-34.62501
2.0819616,91.23836
-80.58523,49.549786
77.01024,7.6263595
-100.0626,46.044376
77.80479,33.706802
103.58981,-55.224365
-80.54874,3.7919817
-55.2547,-58.192505
-93.16675,-45.167484
72.405945,46.614323
101.56395,-9.256644
32.436684,-61.397022
-13.433571,-112.46346
51.573654,35.77155
-59.644867,57.744987
-37.223057,-78.94332
-46.75712,70.83
-94.77029,-8.2081375
19.29255,-76.11299
-47.826485,35.29643
0.38243616,0.9219518
78.37943,39.707615
34.67665,-81.69433
-64.30474,-1.6534827
-110.72439,-24.36261
42.41496,35.89225
118.04984,-12.249038
-19.907177,43.34385
74.647736,-16.505081
-33.623997,98.397484
1.5782034,-72.933586
34.430923,-9.094069
18.336512,18.190788
-55.4784,-5.7816763
0.21772833,-92.444244
75.00569,-6.442468
-97.52566,-53.080757
30.299124,74.53089
-21.267776,-30.50776
1.7301407,-75.243904
-92.17444,-52.088898
72.67654,31.582806
-108.364555,-32.34915
-71.34667,-26.30247
64.42472,43.250164
64.76219,-32.02994
-56.141853,52.61071
74.93728,-31.42097
67.78463,79.402954
-27.123753,-83.52062
2.2395105,-111.69888
3.591893,-10.923355
102.58689,-53.797516
8.751011,-37.639294
102.86987,-54.945194
-33.64757,-75.067894
76.833084,11.917408
23.438328,-37.17564
-10.084964,42.42461
2.968112,45.14196
-49.951065,-41.11298
-107.91947,-32.703472
-101.74657,-28.747013
80.204765,49.74457
11.903859,5.1084757
47.33012,95.6939
-94.14576,-12.470563
46.364475,19.68354
-13.191293,-96.39419
-12.080368,36.976128
46.84449,57.216145
42.63295,37.717552
-21.778969,-45.47178
-61.955997,83.08483
-2.47418,34.706955
70.75989,11.955865
-45.412304,-56.662033
61.178463,-34.500027
40.18858,64.99989
-14.123628,-41.518738
68.34038,85.31692
-10.840408,53.420483
74.827515,-21.158941
-48.396553,35.034203
-52.727695,-84.767265
90.134155,4.9579225
11.443975,112.29273
68.96106,73.90924
45.791008,32.16969
20.17168,-85.151306
-3.2577314,-75.0858
34.797035,-57.53688
82.5991,-60.4616
90.85884,44.78553
65.689354,83.20551
73.35533,-72.8188
99.84868,-30.518206
-27.01259,45.626106
-45.45654,66.611534
-52.92186,85.60538
-50.319275,113.226524
101.25054,-29.797089
-39.140865,52.16437
-54.76017,59.36065
-98.85169,-5.023839
-44.521866,80.22474
75.260704,-6.5636926
84.516914,15.603999
-2.2451727,101.88796
-101.02874,-32.09588
-47.338665,35.690304
-5.832674,108.24321
22.29431,32.706814
-4.3472757,-55.61368
-88.28374,-46.57394
-23.234035,-45.0451
-56.199486,84.95547
2.7567074,-91.69338
-69.06204,36.7976
57.536606,19.65094
83.35569,40.762455
-18.039448,-37.284184
-100.86152,13.227372
75.25525,-23.966196
1.666211,-91.114784
-91.54438,-41.0482
-0.19073868,-24.198996
24.664183,100.35724
-35.694702,-0.75577164
5.1842165,29.816145
-86.95447,55.018116
-44.825733,-51.670456
-80.6825,18.750723
65.28629,-56.117344
14.139813,106.89613
90.12011,37.225563
44.949177,-26.973942
-89.16852,-28.091408
32.702797,-63.308018
-86.60994,-25.761396
73.95462,-23.19524
-13.607958,64.45158
11.669754,-32.86813
48.799496,-23.45263
-103.39298,-25.764929
28.642971,68.846954
74.307785,-74.548386
-14.147661,-42.42419
33.499973,67.04599
-8.789353,104.26177
9.670938,-11.954299
39.48663,-53.854954
-30.51771,-99.374985
-10.915755,78.27641
35.76567,-113.4074
62.5813,-9.956953
-26.488096,0.32837683
-2.4529283,19.141607
-48.7563,-28.20229
-12.163591,-24.049095
39.648987,-52.49501
98.959175,-60.123486
18.784399,-64.12709
-81.27122,7.3051515
-25.693644,-76.2904
-90.35164,-41.672173
-95.69596,-10.887981
84.29448,50.666096
-10.044252,19.11107
37.97822,-58.284603
73.10023,51.69557
94.07284,41.265404
35.229004,-14.512114
32.560276,52.40529
-74.445015,14.205078
-5.691792,81.55689
22.72006,-64.92515
79.94038,-60.420666
23.02697,-64.20338
-7.2532196,1.4852736
88.525154,2.5850704
50.4593,-84.94792
-85.01053,-53.51449
-13.24911,-118.08803
108.430435,-13.132302
-95.73939,40.94621
-48.9565,110.39948
69.00212,50.4045
-63.71167,-1.7764587
-55.880527,-59.819164
-49.112408,68.12641
-42.11567,52.890133
47.86986,23.3912
18.784441,-64.12713
22.546766,-16.686518
63.29687,28.00821
55.65605,-22.42227
75.77916,-7.69671
-7.44842,107.79467
48.57043,-80.08091
16.264479,18.742935
-47.56791,-40.680428
-97.81991,8.349189
106.36146,-13.575141
-49.28331,17.67479
24.675797,93.08952
11.218057,-31.893303
-108.70077,36.46023
-13.077574,45.63138
-9.4050045,67.5654
3.4066503,36.373802
73.62245,76.86891
-96.00554,-51.695126
-18.850985,-27.88419
65.504265,5.245449
-12.805559,-0.27190903
-15.966025,-73.379234
65.4582,-1.3078094
-52.768234,58.16727
-64.638336,93.30679
-115.690445,0.9600624
-46.821762,-98.40395
-99.35062,42.878277
34.116436,-53.050247
-109.32416,36.53941
108.98352,-4.2839417
-95.43848,-7.8743753
42.676704,-79.32437
51.27871,-88.29132
37.135597,-61.488155
-42.31297,98.28842
80.28769,-5.716925
52.356724,-32.75129
-60.134075,-58.98681
-46.003284,28.971952
99.85805,-56.414616
78.61381,-56.69743
-106.37221,1.7005558
-2.5240614,4.1997566
-10.507006,54.558605
-29.113836,-47.12364
9.585644,20.270914
-30.677578,-88.3376
8.221451,-18.287704
68.508965,73.08701
88.39512,-68.2
0.71488994,99.035355
50.979454,-45.021294
-49.76515,-35.322113
-28.10659,-53.425285
8.830931,39.553696
10.697974,-38.09897
-33.745285,-28.92123
-32.613598,-18.049437
39.335632,67.32898
-59.648327,-54.994633
38.033146,-62.32456
15.016051,94.164024
-80.1829,6.075322
21.470514,-25.678923
-73.32031,-3.0982325
110.84317,17.619335
73.87331,-6.83255
50.64504,13.4024935
20.682976,-90.77925
33.93411,-111.81451
-97.874084,4.8951178
-60.844704,-59.020927
-45.658836,28.725563
37.043606,-60.296146
4.2779884,-34.64861
78.434616,37.94479
-38.16084,67.37926
32.314217,74.161835
-91.869095,2.2389455
25.047194,-51.425617
-54.401737,86.75446
43.22175,74.40883
-53.941814,-15.197787
-114.58669,-1.9671793
39.318596,10.108424
-7.6871004,-110.93106
-82.649506,7.627997
-79.170235,49.430523
81.064445,-34.600018
-66.049484,-58.177654
-81.69578,40.473797
-61.695934,30.126442
39.417824,-111.32668
-2.5105896,5.2926617
-88.19286,54.46777
-7.2358184,-95.95761
-5.9199142,115.029366
-27.265795,-106.14811
-68.893524,36.923153
-82.59065,40.317142
-105.87537,-25.673735
-97.78788,-6.332405
-106.47091,1.5657189
-100.38268,45.677807
-78.05275,-43.857986
43.06835,36.40533
92.967545,-22.542095
-0.70205086,-50.25499
-7.3619018,-58.113243
63.423344,29.447538
44.619015,-75.853065
-17.808578,-52.08929
18.767319,17.211021
-12.82507,81.39003
-54.735783,-33.021534
-43.82902,13.634658
71.31362,-63.743526
-27.68534,-79.3876
34.952496,52.155106
35.589935,-13.879509
45.90173,15.612768
-60.58122,80.94269
-60.54582,75.88133
13.801554,-38.773613
80.55293,-5.7421002
-48.536457,-29.123186
32.95169,-113.858536
-25.816929,112.712875
30.976368,-99.43883
-18.293674,-49.08549
-35.238354,-13.291449
-36.012135,101.43289
-100.324844,45.103455
18.776249,-91.350845
-81.930145,42.004375
6.0925574,15.546409
78.58457,-47.84104
30.55553,-65.23115
53.346275,80.86478
-108.81669,-0.5377298
85.819405,0.40079492
26.00584,47.261448
30.763117,-34.360172
-77.60805,11.171016
-25.650936,-24.683031
72.202896,-24.943834
45.416122,34.503376
60.901276,-20.559011
-48.303085,109.98344
-32.591427,-32.94262
35.2713,-79.07009
-26.327267,-84.2093
-6.4184914,1.8360994
106.96154,-39.594532
7.3960195,-85.274445
91.381584,43.44846
-2.107081,66.386665
-113.221756,1.3019856
-31.812677,41.946674
70.02341,25.219456
-45.424232,60.831142
25.516464,101.80576
1.6904368,-91.13604
89.791595,42.989235
-9.492248,13.154203
78.78077,-57.717304
-29.053024,114.48796
-103.12728,-26.846878
7.2707033,32.65234
43.954502,-76.36596
-54.14515,103.46378
12.937796,73.3468
-34.78594,106.18066
-44.40581,-22.834335
5.80224,-93.03737
42.593132,78.11714
58.78501,-10.465741
1.2999533,-73.39775
-113.30399,-3.5429819
-49.609913,92.39586
-55.38957,-60.547855
-40.705128,4.0887218
39.95302,16.01909
-7.9455466,109.74313
54.6305,61.377754
-38.987297,67.86778
-93.25034,-33.68448
65.68883,-8.443907
-47.190563,-28.180218
-2.439554,66.74217
28.93841,69.05708
4.0694466,11.240618
65.691925,83.20378
-3.4446075,-119.19479
18.200436,14.072104
9.495065,-38.60949
55.174072,-7.2592077
-25.816929,112.712875
32.475792,75.59167
-12.58133,-96.14231
-97.867714,4.783028
-4.9469423,-11.535557
9.2450695,-14.658383
11.518393,-8.192622
71.67451,47.168076
43.10021,73.346085
-42.759377,70.64614
64.17671,-11.157268
15.29657,-88.705864
36.65712,-14.335544
76.34982,13.359947
42.33767,73.92613
-21.391401,43.633724
49.59575,40.571358
2.3647726,29.384432
-4.3325024,-12.041656
-1.3494849,-20.092297
42.676453,-79.32533
68.161476,78.05178
-81.15064,-14.33917
72.50892,46.608997
4.387834,-89.85357
-95.92732,-24.07478
-75.799484,13.63359
35.69101,-61.151062
-37.955338,6.734591
-63.90213,29.890005
-7.878388,46.527378
102.809746,-47.718132
73.50585,-35.54464
-111.61782,1.0302796
63.6467,-9.3828335
68.56058,82.89907
-18.996256,46.94889
43.381065,-70.07457
56.634853,-56.281307
-35.174423,4.5286126
-43.56815,71.44784
16.79878,-99.23544
-39.266903,-76.34594
80.423584,-6.2602005
104.60945,-42.73763
-40.47721,-82.59852
-86.54058,55.061745
-51.91931,88.754715
57.500145,19.62025
-85.66741,56.653038
-23.755072,51.19037
-32.023426,97.79319
61.284885,-7.0880504
-86.19026,-53.738647
5.8847923,-77.063934
53.261333,-46.038113
-97.28261,-54.97547
22.483896,91.082375
-102.64514,-6.1651254
-94.06253,31.835278
76.652306,12.102709
65.299965,-29.618267
-6.8330483,115.963455
-22.587692,83.01604
39.57647,-99.83824
-35.53447,-0.5199542
-50.04611,32.79912
-49.648087,60.611977
84.69401,10.364728
-5.727998,109.78107
45.404697,-76.40813
5.0945754,101.372925
-33.811707,12.671549
-8.672355,88.8519
32.337765,-41.48508
-54.786278,-13.90569
-86.97377,1.4537798
45.409653,-83.72064
-39.81941,7.2340436
-102.448326,-25.790361
27.418531,44.47318
-78.40764,42.775887
105.36161,-11.810155
-6.85579,-72.389755
69.1468,82.89692
103.80905,-42.6426
-94.206406,-43.986263
36.25012,-15.361461
51.216248,85.07628
-18.87136,37.081394
-77.96724,-34.6198
-70.92093,39.096504
-93.45242,-24.39103
-0.6261515,-50.111996
-114.735085,-1.8538432
100.10645,-56.823254
101.190506,-27.962736
12.202906,-23.348558
-17.1064,-78.70191
-40.467766,8.797892
17.544813,91.92708
-3.0648766,71.578445
24.957687,-59.507706
7.1114397,36.217422
68.82933,50.288635
-96.929726,32.22486
18.240232,17.172077
-58.931084,73.191345
42.137108,-100.81043
77.75717,-74.25076
44.898823,-89.79511
1.1949506,48.6826
65.09868,-8.216813
29.971567,-37.589344
18.176807,44.16767
-39.74693,114.18642
59.537064,85.8482
-45.703846,29.744974
72.20792,-24.944036
69.03261,66.86742
-63.19317,78.98419
2.7120814,-88.84006
8.313406,66.754486
48.626373,52.624245
59.876762,85.73229
53.494495,40.279686
27.825817,52.029
59.19724,-54.333096
30.483276,-64.73844
-90.85774,-9.743395
-18.369776,-29.08567
76.26523,39.33351
-55.068916,-87.81986
-84.97637,52.62746
-20.369246,-72.52952
23.224638,97.87469
-108.27649,-25.335966
-3.8198097,-3.1284442
-28.182405,-0.437056
111.98606,17.1087
-3.515245,72.07439
-80.49978,-0.03987113
-97.47126,-54.964516
99.76152,-26.269794
98.959175,-60.123486
-107.68066,-23.477793
73.18692,-31.49721
-11.593598,19.099419
4.5146513,-34.710247
13.942676,-7.526694
10.853412,-95.016785
16.305063,79.01407
81.658485,41.735004
-89.54924,-45.60703
73.68555,-30.722824
-13.506002,-111.30064
28.340132,53.15397
96.31691,-19.817865
95.53134,-53.82564
53.03152,-10.510615
46.005173,-99.51167
34.381454,8.784223
66.440025,66.19146
66.61373,-33.913292
72.084816,38.590034
-34.381058,-79.873024
67.16249,-57.63203
-62.545364,93.61568
2.8525693,44.795334
61.44782,65.351
60.439404,-9.837234
41.704304,31.257343
33.508076,14.806206
-47.660133,-98.14736
9.352717,-88.02546
0.4530662,-71.23511
-79.84211,-30.639482
36.949657,36.950546
-33.21056,119.51733
-29.3104,-83.02938
-24.627323,109.12336
20.333622,100.208954
-6.0188966,26.692974
27.021969,91.879684
-46.053062,59.12371
1.9568349,81.17692
80.207016,-33.35667
-36.261673,104.29633
43.553272,-89.96447
-90.00795,50.101395
-23.355394,110.27889
16.32254,109.72269
57.142513,60.29639
-87.42825,4.237093
-112.03633,0.6071514
-81.17455,3.653383
-79.59228,45.75405
45.861427,56.980297
-37.93605,10.44468
-97.11806,-40.69704
61.349594,-29.212671
39.91076,-10.182078
-46.1946,37.04124
10.699572,-46.872578
67.819855,-22.954245
51.216522,85.07432
14.49324,-8.563621
-4.1910434,68.4917
-64.28828,30.381622
-17.498331,-41.330654
79.2817,-61.69168
-96.390076,4.599832
113.782196,17.940605
8.872232,-1.8911765
-96.58683,32.777515
73.19391,-31.410995
-26.333988,-84.209885
-61.817223,97.15341
-6.8900905,71.560234
95.57289,-8.770572
-78.43,38.718464
17.537622,-38.769413
14.774937,-38.68221
91.00651,42.226788
43.12039,78.35706
-5.968212,26.74181
94.5828,-20.44099
-42.090134,48.63359
-39.034077,109.45424
7.992787,-91.25695
-63.148643,-24.221897
-45.521145,37.68005
71.80772,38.77719
-19.032997,2.2499914
82.81178,-24.753027
-49.328648,60.007145
-48.59177,-35.770756
17.61657,18.365005
-7.612208,102.435265
-103.77612,-36.007133
113.64403,13.841998
-45.599155,58.873775
10.93925,-43.498425
-41.76498,-30.603033
-7.453518,-34.690533
-59.725636,-64.51074
61.03286,-27.664457
-41.808563,-30.426445
-65.60153,-62.842358
34.751526,-111.68144
73.41901,-31.660542
73.12059,-69.661285
-51.261894,66.96288
-22.993177,56.350586
58.796326,-10.690593
-51.154858,-29.419947
38.0097,-62.189217
9.115966,-49.951283
-57.349716,70.11879
69.80853,-33.813618
-51.252987,113.90365
-85.45214,-54.346813
53.316227,-106.19981
-67.56268,-28.55197
-43.931362,-40.240246
40.714146,-82.012955
-88.029076,-46.52496
15.108049,73.14396
-14.2808075,51.5713
-51.065617,113.16459
63.14164,-54.72501
103.595406,-28.240623
54.735806,-86.144
-10.470969,-68.52448
63.321907,-62.36241
-102.06446,30.492771
50.33643,1.2992567
-25.498138,-25.265678
3.520394,-91.16298
77.04104,45.889698
-86.47787,3.7232199
17.124825,-17.032238
13.023665,-77.5688
-25.658316,112.76995
-73.86441,-33.172832
-8.680198,88.89358
-51.401096,-39.450546
2.1626608,4.0571876
39.381897,-56.741802
-106.34874,-6.014641
16.093174,25.029583
47.020046,-41.02518
49.010357,-34.293392
84.3861,0.6660496
-24.022814,41.52401
65.97776,71.902824
-97.28157,-54.974125
-9.641354,-67.48563
41.56339,-69.57585
-8.45932,-73.0644
-0.35276404,-17.50415
2.687732,-76.01429
50.585766,-89.509254
-90.8772,-48.198112
73.83954,77.43004
60.187626,-61.99953
-24.592957,2.0067053
-52.539143,-52.23312
81.015594,47.075592
17.315777,-62.78199
77.733795,-73.59039
-62.484074,94.798454
47.59339,32.568287
3.3505912,-24.230516
15.911934,73.2367
-3.8159697,3.6311073
75.630394,-24.87051
20.076012,-40.562588
1.116663,-97.15474
6.3537707,10.215181
-33.685467,-24.698963
95.74942,-20.43167
74.7591,-6.3689103
-69.32843,-28.673656
1.9315482,29.613338
-25.658405,112.77007
46.742435,95.202
-106.95979,-1.0875725
15.043531,6.7254834
-47.06468,-45.523
37.733635,69.31128
-61.338882,-9.443677
-53.594738,-86.76121
46.337505,95.51144
58.443043,-13.539817
-3.0935516,-3.5088465
-32.18836,28.215034
53.223763,-43.91704
-17.326963,-45.78651
-62.056465,30.40913
50.33029,18.900112
-57.924004,92.00785
-108.662834,-25.083399
4.2324367,65.899925
5.8589144,72.2128
-91.474556,-54.44711
-99.66406,-5.008088
-11.962924,-24.571878
27.07409,-32.971584
16.7977,-62.55985
-50.17394,51.92715
-14.516203,-40.760788
40.944477,-69.42553
-65.56586,-70.66252
-66.790474,88.29105
-41.17595,-46.38155
74.70261,-29.85211
5.825461,100.40477
-18.738008,-28.091896
-28.80134,-82.57882
70.125435,51.374973
-61.022156,-70.304855
-31.22931,-89.23368
52.19729,-44.458588
20.415104,-76.370705
35.361145,79.89668
31.838005,-113.12328
-29.742935,-48.549843
51.666985,79.98014
87.9657,-59.86956
-27.96232,-29.710224
-40.902744,115.33996
-109.25732,36.47484
-26.16084,113.044304
54.56083,-85.72837
-32.736423,28.450796
-62.687283,-13.021592
4.832947,29.865519
30.678112,-52.672253
-31.812525,11.563477
-59.17267,90.018196
28.588663,41.685856
-32.354706,-10.716935
-25.535313,19.914074
69.88624,30.68255
-50.878872,109.09965
-46.182583,-74.34902
70.26866,-64.55079
-63.256634,-13.509149
79.28006,-61.692204
-48.073036,-78.32806
55.58544,-9.2862015
-3.2599025,-118.83097
-105.00051,36.711464
47.78308,23.727657
10.883511,-7.6688766
-82.20866,47.504715
108.72513,15.392119
50.263435,22.002224
-23.186052,-48.646267
68.829315,50.28863
13.283459,95.22028
-14.230276,46.611256
51.27269,-88.78046
-3.9340858,107.77104
5.5353975,65.5231
-63.07815,-69.20086
67.13409,-1.4668671
11.271512,-8.072709
-88.05542,3.0070298
-7.5950136,50.717487
-10.782585,-50.313683
33.63703,67.19049
67.1819,-1.7264037
65.28538,66.80069
-97.74759,3.39575
-46.028988,-58.810875
-95.68611,-24.092657
-38.69348,-89.45722
-99.68768,-5.0155196
44.15472,-74.27144
-5.8900075,-116.75736
70.04368,24.94856
-12.79704,9.700215
80.26971,-53.36146
61.693,27.189236
-52.790703,70.75655
-51.307117,111.454636
-0.13436726,28.585157
-113.42536,-2.933361
-13.132658,46.192024
-58.834545,-50.439808
-18.929646,38.633656
72.62392,-7.974957
38.04417,-55.686142
0.31621078,47.04327
70.55279,-19.106693
-78.70794,9.565106
-72.32832,-26.93061
-53.19386,-34.206944
8.597298,-112.29138
68.46886,82.548454
35.211483,-93.55897
2.4043264,-91.80849
-16.657816,-69.668724
-5.0880165,-118.49839
-8.90194,48.751644
-54.105305,-40.082767
14.992023,94.21269
-79.33398,14.932698
75.42501,-71.17892
39.846447,3.869753
36.376972,-14.859841
86.125916,43.14334
19.451065,80.857956
-6.097796,101.00686
52.106293,1.2898777
40.222225,-2.3643618
-21.484238,-45.07404
72.0495,3.7505295
-91.167274,-53.732277
-3.4632745,-6.541104
30.966448,-39.266495
-3.558567,-11.477149
12.757023,78.0563
42.150604,-68.406425
33.29043,-19.454649
-54.00267,73.18356
8.154798,-24.885338
8.156783,-88.80413
28.784945,68.9516
38.693535,-56.254322
-49.261635,-59.893417
50.37094,35.32678
30.978355,-34.66806
-85.119835,-24.775816
-11.018842,-38.89013
33.779747,17.702631
-29.005741,-27.07246
-72.4757,14.412605
114.15453,15.696404
-25.020294,47.083866
-43.7191,13.490397
-98.000916,-40.95917
15.881666,-92.57783
70.09431,80.918144
-11.076862,-3.6047647
60.416477,-31.006975
-43.320168,-77.13479
-83.53654,40.447807
35.99441,36.669212
-51.707047,-28.139845
23.992128,-56.43338
74.24973,-74.89219
-17.289946,-95.67471
7.3433876,31.874725
30.320017,53.83477
85.38986,9.048859
-37.111145,69.77272
-19.328773,-48.42695
-8.389337,-74.57952
-45.738907,-85.06363
78.10951,-47.2816
15.678961,-100.42486
16.069382,68.634514
-66.56316,-24.422998
-26.561087,7.9239693
-5.8155437,-9.957081
6.977114,99.397835
-49.068363,-59.25242
-46.08607,28.359934
52.28164,-27.124954
-38.098312,6.544432
27.977795,55.603043
43.142757,33.656296
39.566006,-7.197314
71.12507,30.574081
-66.16466,28.08457
25.104595,-33.171837
96.42421,-8.89884
-31.32598,42.05664
-22.164515,-50.875767
-47.818203,-77.29456
74.57553,-30.2487
-102.53506,2.6019173
-45.129128,62.06998
37.54876,5.247487
-49.548267,106.50852
-98.159,-40.902588
34.084965,10.237037
44.904926,-74.496155
-49.894585,51.63041
81.82655,-3.997161
-66.27819,14.495769
86.938675,-67.54195
-79.23768,14.910404
56.18949,18.383678
-89.8475,50.662907
5.8929453,-1.4632155
-89.81695,49.546265
-76.08426,39.83618
-97.28261,-54.97547
-56.859562,59.06412
-48.154884,36.065533
-22.528658,82.944084
29.093666,-101.82863
-36.229202,-110.99033
72.405945,46.614323
4.698847,37.40411
-85.49495,56.6886
62.948906,27.991549
-53.133446,-85.13198
-51.670795,68.823944
35.719536,-2.088043
-95.62233,41.20047
-89.91763,50.549175
75.11881,-24.250385
-42.195942,4.7541375
-46.05685,58.494175
76.966995,28.560732
-105.53686,-34.16283
-61.636993,-40.850876
50.27701,-82.22197
-47.290276,110.03298
-38.76092,-76.06852
-9.047377,-27.324768
101.16663,-0.4455944
-6.007574,56.230057
97.93637,12.94851
55.63638,-10.338012
-6.37772,72.239204
29.03068,-101.59297
-42.853226,21.50827
-18.708227,4.1777167
37.98029,-62.262325
-35.58663,-77.99727
-30.511948,-87.32803
4.6928515,63.533634
72.254425,-18.462225
66.420845,-46.45143
52.3888,95.35264
-90.797714,-0.30969977
-10.365139,-61.138794
73.049675,74.23852
13.467463,-92.78349
-63.601276,-57.698715
-17.717186,-107.06571
-43.88914,-42.525574
-5.4283156,-115.80311
-7.753092,45.21031
-60.18149,-56.326122
-99.71328,-26.801094
45.213882,2.727112
56.332798,14.9052105
-65.520424,-68.93218
99.06981,-59.42955
14.090955,69.66589
-81.27127,53.47838
77.28758,29.539085
-105.49522,-37.4429
-80.629875,-1.3567673
89.53651,37.562603
-45.797695,28.538017
-0.73064995,65.10102
24.061125,19.464643
17.88065,94.28938
55.60106,-86.37837
-11.049819,105.85152
46.390545,19.69594
14.448476,-52.16241
0.92533773,-103.767715
83.10593,-4.805376
-23.859266,52.872936
-95.6332,-11.0794
-17.84144,-97.65599
-33.60223,-13.208855
-14.545509,-41.98449
15.912743,73.2376
-23.861818,50.72887
18.098083,-58.79995
73.215034,-26.605364
-30.959549,-88.65131
86.357834,-58.113686
-62.83459,-13.108168
-61.755035,-69.41892
-12.862745,49.6425
77.027916,10.943964
55.435963,-89.60009
-50.90078,109.22481
-3.0246613,5.6371584
87.29609,-60.657055
98.5649,-1.4447609
59.19724,-54.333096
-3.7449872,-93.58451
-52.729645,84.58832
-53.861412,74.28216
40.051445,10.177686
19.927574,-40.591522
-25.942476,107.85117
-48.33295,107.35127
-43.603413,71.251526
-58.956566,-54.006226
38.907757,-57.570347
104.56774,-22.88071
-60.81472,80.7316
-87.892555,-24.687529
1.5071902,33.070713
11.565779,-77.0317
8.615752,51.236862
-30.044054,-43.930866
-38.20554,2.9478154
17.987663,101.66655
-5.3505936,-52.125053
22.01486,51.30151
-7.8064246,46.28239
1.8305795,33.721046
-78.95299,-23.093254
15.750214,-19.923908
-94.51029,-12.452329
-23.18283,-47.189995
82.06103,-76.62795
5.7071223,-92.80287
80.66789,-6.1161785
-21.19324,44.17102
74.78773,-16.472178
49.187717,21.162819
-51.771076,-88.521614
-114.57481,2.970645
-53.83619,-3.0001926
63.698498,-30.237654
14.388019,-79.51698
-23.298729,30.847527
2.0215871,65.341835
86.14877,7.46287
63.524982,-65.040634
-5.8963146,-117.077255
-105.64337,36.7067
34.03406,15.223736
62.12523,-33.836304
35.493145,55.3431
37.04174,-60.294155
-36.50815,19.609716
76.42751,-72.213554
1.4878331,-73.356575
6.329656,33.32825
59.701824,-54.645447
40.452312,-54.24991
-87.990654,31.788334
103.09155,16.641289
9.320837,40.180614
24.912064,-33.199642
-3.1071913,99.991455
24.435326,17.531324
6.1812034,-76.748825
61.147118,-56.941322
-34.944443,-74.037025
-83.56855,-44.83575
73.14778,-0.030683111
79.23922,-56.565903
-54.827454,86.74499
68.59071,-21.183016
55.31916,-35.12634
23.728758,-20.075151
37.344772,-60.840538
91.30578,36.623913
31.49456,-59.613003
57.418243,-23.537903
-47.996258,107.730804
59.75959,65.114716
97.90508,12.934222
-88.95272,-53.578423
25.536448,-54.030937
-100.11513,-52.70458
-37.7337,-80.34508
17.081264,14.067631
-101.60751,8.034932
4.883207,32.195717
-52.373367,-32.08375
-42.68993,7.0838037
76.31341,-44.772552
39.08408,-17.246061
-7.802218,-110.62554
-37.15623,31.405
-47.732838,22.769457
71.14762,84.21137
2.4604273,4.261061
-10.490514,54.92094
56.47124,-25.147787
-82.24025,-30.456861
-80.516014,18.275234
0.6163534,66.45356
38.27245,78.004524
-6.5574293,68.416214
-40.95299,-77.34866
31.736769,76.30515
-75.04551,14.292285
-50.587006,59.52073
-8.503454,-113.998436
-16.805555,-69.605
43.553272,-89.96447
11.596722,-103.19978
11.7545805,113.02056
-44.145428,9.294382
-77.17296,5.1704717
61.694496,-44.79453
-5.667868,109.88881
-52.50819,54.638123
81.82276,-4.284816
-54.030647,102.95579
-27.383417,-1.5094316
-97.10526,-10.408305
97.41009,13.114773
-36.78927,-106.30338
26.806225,10.4504795
84.29448,50.666096
1.527239,-25.401846
-3.674404,113.93501
-10.908079,-59.841583
6.683825,34.586456
-1.965805,-71.7138
36.38491,-110.27998
12.471881,-34.00893
89.98557,4.509939
10.948644,-43.221073
-7.905366,-57.712116
-111.289116,-1.951005
2.6257417,-25.61533
-7.7321315,45.31835
32.365498,-88.51411
-50.09065,104.0338
69.13169,83.28859
6.903008,-19.053736
118.226616,-13.869049
-35.223915,104.70671
38.672905,-111.18615
79.30394,48.022957
6.893001,13.838271
69.97364,30.731253
54.808243,-20.555595
31.917131,-41.462795
44.89295,9.384268
49.874092,20.65275
-23.283298,49.537514
-45.45954,61.056583
32.87171,-113.26662
-96.383316,8.081298
-39.52625,17.393787
-25.573284,109.99057
2.8117518,-15.336867
-96.84724,40.102062
-21.469173,-72.11733
32.76142,-0.19941407
1.43615,-111.551956
-0.2739319,66.573074
-63.825066,32.07532
-45.815285,-18.311512
47.035458,42.379528
69.74394,39.9845
-57.72463,82.171234
-68.141975,86.99067
-9.325516,18.840616
36.77953,-90.1601
-99.63764,-26.552317
18.219727,17.189962
58.30026,-62.611126
-35.58688,69.96441
-36.245358,-110.501686
-75.842896,41.290916
86.541985,-69.233986
-96.58689,32.77745
16.797678,-62.5599
2.3586907,27.597622
41.447773,-68.17357
-13.217413,9.51738
-5.873442,-4.1829586
-33.205505,67.4314
80.914215,5.9333324
6.7119575,-33.750282
-6.2867618,72.18978
-113.098366,-17.142246
-75.32535,0.017241556
48.736275,-88.90057
66.89889,48.40895
73.57647,-70.26584
-51.815296,113.69963
-39.91693,18.000982
-62.359913,-23.03252
-14.639343,51.745903
-25.844364,86.93696
45.939064,-99.464386
-66.04828,29.68863
38.662106,-87.71858
51.572903,90.60168
50.921032,-89.42049
-39.859707,-103.57695
-63.5013,91.935
-68.3058,85.85951
55.931847,-37.360336
-7.138266,20.161346
50.002552,-83.925
49.363716,-90.10562
20.353613,-81.67549
-43.481068,11.028502
-1.4926095,-111.21071
-102.48382,-28.499386
102.56137,11.917753
-21.382645,-29.649374
-42.642365,70.50067
44.687107,-99.644226
35.33459,51.80643
-12.820633,64.902664
17.286179,16.780582
50.50094,52.294865
-99.032875,5.5496287
-43.936066,-76.16292
63.515553,-61.345253
34.491184,-81.743065
-59.51064,-63.991932
-51.056908,113.44136
-38.986717,67.86024
-33.43848,9.401272
-43.05033,-84.26687
-65.42666,-51.985756
55.52054,-87.1065
-21.581175,-47.34987
22.689322,-37.068924
-46.06389,76.54602
13.1103735,78.53238
-60.37793,65.16822
-33.295643,-2.3505747
9.585641,20.27091
15.036884,-78.65893
40.23461,-10.101315
-24.581043,53.787296
44.62325,-4.6975374
-46.118988,36.798824
88.2328,-60.0509
52.222218,94.97485
67.01321,12.55221
105.65725,13.006252
-32.56001,75.88255
0.35543883,-94.18774
73.14434,-25.475899
53.92464,-34.808628
47.37499,-88.19682
23.019812,88.44686
29.319967,-102.14648
55.848972,-7.3230424
80.153336,49.362312
-90.3653,-9.132119
-0.72391593,28.486122
-39.77319,106.844185
-7.496801,-29.59911
-56.7036,80.18379
72.63756,77.5617
107.76545,18.404919
-5.225977,-74.92978
23.865257,16.272034
-62.588467,-55.7713
-45.261395,33.46557
-40.95299,-77.34866
-18.933819,2.1885238
30.724771,-65.64581
105.03481,12.281366
-54.59593,56.557507
52.341908,-46.13071
83.836655,42.56686
-85.768654,-25.520237
40.931034,38.777245
26.72098,10.31096
-7.216082,50.888554
-107.85038,-25.438705
-57.437874,53.17125
56.197197,64.02804
38.672165,40.493362
45.62063,-99.70486
56.590202,38.9723
-46.917274,36.37413
-24.95761,-72.398964
32.75664,-0.16103888
-47.50803,69.64175
50.438435,94.857574
44.35384,79.62839
-33.93372,-100.6892
-23.015709,48.025757
73.57647,-70.26584
-108.46783,-25.260828
36.933865,72.851746
-102.03282,-29.192677
84.2043,50.477467
-78.146774,-37.88724
-47.996258,107.730804
-18.043837,-37.837597
48.345654,52.941696
74.71898,-29.848778
-113.28521,-16.352951
7.0813723,-19.632164
-57.204628,-65.6197
51.201984,90.175964
85.89207,-30.241837
61.773594,-37.136005
-48.627613,104.22435
-43.332756,3.9869738
10.895633,-38.27368
22.357138,-63.66953
-12.55278,-107.46126
-64.58423,-70.159836
-65.786385,-55.18973
-60.95328,-35.91614
-102.41457,-4.6197815
74.243324,-74.65589
8.007538,68.33442
79.94042,-60.41821
-56.40586,-7.1830664
77.60509,46.430653
47.25618,-41.294067
86.719124,-66.01043
73.65082,-29.34848
2.0680523,-91.20116
49.965065,-106.66072
47.449802,82.41024
-81.834145,41.741108
-35.830643,-78.009995
-51.434326,86.85096
-91.00653,-48.406418
23.880478,-36.000626
-42.04322,-31.229807
-6.2403216,-45.57493
9.102466,37.24095
55.941566,-24.740702
-21.44928,43.580894
-108.40837,36.643715
61.115818,-27.831888
-94.77821,50.11566
-43.76084,13.786278
-87.47672,-6.590438
-53.76323,-86.034676
-56.37924,101.94056
-48.26927,107.66471
-100.91636,-27.43223
-32.22031,110.46752
-34.381844,-79.87815
-30.321817,-99.18421
-65.59038,-55.308273
56.977757,39.36294
109.25444,18.842424
-54.248634,-87.12275
-82.00691,-40.863335
4.7281866,30.67328
27.172178,45.292168
-42.145424,97.29652
9.20774,97.072586
60.642418,-100.77952
-30.331099,39.704136
86.40651,-68.99001
32.09896,-113.254196
-102.025826,-25.800306
-15.26393,-95.75652
100.00154,-56.676533
-35.554604,-111.165115
69.1921,79.40693
31.626371,-0.32786041
69.877075,-36.020496
63.665123,-61.377174
-86.37739,-53.716633
33.38319,-108.65037
-101.06116,1.9385644
79.51978,54.39855
-83.409256,-37.98146
56.234856,90.488235
73.87826,2.2260938
14.658635,-79.427734
4.665483,94.9545
-107.47614,-31.784153
-86.333725,49.678574
42.50501,-69.280876
47.257328,-88.41786
30.308552,-115.81373
11.535687,-47.177948
70.56621,26.15065
-33.17275,9.582937
32.52286,18.11393
5.957175,72.612335
-35.64724,70.60362
-17.258997,-110.08842
65.97776,71.90282
80.03948,-72.17922
-12.972001,-118.245224
39.719482,-53.20134
53.192722,94.80045
-68.142105,87.05744
40.56253,-55.900116
8.959453,-23.047066
47.895924,21.104856
-104.66584,1.9570389
64.5329,-31.76393
18.336512,18.190788
-45.32234,61.177517
79.027954,39.322704
55.319496,-35.12612
83.35569,40.762455
-0.21486613,-16.158413
77.06071,-72.57783
-29.053364,114.48857
-4.4303975,79.54816
-12.071155,36.98494
18.188683,75.497604
-75.250175,-0.36590338
5.131448,-13.925605
80.817696,12.898215
55.85159,-58.875195
25.026701,-59.755856
-19.093275,-43.448063
55.626137,-22.605453
68.2759,8.966549
-12.187433,46.900948
55.96972,-56.27863
94.97692,-12.015182
71.38853,51.38952
6.768416,-33.652107
-7.7723684,-4.157851
-49.7259,67.28558
-16.567781,65.57668
-107.85049,-25.438345
-66.312996,-24.089598
18.733166,-43.38766
-61.842186,-22.819641
-92.28438,-54.906483
91.69569,35.639877
75.64852,-38.45788
-14.68681,-95.88126
-105.8368,37.31763
53.893368,-23.824139
-51.358913,57.00472
49.433784,85.29184
-26.669754,107.55539
6.4139957,72.58271
101.03265,16.479286
-21.237558,-49.006386
-59.906353,-58.929726
18.073435,-33.61827
9.413804,-21.393589
-7.16752,108.27242
-35.621082,63.923595
-21.07917,-72.23171
4.9561872,-31.83253
34.84178,-78.99753
109.53012,-0.020013204
-6.04759,-56.276913
0.87388384,-16.14831
-3.6637614,113.9284
27.694984,43.54153
68.580124,10.782308
-22.840815,-45.987526
99.26981,-26.396828
-64.28491,-1.651401
31.385279,-38.540382
-44.184242,80.11624
-32.683548,105.37318
78.02112,41.30808
49.834343,20.734175
-1.1674756,27.869268
17.596264,1.9429486
-51.095665,93.04826
-62.59961,66.732315
86.15859,39.597378
-79.54192,7.437739
34.177757,-19.653704
-35.535236,-0.519676
10.626418,76.88331
-56.509823,91.72953
-23.228104,-48.723488
-49.2927,116.106155
-116.07187,1.4900495
30.4877,-35.108593
-11.3286495,-107.31616
-43.768753,-42.498207
27.652813,-21.797426
87.11938,-68.048195
66.55368,8.226187
-50.10913,48.50728
-14.743323,33.616184
-45.673763,51.42835
-86.75276,3.8147857
-105.04804,36.936695
22.994272,-42.665115
74.85275,-16.489557
21.543505,3.809022
-3.9513671,108.16244
43.746777,79.494514
61.32548,-29.192062
54.398598,61.262104
25.986065,12.210893
-5.0416746,-11.974645
-48.582405,-80.09775
35.75023,-7.430543
69.180176,13.166372
84.917244,11.789466
110.7444,-7.3764243
-43.701733,73.04191
-53.20324,57.947903
51.998863,56.707848
-57.627285,-65.5465
-49.51473,108.60404
-14.556349,-41.785763
-29.882925,-22.090359
-52.961372,106.29316
-35.564205,-15.504382
-77.51355,35.110992
-78.446556,9.930918
43.026577,36.865746
10.933792,72.39386
-98.326744,-31.110273
-11.14871,-118.62862
-45.263294,49.976727
83.65274,12.919956
47.433945,-41.46349
45.60035,-75.54643
-48.90168,-78.63069
-24.245205,46.544334
-49.832893,105.89378
58.60287,-13.429881
4.133355,113.96604
102.65359,-53.80105
37.5696,-61.82821
-60.58122,80.94269
45.66975,-85.257385
-31.088984,-11.119752
0.43631032,-16.57645
-108.42733,37.06323
77.51058,6.6779304
17.634182,50.8471
-46.89705,-78.00595
74.243324,-74.65589
-14.665261,-42.57498
-49.207203,-79.02207
-67.98266,8.54594
-114.80961,-0.7793517
-48.122036,-58.732212
56.351734,87.31812
-36.785114,103.60027
-101.63328,31.30924
-74.23382,-32.058643
22.357086,-63.669327
-30.902832,42.647808
5.225233,-13.879974
6.2609363,76.65293
-21.584469,-74.75664
50.32377,-83.26666
17.884937,-23.037434
-29.71442,-21.98168
68.55246,43.31362
73.37658,-70.01564
-7.4540195,107.8199
-30.459984,-92.69881
22.2894,-64.47204
-80.26678,30.604046
-57.066425,71.209854
56.283165,67.86612
37.358578,-47.587368
-78.397835,9.817887
83.92708,49.985645
-36.71894,-76.75857
-64.61669,-1.607047
11.157443,71.369736
58.82771,-16.34827
76.66749,-36.924873
-7.969625,-57.356644
55.191975,92.338425
-31.251276,-44.229145
-101.87699,-28.14341
1.9450371,50.333855
-66.736244,-29.26455
-20.175354,46.318665
-6.3564515,72.692764
-22.825994,81.940605
-46.318523,-47.76696
-44.90095,-79.11374
53.96633,-108.41956
81.536995,-50.26714
-75.2788,10.89575
64.385254,0.86268437
10.946427,11.937697
25.302607,18.77499
-44.119907,80.06328
-45.46625,20.616217
47.798443,-34.367214
84.45083,43.250813
67.34441,83.337036
-61.25826,35.08374
52.95746,-10.75791
-59.828114,32.79249
9.434228,-56.38658
-56.531384,-13.657738
-26.9247,16.784924
20.040405,29.829382
47.91809,95.3419
-5.7460504,-115.47559
21.1133,-81.96538
-83.2584,36.819874
-57.988853,-35.374886
14.033231,12.13772
19.078035,15.017805
50.358643,18.703852
-90.847305,45.367905
-47.520638,-60.224037
56.652317,-23.614529
-101.745636,-28.747736
-17.671951,-24.286901
-44.516075,-24.007242
31.849962,76.48401
72.32829,-24.92755
99.57049,-59.472363
37.36872,-57.502113
85.33725,-28.456444
70.19509,24.996103
66.18341,12.448225
-17.80349,-69.80216
-67.7899,-24.260715
-61.7119,-57.745785
54.849163,-45.33951
11.091156,-5.812666
42.01234,-7.003392
83.911095,42.90417
-18.187052,-42.337997
97.94392,11.117217
25.314684,18.772373
-55.230366,-64.12368
74.81321,26.56358
-14.542834,-71.48368
-21.519524,42.772717
10.43106,-15.658095
-49.32481,17.759886
79.26945,54.630226
38.70377,-108.64718
-43.881115,-40.49859
-42.07612,97.10145
-6.0850825,113.16421
5.9711766,-92.04507
80.42352,-21.681774
25.434074,18.198637
-27.79046,113.702385
48.05109,84.66753
-39.102627,95.00817
-68.984116,-28.94436
-28.294825,-27.362862
-30.431202,-87.54507
-5.895741,-5.355449
-30.651274,-21.959661
-75.23496,-0.7659403
-112.8537,-15.293371
-38.273933,3.1582253
103.834816,11.088334
31.13263,-39.787216
45.8942,15.814936
6.52574,16.312748
-60.941906,-70.12023
-1.5476139,71.11234
-33.64087,77.0774
64.45662,43.551205
-66.50911,-66.82021
-90.518486,14.302657
-10.538887,-41.010925
-82.6684,53.478073
-43.606426,13.443873
48.002575,56.212452
-27.351183,19.43421
56.49591,-91.55591
104.86646,18.31733
-73.97542,-30.883013
25.443848,96.820114
-15.399018,51.57431
-56.245438,54.34212
-8.909874,-114.36241
-10.596172,53.649853
-61.103756,-59.128998
57.45799,-59.13536
-60.76501,-39.94113
-56.2188,52.533073
-46.377827,115.74932
46.24832,-90.85767
11.7988825,2.4464588
-108.15149,36.857674
-79.32377,14.92897
76.15713,10.709439
-26.94871,-23.90615
70.50841,10.9286585
5.3306727,36.735935
53.527443,-105.241974
20.38104,-87.961525
-68.30351,-56.74216
-40.01877,51.54145
-107.244965,-26.684032
5.5931797,68.39298
77.1341,10.940879
40.55838,21.815697
56.62348,-19.531902
-32.80721,21.71543
50.869957,60.556145
37.22606,69.50176
-54.77872,-40.59567
11.289328,-94.84898
-8.503421,-113.99873
65.342804,-29.574488
-46.915165,70.9199
43.237343,33.00189
-75.31635,10.870433
77.32414,8.1996975
-16.736929,-24.331926
22.064577,-63.466415
47.889755,80.825714
-4.711696,79.73428
83.33467,-65.833534
-26.347004,107.67721
-41.929955,-83.6797
84.567345,11.638693
49.015827,42.324123
30.411158,53.851463
-53.179356,-86.95461
-64.26515,33.671585
105.773125,-41.861797
93.09454,-4.81531
9.220584,-90.42633
40.32524,78.36476
72.466866,31.838623
-62.924103,-22.985802
12.357031,-38.509937
-0.025545977,-16.81147
38.96053,-14.772866
43.460533,79.20108
-17.377861,48.36738
-36.492714,19.909798
-45.94759,20.692558
-61.67067,-69.1379
-71.778,31.118212
-1.9310006,34.378094
35.79289,-113.30804
-63.50208,91.93519
46.222996,-89.078415
37.672073,39.80329
-18.919897,38.81522
-21.379854,44.281376
27.228666,-32.8819
31.194515,-64.4031
45.051994,55.14895
-29.43329,-98.58348
-41.634506,16.425207
-6.0521626,-3.8619533
-23.575056,-72.84798
-7.3691406,102.84945
-50.108295,59.905457
47.639965,56.808613
-65.43402,-28.127644
-38.022682,2.3868902
63.87993,83.79342
-87.80103,-24.689651
-31.727722,42.029522
-102.52413,-4.5777025
-14.365727,-114.12849
39.915344,-49.74419
-40.553432,95.68025
-50.214493,-29.986053
-51.391983,67.466194
57.953514,-13.430819
59.87122,-45.54087
-30.173918,-12.6341715
80.05698,-2.3646636
-57.184113,-6.746997
-6.507428,31.471878
-1.7364568,-18.555342
-59.906353,-58.929726
64.166016,-11.270202
-13.027313,-71.34557
52.78539,-10.555761
-51.300175,94.518974
51.002697,-105.63439
-61.99405,96.9513
-40.78138,8.17034
-52.12002,-25.782263
88.2328,-60.0509
38.38406,21.34963
64.45921,-6.7391424
1.3292767,-17.368425
73.279495,-28.187744
-92.31447,-52.034737
-12.820371,64.90146
-10.865557,103.23014
36.211327,78.77828
76.86634,-36.862396
38.956905,-48.775234
73.415855,-30.23574
-56.85737,80.21271
-9.554609,-119.77415
-21.553722,8.505974
31.06426,-35.20336
-91.01319,-41.236897
-55.26116,-88.36288
52.168465,-32.80438
61.78827,27.261961
-4.769157,114.22884
105.22312,18.417318
-7.0840745,-72.32802
115.274216,-15.177287
89.95602,39.311375
33.059563,-112.37229
1.1320014,-16.870325
-26.904783,107.584816
40.580765,78.48937
-90.14398,-48.972816
-68.03234,31.488457
-0.42238614,-90.59847
-106.87053,-1.0839704
-7.8540416,41.701366
63.665123,-61.377174
44.051548,36.31962
12.715242,69.15052
1.3767617,101.616295
4.730635,78.36325
36.245754,-17.880508
80.204765,49.74457
-1.3071755,-110.88772
86.719124,-66.01043
-53.202976,57.94682
-67.766754,90.18867
81.88552,53.762215
-91.072266,-51.404472
-101.95315,30.08076
-116.64844,0.008493889
84.445694,-65.52647
35.916157,-109.336464
-34.639725,-77.71523
41.513523,-68.98405
-55.25402,51.451023
36.3697,54.059875
34.782806,-4.042571
-6.2521286,114.68267
61.167847,-59.705883
55.485416,88.7051
68.3168,3.4967563
16.790274,-62.572598
6.036006,76.84592
-51.155987,70.64889
-107.24501,-26.683695
-60.43631,58.659332
71.47237,-63.96191
85.262314,41.634323
50.0577,8.443808
-101.89236,31.060022
33.507244,65.619774
36.6348,-14.341506
6.990174,98.41317
51.32125,-12.148078
-11.781526,42.33942
77.27208,33.36641
55.96289,-90.74391
66.18384,12.448079
-38.274998,6.388849
40.611877,-54.514606
-55.92766,85.206184
-7.5246673,-3.2377222
2.1435254,-63.434875
47.04814,-103.58634
-45.135002,20.847258
-1.1970828,-14.954218
93.70785,41.0148
-18.564346,-51.510983
-60.488472,56.211098
-61.24691,-9.822989
-109.78742,-0.11002318
-78.40684,9.78507
10.381213,-38.586586
-26.709772,20.122828
-81.72589,4.742673
36.444294,-55.39419
49.848248,18.789474
102.837265,16.124695
-60.757645,-57.363857
-114.86904,-1.0333225
30.496845,-52.57512
9.921084,-39.9043
12.893766,6.1229773
-12.136499,-39.754005
-82.64968,39.79821
33.815784,-91.40572
57.40823,-23.450415
56.496162,-91.55697
53.030704,4.9404645
-19.001808,-70.10365
-27.609762,-79.94898
8.727397,-108.199326
-24.089277,53.958332
-68.98712,-9.915761
56.76049,-57.357788
-53.628178,-87.03771
52.584564,95.15436
13.503444,12.017773
-35.32075,75.07664
-76.812004,0.8605509
-96.69992,33.207703
-10.439032,-58.572628
70.466194,7.1096163
70.57593,4.4075055
32.803917,-113.67085
90.65399,35.07337
48.002346,18.748465
23.988808,10.480293
-32.1524,19.906248
-91.723694,2.376855
39.7802,-55.443672
-97.32416,47.918644
42.676647,-79.32436
82.34131,-74.01005
17.180866,14.2163725
54.553085,-104.1467
17.889433,-59.063595
-101.71943,-30.201937
0.4589835,-71.26741
-18.067438,-38.01461
6.9174514,63.915195
32.057262,-41.37638
-57.084846,100.6798
-1.7902262,3.7862737
18.082554,-50.708763
3.5263028,11.890522
70.04951,80.461044
67.01339,71.765594
55.515003,-86.5333
45.763634,-90.30954
17.803564,80.16446
-31.06358,-22.255516
-41.279675,30.878471
-85.57123,56.604424
-100.9267,30.195183
-59.523865,79.74014
-0.1992472,-17.04404
-6.1454663,112.569855
-3.3115637,57.53288
-99.84305,8.195434
54.73927,-35.915543
-15.348183,43.067734
21.13633,17.103914
46.005466,-99.511734
-58.69131,90.322685
73.464966,76.61578
12.111714,-52.577457
62.705925,28.432447
-21.17451,-28.897243
112.63622,17.767265
-82.38547,4.4213033
-17.709715,-95.34443
22.195112,-25.35134
108.83874,18.895428
91.30624,36.623116
-0.6929814,-50.247524
68.00407,77.14775
90.398994,-35.186462
22.157978,-64.35594
-81.41448,-12.809749
70.67593,1.9252719
-90.876564,-52.128944
4.100729,-89.38652
13.833545,-7.4458094
37.778996,78.14679
46.734043,-40.260555
2.8526561,44.795227
-65.41629,79.75782
-35.332035,4.425556
-61.923103,55.21825
-47.986492,60.867027
3.96797,74.85758
50.618965,-33.98669
12.274362,12.904245
-15.64796,-99.97983
-48.912796,-78.58659
-54.99043,-57.05918
-50.46166,57.073574
-44.34491,34.056366
-98.023056,-42.54878
-74.84561,-6.844093
-65.71892,-62.767067
-48.896255,-34.839325
-30.651457,-21.959929
61.994625,-50.80189
18.838121,-43.43067
-55.663956,57.21346
0.31619284,47.04322
-64.44593,79.09675
-7.851395,104.68481
-26.556692,-23.293375
52.824505,-106.841354
65.42911,-55.98421
70.037704,32.140137
81.33487,-47.924126
-74.85337,17.264376
67.82662,82.36037
22.129395,-16.523169
46.908894,-40.87997
-6.5952053,92.60501
-82.27431,-30.556662
58.56899,-21.302965
50.915554,22.582924
-21.092926,-49.24059
10.381249,-38.58644
58.68889,-100.163246
-44.2083,8.104054
46.147774,40.094505
-10.74643,-113.28459
19.99132,11.505678
-89.86507,50.1878
37.58861,40.456974
67.620285,71.970634
40.709263,-91.54058
-51.244816,-39.66623
-61.662666,98.34269
2.9725552,45.125896
51.140846,-44.489414
42.803757,79.12647
76.27719,53.59661
-20.847517,-75.21341
-39.327618,-105.22149
46.11796,-101.12713
-2.058382,2.1738164
-7.9669228,-72.21531
-79.59705,18.172619
81.170784,-3.1647716
4.3105326,99.68152
77.82178,-73.8447
-41.478855,16.500381
38.95998,-89.003494
8.997756,36.640873
-57.750614,79.949425
-19.605938,38.82673
-88.56278,-50.730335
-34.843395,-76.40503
-59.134167,31.480026
-79.85076,-30.598402
-114.45855,-2.0128717
-57.25307,-8.516281
-54.40694,104.41489
48.438747,80.5421
68.101204,69.82805
24.376926,-50.594296
105.137726,14.950761
-26.042248,37.733467
5.4312453,95.44434
9.631551,-25.009577
-35.634212,101.266624
-66.98989,13.606734
-50.623787,-34.38053
102.75449,16.646349
84.145004,-65.53312
90.26545,37.196648
27.231737,91.36
94.124916,41.34536
-53.699192,-6.381377
-52.53643,55.762985
76.97457,-74.82995
-37.713608,78.04736
-35.52538,-13.368398
55.687405,-6.6760087
36.631615,-54.484722
16.603802,12.800507
-19.60593,38.826748
-75.62305,7.8762918
-2.5021925,-23.770632
108.04925,18.443289
-0.2404457,-103.920364
66.13424,8.433373
22.808983,-23.77396
83.92708,49.985645
-45.968662,-44.168938
-116.80965,-0.0723111
4.5055785,90.31916
-108.86813,0.1994227
32.451107,-5.649112
55.000755,-103.746445
-24.45536,48.09099
-46.43805,9.962711
-27.498383,-80.854965
29.391996,53.5769
-68.12498,90.058914
44.800877,38.63584
-67.92692,83.61719
-68.174,31.789223
-47.89127,116.04144
78.69584,-56.844143
-18.032017,-95.06116
-52.840973,-86.42496
102.32099,-50.172825
-22.840677,-45.987556
39.277573,66.95155
-12.39672,47.3507
75.07731,52.034218
-62.58243,-58.77338
11.36809,-33.51461
12.776271,79.798805
-61.322662,-9.797478
-35.535236,-0.519676
-50.595966,111.425896
30.483084,-65.5113
-79.44165,-14.177607
-98.77003,5.3260727
-87.76774,-6.097225
-27.406872,107.75992
0.38380182,-94.479965
68.14604,84.62523
-41.506603,51.45868
116.7858,-14.189752
39.163982,39.08849
63.46749,-64.36954
51.702168,80.25323
2.020321,3.865762
102.14897,14.348086
-81.17587,3.6657338
-53.20261,57.948563
-82.276596,29.940802
-63.87151,-64.904755
82.05371,-27.001198
-38.223747,13.5686245
19.047415,2.2808933
-48.953228,-78.25178
46.172184,40.17731
-61.041496,34.894836
21.68748,-87.04101
-43.70905,-75.3075
-36.951694,-106.562004
16.961134,-36.438824
-20.389666,10.98142
37.69068,-9.857672
-19.726067,7.723942
17.616535,18.365044
27.912352,-58.262127
34.651115,8.526983
-73.93788,-33.100212
-6.0279284,26.685625
-51.914513,86.02255
45.40999,-83.72243
-18.53834,-53.481068
37.467876,-47.910618
28.958136,21.915823
14.049034,27.189066
-32.82026,21.68332
72.04945,3.7505598
-41.185158,7.4801135
-27.837238,43.211975
-8.383899,-114.199196
67.874825,75.01578
-24.5958,-55.63928
-51.568207,112.82666
30.96299,-40.737038
105.11791,14.569216
-61.954453,55.346737
1.4361547,-111.552025
-8.430681,-60.186916
-94.71727,-8.280523
-6.862117,71.66779
-4.9216175,-12.698543
-103.658646,-36.146046
2.086757,4.066848
19.792772,-90.282906
52.890648,15.145201
-9.304177,67.60696
-101.81346,40.62879
-31.305641,-1.848661
-24.749825,46.993027
-74.051254,-32.849716
-1.4673746,-71.82772
87.69432,-61.81085
74.778046,-17.34729
-41.102043,30.881285
15.518608,-20.998331
84.87344,17.048368
-22.300562,-54.106983
17.310497,-35.12514
3.591893,-10.923355
79.21634,-56.77225
-51.046803,-25.681488
99.06856,-59.42612
86.509254,15.248611
36.12383,-12.981177
-63.382603,78.513016
89.117165,2.1842346
18.422663,-40.606876
105.539024,-10.474086
9.48692,-7.4402733
-51.726273,86.619316
52.30872,94.95971
-4.2463427,-73.3459
-24.112268,1.288043
-27.302277,-27.103146
-91.01158,-56.11513
-61.98175,30.425165
20.69886,-2.4456916
113.679115,13.896776
-103.58048,-36.17531
-0.6015522,-23.052183
-57.616573,-65.77727
48.87473,52.547455
17.570118,-62.48355
49.409992,20.527557
-9.601222,-67.41422
-105.36277,-33.260517
-23.231018,-45.051678
-79.73483,33.985813
39.99476,-49.805576
-33.863625,62.038147
-19.29644,-48.4315
66.42578,5.5988646
9.682859,4.152948
73.30547,-29.870207
-45.683865,28.246115
15.187372,-77.993614
7.8607655,-93.109085
-38.214775,-31.90662
-34.001984,-100.111946
33.05933,-112.37229
94.97926,-54.460632
-30.852016,115.777756
3.9489594,113.83018
-41.97112,-77.65391
49.87273,-106.72871
-46.523247,33.406075
46.02877,-36.8099
24.656038,-51.2425
73.141335,-0.041359197
-16.730135,8.7640705
-21.132408,43.275097
-52.97748,70.957344
-1.380834,65.69721
81.31913,51.538067
-38.45871,67.32993
-15.952642,-23.080013
0.73333013,99.02484
43.8074,56.06192
-6.8727684,-72.39302
21.00781,-1.8700981
9.069237,-90.55973
5.385696,-13.756441
14.253025,-51.948868
61.44392,-63.07967
41.61801,-81.90425
-101.814644,2.6305716
-12.628499,45.453453
59.701813,-54.64551
-54.932087,-60.21335
-68.185455,-56.450626
-4.7067995,-84.380516
25.270578,18.74699
30.173136,-110.39089
-0.56901765,-56.55075
43.93387,-102.67864
12.178062,-80.854836
25.784983,110.4718
81.34377,50.835007
31.644125,76.12706
-43.589005,71.345024
-51.8721,55.48105
5.283108,17.60579
-57.04055,69.4047
82.434265,52.805847
27.174124,45.302067
-18.949211,2.0962162
-48.415375,46.919437
-15.627374,-99.97487
-61.10294,-58.462852
-13.462973,-117.911446
38.129517,-105.51231
6.8912835,13.86317
8.167632,95.31079
-31.580357,-82.63109
50.11657,-88.50259
-7.5697355,74.21737
-56.50474,-8.649073
2.1088803,4.1017904
-4.157373,81.267204
-102.75932,46.61594
-59.84185,-55.137543
66.70159,48.322796
-108.196014,-25.215557
5.7430344,15.8634615
106.101654,-37.268818
-39.415947,-106.378334
55.669888,20.91627
-43.87973,-40.493782
34.813084,-18.943241
-44.569363,9.072675
57.568188,87.67646
-66.818855,-13.599816
47.4726,56.835663
-93.6174,-8.800885
-47.540165,69.82737
-9.423602,67.85963
-86.71026,3.8111734
18.475853,-63.952717
32.47714,74.44462
36.46001,36.704586
-79.85086,18.882767
-62.958897,-2.0801878
62.089424,21.569452
-22.94009,48.11664
112.29784,18.517735
72.97105,2.4794438
-85.59808,48.256413
-55.671288,-60.505077
54.441437,-23.212765
48.025658,18.51329
20.948095,90.42897
-77.13814,2.6046627
53.310257,-87.97721
50.645966,2.4430084
9.391276,41.315228
28.525423,-34.385815
-34.651413,10.609259
64.31482,-7.3504214
-24.977087,79.40876
47.01938,94.87103
-31.745255,17.452202
21.946583,8.895678
78.89426,-73.9776
82.38187,-59.717808
12.653081,-34.129772
52.19743,-44.45867
50.49844,58.895905
24.715734,15.129161
-45.424847,21.338335
-32.50023,-16.600737
-25.320864,108.27715
85.00793,-69.09466
40.57358,-14.124402
12.993328,111.319115
-33.54112,24.395481
-60.329308,56.10799
-26.290974,37.967377
-53.61164,-87.60841
-9.195222,-119.55191
-86.64349,56.126633
42.247448,63.76068
-39.248966,-102.87166
-33.52748,106.452415
70.70971,-64.94314
-47.331646,-81.749146
41.667397,-90.75331
-100.367195,-27.6964
45.98386,38.55263
102.655304,-53.97173
-20.672932,-70.62245
104.87901,18.326517
65.96709,66.24361
27.68236,-21.826591
-51.70711,113.80103
12.627322,11.489196
2.924555,34.488117
8.732429,-24.136528
-15.514693,-108.49715
100.21012,13.240039
37.679073,-90.53257
-7.776414,-34.826405
51.309834,-83.99419
-16.852621,-51.410378
-2.39786,21.153212
-8.011923,-52.699615
2.7982419,-8.549543
-101.33468,10.166862
-48.03659,50.48797
-68.217636,84.324295
72.761696,-62.86942
-43.998413,-23.810835
75.33983,0.65194356
-51.06873,-91.31346
70.95986,49.595562
50.961906,-45.050667
-42.68993,7.0838037
103.75363,-55.25313
68.96106,73.90924
15.78538,78.48248
-44.352833,29.076145
101.236015,17.792694
-48.46561,71.46186
-53.830425,-87.01875
8.188128,-90.9081
38.799854,-99.424255
79.09256,-44.63709
-55.039272,1.7922927
3.6080995,-22.536442
-11.080828,-109.132385
-44.48046,34.09097
-60.089554,56.09675
-47.818203,-77.29456
-39.275967,17.85549
-44.22696,4.986682
-11.2921715,92.172676
-19.946072,-47.549416
80.27523,41.60057
-14.317419,51.924046
-32.28573,27.80343
-34.123066,-95.061195
-90.69775,-9.4451275
-8.180273,-111.565475
81.30822,50.20615
17.353483,-34.669746
-41.97791,-44.75436
-101.98316,31.32115
44.843018,-26.837576
-10.344907,80.710106
65.663765,-1.6241355
40.01834,10.206492
14.034372,69.44481
-84.28464,-43.15174
-2.0728457,-89.52109
-50.748486,72.53888
13.049042,10.939021
79.81993,-73.85824
-89.71121,49.247604
39.57382,-54.975666
-23.222767,110.42593
-105.47367,-24.502735
11.294664,8.075807
-81.6044,-32.28505
-52.161747,56.01478
113.724434,13.194997
43.7025,55.86163
55.785847,-58.235764
-83.33289,53.672935
60.431664,-53.60882
12.929444,-8.3431015
73.38725,-30.112377
-46.376125,33.695568
-48.455242,110.23878
-81.964264,-30.117062
-4.284873,109.03125
50.475254,90.42667
35.41013,-91.36716
-81.46672,4.615431
-17.394016,-95.91083
-3.4837406,-35.983364
0.4226796,47.117996
70.9164,3.7299478
34.508484,-4.2275786
83.84062,49.691925
-27.043718,69.2696
-40.56173,34.05348
-53.812122,-3.285837
-55.628754,50.6487
1.4455305,-103.7836
53.450935,-87.26349
35.675045,-14.845561
-6.9624763,-49.27551
-112.08671,10.19678
44.40077,-76.29821
97.40553,13.110938
58.523693,-13.48645
29.153648,24.254229
-33.915993,119.48049
-27.460627,-29.395864
64.58179,-7.464383
-66.73656,-29.262625
89.68028,-60.884205
60.2247,-45.31234
-101.817696,29.955954
-54.401737,86.75446
-10.348277,-61.01115
-46.146507,-54.040855
-39.36728,109.54988
8.128351,67.88441
8.399163,95.82442
9.188653,-21.73118
-91.72751,-55.36648
-45.5918,58.871002
-70.963974,92.08124
1.7638165,48.621414
77.95527,11.936533
-33.616253,24.344578
-44.472363,31.492277
-26.938753,-23.898335
16.316006,-20.49918
-54.617516,56.472134
-56.49585,101.78127
46.512512,-88.68866
-49.993355,106.126465
44.253746,-100.42875
73.50106,-29.623302
64.22305,1.0194402
-89.791046,50.820545
71.31362,-63.743526
42.55203,32.72743
8.032505,39.56427
-19.908108,43.3187
-79.64504,49.207787
19.294035,14.523163
-62.123573,-70.49227
59.735523,-14.029251
79.94038,-60.420666
24.53812,-20.290558
-39.037285,31.991934
35.992706,36.668453
60.54887,-37.305187
73.23436,-26.646349
34.20895,-78.88801
-0.23775525,-103.8864
-40.79445,115.72568
-59.96108,33.355556
-31.655542,107.217445
45.53028,-74.71371
47.41997,82.25972
10.471683,7.8470583
-26.679516,-3.294865
15.311745,70.45538
-2.12647,1.7801752
49.391678,-101.49239
71.98239,-18.445448
5.7403812,98.02856
-53.570683,-1.9594649
-62.98989,6.499873
-16.13646,50.51361
-71.32482,-26.36552
-102.51406,7.2739663
15.820725,78.115746
52.50195,8.031214
81.86328,-31.25015
51.31849,-44.15292
-34.71724,-106.66146
37.60924,-6.208768
-20.23024,-43.360077
75.10409,-21.82216
-110.635735,7.8595147
-4.414711,27.355934
61.2581,-28.629602
42.60369,32.68188
35.519646,-16.93204
-48.040203,-58.94552
-92.28438,-54.906483
-77.49965,45.220623
74.22643,-75.030716
103.15952,-55.118755
-47.40437,115.63056
-49.56567,106.25552
-96.56545,40.236797
-17.655592,4.8488283
-9.774842,-101.38393
11.725838,2.4935071
-80.3282,-31.864477
35.094463,-91.63692
101.896996,-9.789603
24.582548,92.93772
36.370358,54.059372
-9.99801,-34.644768
-75.246124,-0.7684731
-11.143561,51.925053
-69.79079,-9.723445
-21.539696,-15.740764
72.958305,-36.33402
-12.984394,65.01538
71.44016,52.65511
103.475266,-42.432446
80.47579,-29.208857
4.602513,99.1926
103.34223,-10.54571
-57.171272,-6.744497
27.347643,91.36848
-0.4432877,27.808043
12.21116,12.805144
74.09801,-6.8434067
-5.449587,114.00647
112.36244,16.665257
73.576775,-70.26571
7.411919,100.88668
-79.31837,42.93976
6.1051764,95.3257
-75.045654,14.292097
-94.77021,-8.208134
12.088546,103.055275
-43.223892,63.493404
74.668045,-16.51486
45.68061,31.976204
109.878365,12.991869
88.61765,2.727933
14.482459,69.86977
55.395145,-45.219387
46.217636,-35.995693
77.2952,28.522158
56.48055,66.45206
17.851292,-35.407974
27.132944,9.104468
73.469826,51.95666
46.485836,55.09113
-6.9683514,17.332159
-28.808949,-98.819336
9.164456,-16.194157
-43.083847,48.15783
-41.50365,20.92767
-92.69786,48.830467
33.333153,-19.47432
54.460007,-85.59952
60.93887,-27.594484
-47.670296,-77.085495
65.42979,-57.080593
-73.89845,-3.3789916
38.527355,-105.78196
-49.203102,104.9869
-27.816183,-79.530174
70.56629,26.150486
109.93552,17.184992
17.043613,18.276783
45.00686,34.65218
-9.641354,-67.48563
-39.851864,-76.96627
-35.609802,63.54858
-47.693127,48.945095
77.75787,10.972841
21.083992,-24.363495
-47.594566,-99.53754
-12.360511,69.51747
4.01783,9.596396
-44.241554,67.007416
55.881718,-19.475515
116.300095,12.539452
-19.001808,-70.10365
53.92213,-34.980293
-6.4454966,81.55243
-41.620502,4.6272454
1.6232033,30.218763
67.8103,82.18822
4.6438384,31.219957
-18.695251,37.44174
66.31525,28.219082
-48.76954,109.696
-56.39754,54.26651
-23.838129,51.67977
79.89191,40.059982
18.197618,14.052417
-31.82088,25.349955
-2.0466545,-84.384094
68.94965,-35.49006
-52.160816,56.013687
-5.2520065,26.901272
-10.452626,-119.30276
-8.303559,-119.54385
68.63579,85.39671
39.220245,-7.245755
72.01959,49.61477
-92.26854,50.78847
-3.5952754,31.000885
-101.40396,36.056564
40.3846,10.108852
46.752384,-40.567867
-48.125477,-39.95486
-40.96206,93.76877
77.90758,-47.522865
-79.89236,33.938618
-39.35116,112.35592
31.467209,-61.84828
-85.35164,48.04023
-50.00967,56.107475
-46.930054,-78.16584
-47.043907,49.558487
-8.734137,56.74507
52.408195,-44.53226
-93.76077,-44.350258
69.42744,42.89659
-44.838364,75.63123
-46.295513,76.169
105.56156,-10.473816
-91.91153,-51.3259
68.82221,2.5679176
-5.312089,-2.07729
-54.11453,-38.957695
-31.75987,-82.51845
-40.899723,-77.167694
20.602835,1.6249036
-60.81086,35.354187
80.57654,55.359318
-81.17601,3.6657674
70.96568,24.645002
-81.6784,37.16115
5.495089,-13.542162
-53.918148,59.21235
-102.536476,2.6054325
15.750428,-19.92404
-31.230255,107.5308
31.032774,-38.73113
-37.061916,-112.185745
15.167985,112.152466
-77.76189,-36.666115
55.980625,-59.15545
71.894394,79.12782
-0.27362958,-16.165964
47.361153,-41.39237
59.642166,65.08273
77.64115,-5.4360147
28.853865,53.944427
47.788128,53.64192
-32.91765,110.11514
5.823958,17.76611
-10.399725,-26.75569
-46.17706,-98.33902
-47.443386,116.046616
34.339306,-98.34336
10.067139,69.85374
10.905874,-32.26728
63.396416,29.817852
-45.975792,-80.45167
7.7883296,-92.749504
-52.95986,106.292564
63.45927,29.930988
-50.48921,-34.606903
116.27883,-16.864872
-68.71886,31.18085
46.147774,40.094505
47.535603,-87.34384
-65.56397,-27.813965
-30.798803,-12.885556
-1.7870344,-24.15264
64.06134,43.474808
106.44867,9.792999
36.83671,-60.822918
32.31733,-109.49198
34.167023,15.284053
69.409546,-34.29343
-41.609203,-46.05581
-47.453156,-27.102736
17.821316,-18.209179
-40.16723,-60.59214
36.108356,36.63385
-113.239784,-17.1374
19.563705,44.901707
22.433971,-36.77449
27.620037,20.278168
-14.439225,-98.06908
42.396893,35.846703
68.95647,-35.478413
40.733295,-82.35381
29.773771,69.96882
-22.985828,-48.670143
-73.531136,-3.3887749
7.3386354,-2.0948508
102.129974,14.307676
-55.20695,54.18574
55.38024,-90.451454
65.06865,83.242805
2.006933,-16.58438
29.939617,108.988205
54.0809,-43.678715
68.56058,82.89907
-100.91758,-3.2598975
4.410748,69.02872
9.008192,-36.33224
106.0998,-37.26487
67.96062,75.8648
-109.39896,36.62166
58.433964,-54.953712
-16.752739,-27.213612
-54.400024,104.27765
-98.00102,-40.959232
18.647276,-63.92132
7.798916,35.80498
-0.62609345,-108.25382
37.918423,-108.454544
-65.85021,-29.34778
1.4777493,-11.134843
51.016346,35.480587
54.048073,-87.94145
-57.040802,69.40447
3.3661072,102.97321
-33.271446,4.4153447
-88.57589,31.45506
-12.763934,70.2634
-52.263462,-52.226215
30.470083,-34.919266
-37.68235,-107.34589
72.108505,79.234566
-52.008934,-27.67056
-2.925206,66.97501
-0.5460255,-108.536
-63.16343,97.25673
-99.57994,-4.974123
-71.16967,-12.563469
-7.285381,105.55472
29.887243,-41.967617
-35.966953,70.42096
39.42871,-13.610132
-6.0263386,-5.3926196
8.184777,-18.13431
30.232311,-115.89665
26.071274,47.067852
103.19803,16.799824
-35.27911,4.463743
105.879196,17.267828
-10.720148,53.214382
39.36333,-12.753657
-8.102535,-96.72607
30.487747,-35.108273
12.898325,-77.39947
56.576523,40.394463
15.359085,78.161
-24.132746,108.03644
-9.001983,-119.48062
92.104805,-58.59301
-13.0106735,48.032455
55.120087,88.75362
83.70212,-4.7283397
-13.01937,9.640578
76.7091,-74.867134
18.313452,107.54346
-68.142105,87.05744
57.00157,91.138306
-15.259537,-95.75847
-31.655891,107.21787
-16.429615,-19.421576
30.58768,-37.51809
-35.845634,-78.35039
-84.33946,-45.355103
4.848641,29.885427
-98.88454,9.006058
-47.315895,-81.88866
-7.7343264,45.320835
72.62154,-63.33618
84.46268,53.705215
30.529015,-35.355362
0.82280743,-111.6719
-56.92106,-41.553154
-7.149871,105.97045
-36.278877,30.953321
69.88241,-19.769373
-0.2561821,27.223589
-37.85467,-107.43044
-61.181156,31.489922
55.872425,-59.028023
-83.05802,33.883224
38.68116,-0.84813833
63.371822,-10.82328
22.485443,16.755342
-79.96715,18.292171
38.41971,-15.86498
-17.365,-77.81666
-101.441025,40.77888
-18.016663,-98.79151
-3.2214355,108.80521
-65.127914,-58.916233
86.013824,0.68037397
13.222938,-85.1365
-15.349917,43.067146
-62.767063,93.595055
-53.680435,-3.1004047
-102.5815,7.2413588
-107.958755,-32.831802
-14.75711,-95.97236
34.729122,-81.7075
31.03613,-40.424053
-9.973597,41.673294
-91.62625,34.427834
-28.785677,-82.5456
-91.063,-48.263126
110.29387,-14.122352
53.39321,-106.029816
40.54728,-14.116241
-65.93423,89.86373
67.94916,75.7073
69.881004,47.86468
1.627421,33.369293
-16.378027,-19.504444
-93.76077,-44.350258
6.308687,-93.146065
-47.440693,-28.26493
-40.891174,34.09062
-3.2529514,-10.607186
-38.4031,102.15945
90.48534,-36.221783
4.630284,31.265135
-65.46589,-67.17134
15.671603,-38.099083
64.42941,65.880905
-46.108784,57.6294
-5.918148,108.61606
-51.238693,66.83995
-7.0214553,115.29457
-55.92766,85.206184
114.818016,12.645346
14.107584,106.14251
-85.342804,54.513645
53.896084,39.63695
-8.428554,-59.85526
65.87288,0.8755489
-47.93742,107.924164
12.219764,12.823525
-51.037476,48.87315
-100.3263,-52.540035
-63.36429,78.6163
48.784367,-101.19772
-91.846954,-55.005806
-34.937763,71.15643
1.4489272,-111.54323
-68.853355,-10.01373
40.896492,-92.26319
-33.088493,29.58124
-6.9624763,-49.27551
72.04938,3.750536
-2.7609322,-54.431725
72.62062,-72.73792
34.74487,-110.32056
73.681046,-73.56864
34.48202,-19.547033
4.9394665,71.05861
15.369388,70.11929
-97.63012,4.8288813
-31.687397,67.697205
87.61694,-59.282734
-30.273296,-99.138756
-59.17267,90.018196
-89.15357,-28.057758
11.523577,-103.29227
-57.52275,53.149082
-38.056107,9.58926
66.90233,-2.2611597
79.731606,-61.12953
58.28637,-54.541035
50.504208,-13.316039
-97.62054,3.254816
35.308594,-112.732285
-18.749043,-28.272562
-68.58675,31.123451
81.976585,-76.58487
-6.557363,68.418175
26.200802,46.68391
-37.794334,-75.08651
-41.751953,-30.583857
80.153336,49.362312
12.457162,79.91988
64.49089,72.71252
-46.28625,-21.618317
-34.78958,-17.434502
58.931904,-10.258825
-39.591225,-76.88702
-44.136253,73.244156
-24.133892,112.79621
19.071651,15.01552
55.099762,-104.21395
-7.275665,105.57426
47.876385,23.482641
-25.902342,-25.97364
-97.78256,-42.527668
59.8267,64.9075
-62.822853,-13.075054
91.506836,38.47516
66.42578,5.5988646
60.568497,-13.373103
-7.47098,103.521034
-4.7755537,-13.083887
-7.6818433,-110.93212
-80.50318,-40.714424
84.51625,-68.9047
24.003448,-56.37714
-47.141663,-81.862114
16.841103,94.84754
-25.376856,-25.601522
-35.72404,76.74175
13.04743,10.804476
-96.06448,8.20751
42.942753,35.809357
5.132239,70.48596
46.596916,57.927544
51.220806,13.868234
-93.264084,-33.263885
-4.058315,67.018295
13.249699,-76.51478
65.84641,9.900706
-104.18683,7.112214
-13.389468,-112.53611
50.330482,18.899958
10.288241,8.365275
10.33931,-94.75539
2.0148368,-21.475616
-57.34402,80.099045
-7.577294,-49.074398
55.120087,88.75362
37.194824,72.210144
-97.737045,32.469707
67.566925,78.732956
-36.343643,-101.449234
-47.386013,50.92729
-66.989426,13.607039
-52.945023,-60.411293
-3.743507,72.604866
-4.7150264,-112.29292
0.6984372,47.52357
8.996193,-17.467476
87.83665,-62.03019
77.73721,-48.763187
-66.18274,-29.437527
5.1841846,29.816133
-18.935616,-48.341835
53.916313,4.300837
35.657642,78.97566
38.567345,-111.22241
-60.561844,-61.139336
67.696014,42.916588
-16.901354,-69.62405
-113.48359,-16.58919
-76.14798,13.906754
16.069382,68.634514
8.751011,-37.639294
-103.758934,-25.776371
-22.943958,-47.037308
-5.4528236,114.05663
13.124154,111.98959
63.47344,65.73523
-25.537004,-76.62967
54.006565,94.26917
107.132866,-36.96222
25.067966,23.929052
25.687489,96.1458
-101.81346,40.62879
-13.169314,-117.391594
-101.29859,30.157688
-100.54789,1.8397939
99.796684,-57.346523
-79.88992,53.62647
73.19293,74.9701
-43.96408,33.679176
-94.67376,-22.844566
14.685978,-38.746094
2.712012,-88.840004
-45.029823,74.647766
105.14359,14.973022
3.8350651,-22.855005
-88.262314,12.712608
50.57137,52.302612
74.30777,-74.54836
-16.287788,-23.58944
-91.97835,-51.710777
49.75243,34.757282
12.726978,-23.933975
95.4193,-54.24342
39.96764,-107.68822
-56.49392,-8.634154
-87.54116,-24.68446
-79.80128,45.24698
-3.663079,113.716835
-15.609653,7.685174
70.595764,25.73975
57.506916,-37.32764
-50.866062,-38.649696
85.70409,13.932559
40.18986,-88.641045
-108.66673,-25.083387
36.204605,-50.57339
-104.33906,-5.4748993
-17.041914,-97.39927
51.368927,-11.8396845
-40.2866,14.041832
-28.791197,-26.996653
25.533049,-33.098953
-86.30127,55.922638
-96.3646,8.095529
85.8249,0.10938822
104.60945,-42.73763
24.24793,19.421892
-65.87739,94.48385
-20.91568,-36.807415
17.889433,-59.063595
64.36166,43.493805
-10.417662,55.163864
50.93021,6.483032
11.754712,113.02046
-68.21754,84.32432
50.8881,-25.652954
36.15766,-102.25818
-33.102566,9.682401
34.28667,75.426636
35.315952,-17.169369
-33.377766,67.198784
-6.4554524,-97.65489
61.971058,65.48578
34.607147,79.76607
-49.910614,-41.114265
14.450342,74.63131
-12.710472,-59.678364
4.455877,64.78492
-6.316387,1.4380684
68.178566,3.8388817
-47.00168,70.70006
-30.331099,39.704136
-43.01028,4.0423703
67.42974,13.22345
35.602905,-79.12681
102.34653,-50.12193
-81.02334,40.744953
-42.511658,98.490776
55.917904,-59.020008
-92.89771,-34.628777
81.61103,-74.47833
-79.58759,45.351826
-14.242718,-114.18662
-63.90213,29.890005
-100.44905,-3.3594074
49.97307,2.1245694
-90.44714,12.626439
-63.36914,-66.51181
83.76491,-4.726855
28.767336,-34.9336
-57.724926,54.674828
-94.31797,-19.61405
-102.53165,-26.56229
90.26545,37.196648
-13.764108,-105.78058
-8.700716,104.02288
79.61966,-70.65168
12.542049,9.619144
-103.43999,-30.67396
75.83007,-7.192113
-35.83181,-13.188559
30.49207,74.28483
-113.28739,-3.7976222
5.9256334,-1.4728171
34.034054,-20.353113
-2.3311808,4.664634
73.507645,76.15712
9.881455,4.107576
-77.96725,-34.62033
-88.12776,-28.046537
-24.705748,47.659477
-12.823075,-117.70966
94.756714,-20.887327
9.709279,4.188958
-88.56278,-50.730335
63.665123,-61.377174
-81.730125,4.750928
26.40954,91.20127
-2.9297554,21.247162
-44.045635,91.23058
50.61942,-33.99859
69.08859,84.80904
37.58917,-108.3968
3.953748,-23.742773
-17.591824,-70.016335
50.939213,60.524323
-79.78709,34.026245
34.457764,-4.064081
-92.82463,-34.817505
-26.066662,-27.21463
-97.70671,-37.19609
-107.73086,-6.206425
23.720428,22.764864
2.6274989,-21.653454
-39.54105,-104.726715
2.1280036,42.476894
69.02609,-35.776043
-81.549995,43.18956
-45.27437,-95.094864
-90.67358,-41.428547
-36.29704,-101.406624
56.82657,40.546238
-38.243988,-88.77273
-69.868,-26.082314
-14.233017,-45.67087
49.843407,-89.65657
-62.046623,82.87969
8.850816,35.863235
-55.74885,-37.02645
-21.292421,42.26116
-44.184128,80.11629
101.20369,17.849106
-0.09179682,-90.37328
-89.54924,-45.60703
-78.97715,-23.119984
80.010956,-72.8932
-75.38911,17.209337
-86.84423,-52.974834
89.53599,37.562584
-69.9884,-22.597181
-23.531437,-48.39868
-52.08809,-11.178036
8.77043,-91.11714
-8.180201,-111.56532
-4.699262,113.52485
66.42578,5.5988646
-44.122665,-23.82257
-35.672047,63.536472
-29.540218,-17.385231
18.134737,-23.311167
93.72943,41.1038
5.3857646,-13.756521
8.420659,51.25361
45.384735,55.230415
39.207317,39.578743
28.52536,-34.38334
-21.205826,-28.135214
7.2774725,-21.214565
89.68103,-60.8847
-108.14662,9.827686
101.37198,8.637036
-52.057877,55.61609
65.068634,83.24263
0.20339788,49.06184
-28.807749,-26.998655
54.623985,-35.442734
20.15575,-15.534037
48.707657,42.22384
-32.775772,-107.03088
-7.5411353,32.424923
-33.602306,-34.41843
-38.744804,-108.081566
61.7883,27.261976
7.094049,-85.03958
-98.563705,-41.951374
-61.480984,-57.43104
-90.448524,16.606737
26.009132,90.753685
-37.83943,15.937629
-38.078896,108.52072
-41.319614,-78.562164
-31.668394,9.436203
-29.977383,-84.48112
-45.381996,66.78402
72.70498,50.246788
-74.1192,13.6639595
-57.405598,53.244675
24.267744,-59.18215
-26.948654,-23.906439
-40.87653,-75.45265
-35.698185,104.75196
21.027536,17.370674
70.6146,25.869358
13.933548,-38.92994
-62.984634,-39.478893
4.821022,36.98041
-63.402813,-66.75669
71.40332,6.239898
-23.84576,18.630026
4.008663,-90.5444
-7.6436267,102.46807
-48.518463,-93.56608
83.70212,-4.7283397
50.585766,-89.509254
-17.11716,-69.37974
21.347218,-51.075478
-111.80686,-16.278774
90.13432,4.9579444
-56.190742,-38.510357
38.601505,-110.41444
-18.216377,-49.39013
-7.936025,-3.8560915
-2.7595704,2.34124
13.680177,-53.475784
78.434616,37.94479
38.872555,-12.12746
-40.197723,-60.57332
44.458008,-99.75385
-43.744625,72.77522
-38.05116,16.44167
66.10589,48.408466
22.719215,-42.83575
27.261179,-32.74385
-37.60542,7.9922934
13.836802,110.97868
-103.988075,4.2163587
22.146883,-63.68829
-99.71032,29.8928
63.409054,-7.4419775
-4.3733606,-55.531227
32.544857,74.71843
-52.371586,-32.080692
81.17818,-34.121296
-47.492336,-92.25618
83.2443,17.066723
16.693857,-76.23243
64.3287,-7.2962284
35.230507,-101.78696
2.2021286,4.154407
-86.54058,55.061745
-24.00873,-56.6105
44.302753,-73.44348
-50.05125,61.835224
-47.70864,-81.73323
-27.782463,-53.084545
-0.24340746,-18.146631
55.734005,-13.880799
12.4745455,-47.191074
-39.592113,-76.02723
-38.60985,-30.781115
22.82306,-17.213648
33.008224,-91.57373
-49.490864,57.600273
-100.75703,43.266533
37.054405,-58.539597
38.17183,78.11981
53.287052,80.75992
-71.09493,91.94079
56.87875,-47.040894
-49.2809,89.28106
20.747568,-24.15302
5.696098,-92.07503
92.10055,-57.333633
-2.4124076,27.086405
-108.89922,-24.811865
-14.458036,51.802017
-95.76169,-52.966713
27.566427,24.993773
-101.636444,-32.024235
33.956104,-98.45107
32.668133,52.33942
-70.83056,-25.877007
-14.178006,51.61857
67.019516,8.448001
54.538357,-35.50123
85.423935,-69.163185
-29.612577,86.622734
50.3207,18.895777
67.96792,10.591962
34.158497,15.289029
-85.86962,-24.169369
-30.545813,107.874954
-29.739328,-51.173767
-23.202093,81.552795
-91.7275,-55.366634
96.21762,-7.2536335
42.63295,37.717552
24.267744,-59.18215
-56.029366,-65.40611
33.7074,-112.57369
49.329132,-88.69506
-81.27178,53.486107
32.48763,-100.22215
-10.598356,-40.628506
10.4181595,-7.8355412
-43.60417,-48.591618
103.988594,8.888667
-23.186047,-48.646202
-62.596443,5.2397165
96.49532,-53.363293
1.2508892,0.47635514
77.55506,-3.5583243
-41.45411,30.035686
-59.818638,-54.62345
8.879294,-14.666156
61.156082,-58.22458
42.356308,-90.35507
85.4133,-65.30074
15.897871,-20.009975
34.21328,55.28539
-18.853355,-109.252556
13.000644,-12.396062
-55.131844,-32.27269
27.224108,93.050354
-25.73555,18.741507
-74.631714,10.423778
9.383402,41.322144
-98.108376,-2.4110162
-89.72539,29.991909
-31.655891,107.21787
17.739853,16.467487
-39.78518,90.38089
-23.933786,54.408356
3.3417366,112.76062
66.1582,8.413617
-30.459919,-87.48186
-47.97409,107.86819
-86.518776,-24.979637
58.287113,14.415789
-5.84514,-5.5258317
-98.73588,-6.3346663
24.18715,88.83023
19.022331,-64.2432
-44.52419,-21.040285
-47.168537,-45.57546
-8.485087,104.06666
7.829762,-93.770905
7.4219966,-23.864283
3.5094464,103.279274
-70.913185,31.533482
-24.111626,48.05889
37.08891,69.74828
62.807365,-49.723717
-42.743347,70.63137
-24.458015,-72.800354
-98.11986,41.68523
14.60836,-20.241928
-10.440137,80.70865
-14.616552,51.748024
-44.145054,-18.872223
-95.6733,-52.922943
26.241646,-35.80195
-40.134132,-32.1468
-42.884262,-78.19301
28.864725,53.45367
-96.32046,-41.207233
-49.252487,105.00031
-62.582355,-58.77325
10.14142,-103.05427
15.749695,-45.49776
39.034977,-12.194403
-49.211025,104.93126
61.63399,-59.941563
82.84964,-25.070997
58.543835,-46.242607
-88.41597,-44.660217
-27.601084,43.39046
-61.28621,-57.67417
83.92719,49.98584
21.58703,-87.55813
-111.61244,-18.975803
-66.85634,37.28311
-0.2924059,-110.70355
-33.29814,64.524055
101.90143,-49.597095
-1.0084381,27.214893
-82.58164,43.06305
7.675502,95.480064
-30.696344,97.22974
-30.41183,24.464445
17.544891,91.92709
34.35886,-112.770454
-51.31999,-36.68483
10.773727,-81.88689
-4.0371275,-50.59945
-48.7144,-99.26052
34.463226,-4.2370296
9.0040655,96.37061
-46.212067,58.02781
-51.491814,93.880264
-62.528946,-70.46395
36.462727,36.698788
84.445694,-65.52647
0.7581105,-18.008171
-26.73318,-17.510948
2.06621,91.80613
114.86019,-14.762487
-96.52392,-49.445637
8.856883,-88.30007
82.3451,-48.60133
-58.812023,-40.3266
39.577934,-111.25337
70.86075,-9.964015
-16.23648,-110.81329
-42.996803,70.93486
44.099297,-92.19082
14.137312,-52.18809
49.48387,-90.06917
-49.048973,116.069664
-82.8715,-33.143574
-7.90211,-111.08789
41.820175,32.189087
-6.72592,80.15049
-46.438763,36.743877
-74.30508,13.407494
53.026215,4.9137607
36.43099,5.00823
-99.3142,-7.132374
87.51612,40.0488
49.78781,57.916317
79.84827,-21.794008
-100.41626,-12.250503
90.09122,4.6569934
-3.3406634,-6.1996074
-47.520638,-60.224037
-25.028936,-78.456436
82.88004,-32.4006
49.365574,-22.615856
-78.01405,-43.594532
43.78664,79.28754
-45.1436,80.321335
43.828762,34.726933
64.98764,83.3098
-48.82298,-80.03528
4.090343,31.543142
40.943607,-69.425316
38.479607,-109.45989
-52.544464,-84.8738
84.28362,-65.600555
25.447348,95.90581
-47.93742,107.924164
-28.690763,19.271431
-49.62432,22.444487
14.90806,-78.3123
66.65784,-2.1472595
-52.802574,-93.0824
74.71726,-32.15703
-56.448135,84.74945
55.191975,92.338425
-5.2496743,26.876566
8.167632,95.31079
17.044788,-96.45578
21.922247,36.116768
0.049777012,-103.41326
6.6033874,-34.00258
10.7149725,41.243275
-31.174583,115.53221
-114.291306,-2.075352
43.06835,36.40533
-44.127296,-75.46995
38.655224,-48.680252
-99.2699,12.764156
-39.772705,-102.98578
-11.676112,-118.468315
-109.57684,37.376102
46.62979,95.06645
16.483057,16.383083
-51.36466,67.32199
3.042273,29.297132
44.940563,38.7145
86.160545,39.59697
-7.066391,-102.64847
44.905327,2.9030426
-30.521835,-88.330574
-51.20206,66.88931
62.72985,65.62477
-44.51027,30.888065
-63.36319,-13.625619
42.891483,38.2075
-26.037125,-82.28438
116.69603,12.410562
-16.11806,-53.163345
-63.949783,93.99644
-11.959034,20.511639
22.153006,-25.416967
-55.173878,92.57586
-111.074745,0.90003425
0.9222209,-87.12126
19.247248,101.27962
-45.598778,30.410934
-94.97797,-49.24734
-25.149487,-17.267729
3.135218,-91.35999
13.569865,-93.76185
-36.70587,-31.405546
81.30822,50.20615
16.837713,-36.57107
50.840366,1.5207226
-41.39584,51.495697
13.550801,-93.7422
-12.574453,104.41589
37.861572,-89.79471
-44.145428,9.294382
-98.077736,9.185661
14.89314,6.5772386
18.284416,43.967575
-23.665482,7.4908795
4.3105326,99.68152
66.74245,-2.1590414
-27.128046,-83.51438
-101.56955,7.4833207
-31.655542,107.217445
52.60245,42.71584
79.870056,-74.1261
19.821987,-24.172693
67.56827,42.55466
2.4188855,4.203612
-90.62853,14.443116
35.344975,51.782764
21.117632,17.252657
-27.622168,-29.621426
-15.406814,-105.6805
-102.46546,31.057137
65.23269,-56.389587
-31.2425,-34.058792
77.37336,32.12631
-7.178032,-96.02727
-38.467712,80.03085
-101.60536,29.421686
77.68626,-24.96178
-30.76499,-105.342766
-102.48943,46.362873
-15.190654,33.803844
81.13544,51.66972
-61.651768,-67.721855
-26.52078,107.482704
-98.72102,8.732986
-56.379032,101.94101
-3.815974,3.6310925
59.785095,65.23328
-32.36045,-32.26181
-2.675057,-8.760013
28.996778,69.09271
72.70541,50.247223
64.293724,28.903154
75.33128,-30.891891
40.733093,-82.35335
-57.436268,93.08213
-52.09193,85.962975
-51.006042,112.354195
24.485434,-64.43878
43.35831,-89.93835
104.50988,-42.815056
-51.55594,87.447754
-96.794014,4.1071973
-53.072163,85.75083
-89.36817,-28.050812
38.987797,-15.842346
-12.483108,104.2765
-79.342,-39.177853
7.1104937,36.883457
77.17199,28.63365
-16.098988,-100.77009
-34.692574,-23.505735
1.206595,48.70053
30.007437,-110.589554
50.20181,95.050476
-46.492302,10.026163
-44.558746,-18.988956
-104.88208,-23.945242
49.81864,42.96695
34.67665,-81.69433
21.90609,9.917406
-5.9461517,112.08631
-0.511868,-22.556196
27.693216,-21.821537
-44.121674,30.678635
-10.821785,102.992424
51.29629,14.135509
-8.120849,-100.55667
-16.629187,-58.5086
-34.01586,66.750244
-49.048977,116.068146
46.20644,16.309011
0.48971647,47.26267
-109.26954,36.344196
33.679966,69.00512
-44.344925,34.056385
10.715178,41.243084
-66.57225,-29.088688
-12.855165,-71.296326
39.746105,37.541992
53.71928,-87.14817
93.090225,-4.8192644
3.5116203,36.53713
61.948967,-33.71525
-21.881235,-15.806335
-21.338545,-49.492718
-61.27093,98.032845
94.61192,-20.441595
-105.50997,-37.484806
40.18986,-88.641045
82.568924,34.54195
40.018417,10.206548
-57.72451,82.17125
21.339558,-81.83104
15.84237,-45.067093
-51.48759,111.37203
101.73556,-28.51934
-50.738297,112.899025
19.128155,14.278812
71.26594,76.81558
-38.153236,72.79837
70.59007,26.592823
-35.145103,14.273705
-46.39747,37.229816
33.967194,79.57245
83.13487,32.285603
14.194254,106.19563
-87.36344,-0.18967381
-55.875656,86.63363
9.119187,-111.7557
-53.054096,-85.336464
85.245544,-68.02844
-23.022123,9.985611
-4.454632,30.805098
15.84237,-45.067093
-99.64746,-4.063131
36.739502,-113.240395
-26.750391,110.56732
18.229982,17.174742
-41.24321,114.975784
-26.738577,-23.856518
-97.12132,19.100288
21.347273,-51.07536
-33.067314,29.487667
57.1762,-19.861954
86.81347,15.287187
65.310036,-59.490036
-35.05545,-0.7038878
8.277099,-75.03016
67.54882,45.915432
-66.6534,-29.27403
15.54105,-76.14753
-75.11032,14.480763
-18.735092,-28.875677
15.0269785,111.62913
-55.95514,86.95998
-45.39706,-94.66991
-57.247494,-8.495261
39.632442,16.09837
-35.611603,-78.46582
37.333645,-15.458963
-23.278883,49.70157
-23.209925,-48.64437
52.616096,-32.838554
80.71113,-58.681034
-59.298897,32.619133
-13.706591,-116.13135
54.931423,-58.288322
19.742775,29.360458
44.68717,-99.6445
31.172829,-64.58928
94.866844,-7.040888
73.502716,-35.667664
-77.79593,-41.937572
-79.46079,-14.122715
62.68105,-33.129486
108.03398,19.215515
-12.3965025,47.350742
66.21914,6.6176596
-43.13947,-77.27422
102.684,-28.84145
48.8735,52.54729
73.662025,52.426136
80.79777,44.16721
-38.312782,9.244052
-12.591011,47.981873
-52.25737,-26.871742
98.981834,-28.795246
46.078094,-37.16892
49.084858,52.516193
7.1777444,37.493164
-33.058254,-26.78969
7.8297544,-93.77086
58.061478,-62.52546
-24.23737,51.22646
0.18176039,-19.540636
73.92179,-6.1117506
55.859737,-19.350897
4.410096,-89.86191
-33.651176,98.38975
87.269035,-61.13388
19.978802,-16.124058
-24.057858,-48.509617
-56.022545,87.18781
12.172461,-80.85185
-34.02745,11.176047
-52.400513,-84.75617
-85.402855,-25.070307
47.384155,-89.26768
-52.553185,42.18903
85.423935,-69.163185
-1.9321655,3.0273764
4.679737,-34.898773
-29.747723,-17.130686
81.345795,56.636105
1.51499,-6.1674266
-53.202976,57.94682
23.779884,-19.721647
-98.223694,-2.421237
-19.606615,38.826756
-26.270796,112.726494
78.78095,-57.721497
31.13242,75.45714
50.587975,94.91073
0.11211501,-17.248539
-12.01892,65.13897
-100.790726,42.17539
-42.820896,-47.704197
3.2173593,92.54805
-39.834774,-103.58838
43.569424,36.600983
-46.378242,115.75171
-21.32977,34.853424
-24.070238,53.688976
34.10539,17.693113
31.49456,-59.613003
-29.538326,77.23438
77.03225,-37.14299
55.946438,-37.384968
-26.561087,7.9239693
80.87647,12.950287
-41.51083,-59.51726
-80.13061,0.069673896
93.56677,40.829273
81.524124,50.070194
10.874406,-32.65415
76.53228,-2.6876688
8.093083,-14.047877
-95.90112,-24.026268
-19.565487,46.471127
-13.192434,47.185913
-108.64228,36.376816
-32.36159,-32.24493
5.884659,-77.064476
-45.7375,51.346413
-85.51512,48.853962
73.197525,51.938858
84.66077,17.733599
54.05303,-87.553024
0.33870515,-17.737616
48.25914,12.120644
35.824165,-2.9737244
0.8951856,-16.399658
9.938283,-40.082172
-31.202393,115.658676
116.503296,-17.000229
-14.696011,-23.945187
-1.7495782,-18.549414
82.49177,52.47666
-103.979996,2.0360105
18.197674,14.052408
-14.665304,-42.575043
-41.73954,95.02588
61.845318,-50.92943
69.93213,30.725044
48.15171,-22.810436
-64.07026,-57.290462
-7.5351725,-1.7905314
8.732965,-92.77067
8.4939785,10.213366
87.66441,-34.097992
-44.71162,9.225904
92.400154,-54.97164
13.933428,-38.929626
-46.045265,-58.669586
-15.522104,-22.990374
42.632225,37.71712
-43.868248,-40.92647
1.7918297,-85.35689
-23.495024,8.384285
-5.1965146,-50.7074
-25.456158,-75.61324
18.959642,-35.30388
-46.523476,33.40584
84.197105,-68.613525
32.20315,52.550766
43.45303,-88.419815
-28.272827,-1.6238137
4.245494,36.625034
-100.83229,35.96771
5.4798975,78.81071
-44.303143,30.518024
11.92022,7.040759
-45.737488,28.447067
49.309875,-90.170235
-34.96086,-105.65269
80.11629,-33.184628
-27.93657,82.13097
-27.41211,-26.846365
36.467133,-56.624756
86.186455,-58.6805
2.086705,4.06685
-0.4233686,-90.34024
-97.59522,-42.508507
16.252548,16.121733
-54.417797,-57.528095
108.63677,15.434947
2.073441,-85.274734
-44.270454,72.65141
-33.033012,106.82087
34.358826,-112.77166
89.19382,-67.40079
69.26859,49.396053
108.11113,-13.855479
46.994278,-88.54686
44.710453,-74.93512
-82.39227,4.4188433
-80.84908,53.65857
21.323328,3.90816
47.154537,54.480343
-65.37449,-50.986
51.212082,58.233917
-28.86597,-48.619835
71.74956,53.31388
109.24322,-14.165591
-101.73745,29.377388
-63.962368,-55.483143
75.60817,-34.43595
1.105061,-6.0417376
26.469667,10.19341
50.54782,11.258249
-2.3649204,-18.6431
-4.1978273,67.175964
-5.8984466,-49.14414
1.6359289,30.273243
78.26336,11.23317
-87.02318,-54.19769
-113.22939,-3.603584
111.75561,17.749763
73.56812,-73.52198
25.624372,90.565506
22.72006,-64.92515
-17.553114,-99.06241
-14.524596,-113.384865
75.114876,-34.48748
73.65419,-31.53353
79.39068,-71.492424
54.20834,81.10711
85.1652,32.054787
25.52109,103.33746
4.7988863,37.01131
58.15496,-59.479237
4.33742,37.743492
-37.367847,-93.931366
-74.39535,13.188748
-33.655712,-78.23725
51.998863,56.707848
-34.3698,-75.94411
-88.157906,11.60204
-82.37585,53.413612
-50.746033,112.07899
14.997508,78.47554
70.566246,26.15059
35.82863,-2.971269
-51.251568,113.90266
3.2300453,102.243484
65.5443,4.9855213
-49.082806,-59.122314
-22.019814,-45.26583
26.71193,10.30582
-59.90939,-35.53448
-95.14925,35.712936
4.208684,-34.678448
13.108824,111.971176
-28.340597,-76.14618
56.088055,-7.332173
-90.1431,-53.668438
-49.65862,106.45356
86.77265,13.053031
25.40803,18.418642
-35.91892,-94.73947
-41.557793,-47.916283
-6.564651,68.29225
12.425189,96.312294
58.163055,-59.523457
-0.9343308,-48.071667
91.9011,-32.60016
-12.772081,-96.32373
14.11573,73.67342
55.914764,14.27791
-105.55296,36.65549
68.88101,-35.80754
40.213528,-53.812553
-41.13211,31.740116
-10.506962,54.558384
-77.03457,2.581652
-60.503384,34.9381
0.12910208,-25.739742
8.17041,-50.02608
78.698135,39.679302
50.373524,13.730935
-78.97895,-43.851562
-11.553968,49.116425
-65.24316,-28.339727
4.204,51.025925
89.68103,-60.8847
91.43677,-32.539753
-28.348074,-29.642889
102.675896,-48.069004
52.0001,59.43716
-44.525745,32.396584
46.79446,-40.07785
-61.12781,-40.12014
-18.54793,-48.977955
-33.321827,-71.42267
7.7800403,65.05144
4.367393,-14.702614
-65.447975,29.927889
47.149715,54.38936
-14.066591,-41.817493
84.4922,0.6622115
-55.58776,51.821766
9.710383,96.41668
-45.792145,-80.50407
45.41201,-83.72005
-51.61439,105.28697
84.14308,-65.53161
-15.352961,43.06661
-76.81198,0.8606524
-33.610123,119.38965
72.45812,73.493286
-44.790604,9.307335
-64.45959,29.68927
-36.569885,70.13955
-69.83398,-25.63708
-49.04739,73.57056
-3.2222207,108.789246
14.142064,68.85411
-27.224316,20.331327
-54.84218,85.898636
60.742218,-44.994503
47.985744,84.58134
20.538422,48.82074
40.236095,37.398087
37.109035,-58.23353
-64.98759,81.47343
-6.962478,17.350815
-50.41754,-27.439047
-39.870083,17.416294
-61.843353,80.927444
114.8738,-14.782665
84.982124,16.867422
-15.175172,52.24566
10.863603,-105.62576
-45.26869,66.88195
-82.276596,29.940802
13.314754,74.97988
59.406265,-14.150592
-64.25411,95.60015
7.338531,-19.663332
-40.413692,-77.10631
56.283287,67.86335
-45.633698,51.575
-7.741015,-1.471919
1.9040254,-2.902104
-89.31345,-28.196802
20.559858,10.532906
-8.124272,-34.774067
11.4355135,-32.36023
-9.836126,-68.978004
-19.789263,-16.979895
-97.5486,32.16201
-28.818634,114.49165
-64.01875,4.9637995
-32.26074,-50.110756
-38.295704,112.64825
-64.59897,-1.6047535
89.07495,2.2750065
-26.192013,37.55491
-9.529112,-108.862206
4.9763904,70.8264
68.667305,-0.20704997
75.97736,51.0317
73.87826,2.2260938
-23.893309,7.172508
10.901183,7.3511343
-25.962976,39.129837
55.16334,-57.416702
-92.11689,34.19097
-2.7208483,-23.739786
34.48566,-3.8103478
54.570194,-45.34876
15.89122,-0.34092456
-21.079071,-72.23269
-63.99873,-1.696628
-103.92052,-16.896938
-86.84792,56.247223
-30.662941,-18.137157
5.935162,-92.09085
-10.850247,-119.05067
-37.969128,-77.440544
35.095776,-109.44438
39.034237,-17.401974
-43.22579,-49.41893
33.482338,-54.15573
50.913864,60.298805
-29.903585,-48.11174
-82.1863,42.48963
20.296465,110.13168
87.03161,41.712334
-93.459496,33.322414
53.724808,-34.86138
32.369354,74.438034
56.647602,-19.60602
34.63223,-109.249435
72.08617,73.535736
-23.495476,8.384
-81.17455,3.653383
-21.668993,35.090313
-59.569176,33.435875
27.752789,-18.50756
-36.062847,-101.27438
5.7852783,-91.98534
55.543945,-22.721228
-36.77725,72.76723
-16.206648,-110.83088
-24.708746,107.76848
56.53963,7.2065654
-40.47037,-60.41404
4.863446,98.88241
-3.63048,31.168314
-21.404099,43.399036
18.838121,-43.43067
56.645927,-35.39748
29.080233,69.163445
35.44884,-18.063547
10.188943,-39.72075
-54.302547,-0.9745697
-100.94207,-12.022826
-54.205074,1.0793927
-94.920746,40.78999
-7.8540936,41.701427
-27.745424,-80.757515
4.7284393,-1.8001007
79.07855,-44.823666
-37.89768,10.619348
21.716143,-19.851372
-67.57382,82.94729
56.655582,40.440884
-45.55741,-95.40737
-29.495258,-106.52604
5.5561423,75.12979
-6.675642,115.41388
98.68493,12.467801
86.67017,7.4240174
89.50217,39.562283
81.524124,50.070194
16.59762,16.436792
-17.042885,-37.583027
96.393166,-60.65807
21.404432,-16.5651
17.004612,-20.70289
-37.819252,102.13747
31.467117,-61.848003
-13.346887,47.16114
-31.93028,-98.57881
50.931587,-103.42329
-16.379704,-19.594381
10.895633,-38.27368
84.62831,7.295742
-2.862445,67.53315
-65.98064,-24.289606
-5.075928,51.275925
-19.598661,-38.18652
-98.55744,-5.180342
0.12910162,-25.739763
63.39488,29.81816
-12.751213,-121.27346
39.207317,39.578743
107.91925,15.625401
14.636536,36.73519
-56.670643,-13.24626
58.381546,-46.465645
-1.4614242,-11.743777
23.81602,5.673038
-109.79684,-1.2083216
-41.251633,54.55408
-38.666763,7.0693693
-16.402279,66.03001
-12.448594,-58.858322
63.81924,-8.8197565
50.554737,11.257848
-102.02387,-35.289032
37.099056,72.027626
-44.204372,-19.265629
-53.859825,-38.696644
58.990643,72.3254
16.069382,68.634514
24.061094,19.516254
23.278954,15.109647
64.971375,28.989185
38.260555,-7.297168
96.49532,-53.363293
-90.876564,-52.128944
-99.66182,9.359133
104.01862,-11.755361
69.08724,13.127345
-47.731464,-40.13159
57.54182,-23.995123
55.872707,-59.029346
61.75865,-37.029915
73.86745,-8.915321
-101.44069,40.77885
-80.55569,51.70101
44.006184,-90.56102
20.730742,10.436057
-17.827477,-95.2239
59.97112,85.59696
-53.370266,89.22733
-43.49136,13.723482
-96.359764,3.9120617
-101.636444,-32.024235
47.613674,-34.47416
71.674095,47.165417
35.227818,55.617474
-65.336395,79.65462
36.06751,-17.645863
50.419807,35.302605
103.03215,-1.2380439
-6.8779116,68.26444
-51.49329,57.638218
84.145004,-65.53312
-0.71175295,82.44447
54.871094,37.791267
93.92292,40.97098
-88.775894,-47.186764
97.63811,11.735325
11.201473,-17.624609
70.09441,80.915764
-99.53924,29.873016
8.104883,8.364765
-98.59896,-5.5878377
-61.325043,-49.604248
-2.046204,101.65651
-14.4806595,-45.632545
1.8025649,-11.082664
-41.20824,-79.33671
76.21651,-75.076706
35.89293,-17.022251
-40.96528,112.06619
39.35878,-89.291435
39.1229,-56.3035
-12.253195,10.943598
-96.355644,3.9119885
90.86823,-35.311066
46.008972,32.49518
-6.2347145,-3.61526
40.72618,-92.42343
-14.639371,51.745842
60.454002,-101.59546
47.022453,94.88733
21.389034,94.16891
-86.81453,-53.077354
101.10068,16.414444
-9.385245,67.660484
43.520657,-70.36237
99.796684,-57.346523
42.848892,31.587942
-14.609427,-23.280651
-59.166435,78.907646
-92.522606,51.309616
17.030445,-89.87872
16.090862,78.377625
25.968134,47.483036
-1.2677501,-14.67168
95.201294,-20.325024
-41.6923,-30.610006
-26.153688,37.539276
-82.744835,4.294057
40.2673,63.43256
-47.443417,-38.187664
-4.503934,33.334927
38.09768,-108.72365
-4.2232337,57.814224
101.36709,8.660745
-54.48687,72.73207
44.09212,36.36504
-46.354065,37.019836
44.064587,-74.331726
85.097015,18.74567
-16.357615,-20.82296
88.99446,36.500793
43.381065,-70.07457
21.013641,0.9918721
73.425514,-70.35881
56.750618,89.70769
-104.248436,7.022546
18.784286,-64.127075
14.951083,73.084175
-7.735139,79.96408
16.402372,94.92606
45.902576,-100.49703
-30.808323,42.799526
10.491081,7.8214445
-5.782792,108.31552
-6.455715,81.61677
14.728862,94.700035
-60.294292,56.043457
21.590748,18.163322
-40.357094,-76.14425
6.5578012,-33.271935
35.359444,79.89501
24.089457,-20.685081
109.26911,-14.260686
16.457441,16.058966
20.15293,29.855492
-4.1056714,-71.98159
75.75162,53.172718
4.5823402,67.60376
34.956455,36.91438
-100.0626,46.044376
-4.2287602,-81.51369
8.582212,-107.04582
53.91218,94.45224
66.32548,1.0947174
45.367096,38.102043
-3.5200877,69.41678
-41.250248,16.612408
81.30454,-48.424942
-98.21658,-2.4107404
-100.75283,42.527336
-43.207016,29.62408
-8.2141075,-113.32785
12.177207,73.11113
89.21573,-36.45438
-39.77551,31.476217
-13.150308,46.306755
-2.279916,33.409554
-13.966949,-114.0707
-5.658285,1.8156992
-55.164085,-12.143852
-79.03497,-38.870487
-45.392994,37.71272
-68.70757,31.038443
18.795725,-44.275455
50.932262,-12.5398245
40.11413,78.389534
-26.457138,17.451378
81.3773,-47.409176
-59.28551,55.371536
63.87993,83.79342
-80.662,5.127564
41.257854,32.437214
-10.080116,-119.75462
51.760593,78.928246
33.62872,-54.388607
-48.572506,110.12022
-50.51377,-29.64072
54.691875,-55.049778
-75.7,10.612783
-10.525651,-40.84156
5.972774,-33.038597
-31.091852,98.93912
34.187717,-19.92901
-11.717755,-52.090343
69.80274,-33.815315
-90.93643,-51.80715
7.3439436,31.869144
-33.05147,2.0234892
46.137123,40.024082
60.183903,-6.702909
-48.504005,46.906647
78.27948,8.806433
-90.54435,-29.335411
54.10743,42.105183
35.32579,78.600464
-19.104364,-94.800125
81.33487,-47.924126
40.18816,-13.347873
-25.729845,-83.277466
-52.64494,-26.568851
37.73382,40.37203
22.842838,88.78415
7.4139347,-7.6986938
43.45303,-88.419815
0.7281061,0.8311067
-39.966156,17.148123
42.137108,-100.81043
21.722294,-4.2984757
68.101204,69.82805
29.347658,21.643265
47.704216,53.75392
-35.385212,76.05417
-3.1164467,1.7555256
-17.417885,-69.96081
-43.026993,80.91907
-50.57764,-34.288486
96.42409,-8.898805
1.7892436,-59.806946
-96.3075,4.703932
-31.573751,43.091366
-109.59104,36.855484
-62.924103,-22.985802
17.236008,-36.177677
-57.00746,-6.8607616
66.62805,48.276344
59.45101,-100.08978
73.67524,-71.058464
-55.636147,57.47286
53.779247,-107.62971
-44.964603,50.04358
59.768406,-31.654129
91.877464,-58.48769
-80.35987,-40.58295
-3.5020468,-6.3161864
61.44501,-56.781876
34.19042,-19.645737
38.56425,-108.47482
-27.481352,-29.403389
73.10023,51.69557
2.104948,42.478397
-25.776718,46.12293
-54.44276,-0.9608919
-79.60626,-1.5800755
83.83656,42.566917
-104.81514,37.13226
-55.726776,53.816536
-51.22016,105.28423
34.58863,17.423864
17.401825,50.854435
-94.6122,50.377464
-40.78138,8.17034
2.4403331,-91.8055
32.682915,-1.3864805
27.261967,9.297031
-34.79488,-22.779564
91.30086,44.10981
-101.2773,-32.19114
3.2348607,-21.607645
77.33458,-74.26295
-3.4510112,58.7026
1.8006096,65.21414
-62.86016,9.787974
96.39314,-60.65799
-49.019257,68.47156
-16.07219,50.476326
36.316013,-13.267107
41.115192,8.582368
24.779703,-36.273613
74.93644,-31.420858
49.87429,20.652187
82.029564,-26.981144
-8.187254,109.98319
65.87288,0.8755489
-102.24344,-30.204634
-93.52321,-44.652916
47.237755,32.277378
55.84622,-59.744797
-12.855826,9.68827
-4.6931586,-56.35961
-9.867168,-68.308975
-60.024372,-41.247017
6.5709968,34.805912
95.92252,-54.749023
65.42974,-57.749664
4.0927644,31.571608
-47.500755,56.97859
62.843533,-49.498615
68.87283,-35.433857
56.487133,-55.62197
17.675295,80.18484
23.308048,-83.14946
85.1324,3.7526596
70.557365,6.6840887
-3.1293263,68.70556
27.372444,9.793545
35.569557,-101.93968
-75.333435,14.356261
-14.884523,-46.721546
47.985744,84.58134
37.39965,-58.40066
69.8642,80.74807
-36.309544,-101.37317
6.809207,-33.777496
-38.62962,79.77953
52.454937,-46.231285
-66.65349,-29.273697
107.677536,19.926907
-60.700516,64.976555
86.35783,-58.11347
-8.148968,45.628437
-3.6443515,113.92264
-55.159275,-39.343075
45.650948,32.173534
81.88568,53.762955
64.840126,72.724335
-80.665115,18.633957
-23.572958,49.74629
-95.29234,-51.804893
36.17259,-13.910433
10.035305,-45.09917
24.91227,-39.52605
90.35154,39.112747
-108.904655,36.79919
-35.606945,0.5191939
-12.39116,89.85872
52.617767,95.43574
-102.10767,29.89673
-49.01634,-78.84284
-48.501686,17.42927
37.536407,72.95896
38.972843,-17.454296
-26.593891,-26.522018
-66.48715,-24.394094
-16.899355,5.1956186
-40.685043,-32.147873
1.7134556,-56.177265
46.613056,-88.962685
-3.5768812,66.84897
1.5771184,-56.16052
-2.8621588,4.298353
41.639942,-82.44581
80.82296,12.879033
47.118145,32.30225
-23.186047,-48.646202
-13.3516245,-49.24021
52.189724,52.13308
17.06135,12.836733
32.057262,-41.37638
-69.32843,-28.673656
-12.169925,-23.962498
51.261898,22.820395
43.131004,31.602234
97.02944,-61.271286
16.955292,-97.31778
-3.669357,72.20207
-43.859615,-83.645935
-105.83903,37.72313
-86.81373,49.53599
-39.90702,-103.82121
59.22219,64.875374
-51.95907,87.67988
67.97993,77.88806
10.3535795,-87.9537
-99.939545,1.891504
48.99334,-28.391794
-54.68158,-33.10392
-45.004894,73.433754
3.938097,113.87154
8.310702,-39.25195
55.85701,13.990982
-89.711,49.247772
50.31873,92.31183
70.19478,73.117714
67.78463,79.402954
-4.498369,79.778656
-5.809084,81.083916
-6.1505504,103.43727
67.974205,78.19955
-46.468678,47.898922
8.635724,-39.26298
-76.84013,0.8251431
20.09674,-15.582226
-84.669525,52.433727
48.15183,23.45922
14.205515,-79.950584
-38.674465,13.864586
-38.175358,-76.59393
-98.01446,41.94933
84.36295,-74.5357
-33.648758,77.07052
-83.43995,53.63435
-55.55121,-16.55019
71.74866,78.68689
-37.30393,8.605772
83.66236,54.177856
-50.401978,56.44507
-9.566875,-119.767296
43.141872,-90.74211
5.4071703,30.305197
78.33825,-19.43495
94.21232,-54.596756
-103.2311,-26.165672
96.24473,-54.001785
73.30622,75.742546
6.10255,-2.7972345
117.16082,-14.049198
2.0867066,4.066855
10.43106,-15.658095
68.7317,76.71818
9.111763,-112.47548
66.05104,-9.519056
2.717123,90.2175
107.09826,15.474843
48.022846,18.499348
-14.766102,-55.570778
-65.59451,-24.272902
-32.1756,-16.75294
29.085073,-32.604748
21.589178,-63.13297
-97.40471,4.301357
4.12665,-89.61452
-10.4082365,90.81884
-22.035618,-45.96002
-2.7462366,-108.86108
18.438368,51.619522
-85.015465,-42.54113
1.6587107,-59.126045
-54.851574,-39.45159
11.669754,-32.86813
84.87344,17.048368
101.737236,-9.458895
-98.88486,-5.1697884
-62.790676,93.12023
50.212296,18.89524
-36.442844,19.257656
72.5969,-32.105297
-88.13922,11.954784
-35.10601,105.94497
103.21363,-42.385986
-106.45814,32.2506
-102.337715,-6.540026
-10.732688,53.587276
93.473724,-54.98311
-35.485214,76.54463
-41.51446,91.61173
-4.703497,31.176249
69.36284,85.01858
-79.17026,49.43055
-107.571815,-32.030994
104.12601,8.948744
-81.60935,30.452055
-12.089075,-24.068075
-105.83903,37.72313
49.19064,21.139801
-23.03398,7.8940244
33.935154,15.014872
-28.272852,-1.623811
-89.9525,50.2502
48.626385,52.62403
103.49281,-42.45681
36.067474,-17.645613
96.21988,-7.2361326
-34.848366,104.49848
-100.86675,-3.4784083
105.02016,15.034157
19.252588,-64.33138
-37.01574,-74.03812
-37.693336,-74.96001
34.41045,-91.53043
-6.5265093,92.659836
-57.103184,71.40128
-91.33737,34.373547
-85.40453,-42.6552
13.611263,112.28655
-52.800903,73.10491
-41.023148,-31.297213
-97.796524,3.5914497
71.10196,25.645433
83.21113,43.326042
72.53821,-25.01035
-1.8700073,1.4210966
-62.020824,-58.790745
77.02787,10.943934
-45.02761,75.37424
-25.332796,40.39369
-7.826229,-57.21066
55.321144,-35.128082
-11.463422,-56.32999
39.374725,-51.957775
-33.125195,-27.882767
79.2159,-56.7723
87.29481,-60.656757
12.034204,3.955444
-61.77912,-40.90618
35.230507,-101.78696
-74.55866,17.12473
-17.655592,4.8488283
37.37513,72.65938
-35.119194,10.394339
38.272438,78.00428
79.364365,-72.19001
-27.16152,20.368723
-48.203564,71.35909
74.95785,-32.506634
22.2894,-64.47204
-31.174583,115.53221
-103.758934,-25.776371
-16.393652,-19.492182
-49.435234,104.91643
-32.554123,-12.812274
86.60408,-65.12641
-45.348328,-94.75254
-37.0066,95.31407
-5.764089,-17.50236
22.153006,-25.416967
-62.754337,94.62787
7.163633,-92.55548
64.41973,-25.154459
-10.306565,90.92821
-96.57698,32.969234
-52.010612,86.21044
93.7529,41.022682
-12.550702,46.049435
49.254967,-101.42161
17.000587,11.993862
-36.959854,30.730898
2.902395,42.52351
68.549934,6.956331
-81.75236,-40.018173
-49.248768,105.27574
-39.56697,-76.15162
-21.172066,-27.938204
-28.136122,114.07131
34.784595,-18.976215
25.675415,16.181213
6.2609363,76.65293
-65.41632,79.75781
-11.517437,-50.7926
-26.750391,110.56732
73.59212,-72.28348
10.169009,103.284164
12.169716,72.13282
-7.048624,81.3481
-40.469685,-91.69523
-85.56988,-35.227043
5.6662025,70.92005
-35.634212,101.266624
-64.28828,30.381622
45.36736,-74.69268
-51.67721,-52.12555
-9.446796,-67.283325
-61.395157,-9.436068
12.631093,12.06996
-80.76782,5.399726
44.312916,-71.136826
-76.562744,13.7030115
-61.630653,30.188072
-65.98064,-24.289606
-25.61976,-24.02282
101.135544,17.821705
-12.072748,104.959465
-1.7983878,64.99967
-8.502034,-104.12441
-69.93117,36.071735
-108.899605,2.38287
-34.69855,-95.23127
-102.056656,30.047302
-55.23181,-64.12434
87.26986,-61.13297
-30.981138,25.7852
85.092094,-28.357824
44.290123,33.204624
35.79289,-113.30804
-97.20731,-53.284904
-101.6679,31.30176
-29.23357,-83.04557
86.802635,39.106712
-50.445644,56.48904
-2.0490267,-110.97486
-41.613277,-78.81741
32.50269,-5.257193
-60.788692,56.161766
-51.815296,113.69963
28.522518,8.762567
-29.539091,77.23503
11.678768,6.8977733
-0.7906679,-89.123245
-86.501816,52.916275
-98.14697,30.460331
62.809418,27.970896
-33.39116,119.368515
-3.957097,107.7167
-44.543762,70.15417
-113.28917,-3.7938273
-64.3153,-69.85664
19.480316,80.86405
2.1049116,42.47806
-77.701385,-41.577282
73.28473,-27.155352
-28.946436,18.061459
-46.719177,-26.601353
-45.55193,-95.30872
-7.7516747,46.07006
-23.788454,51.34989
-103.19571,-30.564804
-57.84197,82.11346
-64.62784,-24.409412
-97.17912,-42.628277
17.73694,-60.723713
4.8963537,-31.78233
47.444603,81.91956
-106.15315,-25.888344
108.24411,-40.64657
32.060925,-113.96398
25.27529,-33.143288
-46.567604,10.201786
-89.91309,-53.612522
25.369736,24.200766
-11.038479,-4.0742006
-93.05428,-12.591765
-8.084003,-29.074179
-6.5326986,74.392426
-60.329308,56.10799
-31.4871,115.65337
36.9013,-61.698277
27.28083,-39.340534
65.96712,66.24359
-54.107536,-40.08006
-33.564445,97.71985
40.56253,-55.900116
-44.133045,73.23017
54.752884,-86.36965
-93.913414,-8.601238
-7.0430717,41.858364
20.24964,90.873726
-11.795413,47.331436
-24.707487,-23.801746
60.568497,-13.373103
69.16687,66.80523
30.616434,-37.703793
12.613094,-8.241962
-113.348976,-17.200085
41.19862,-69.234505
-24.047197,-48.493015
17.399729,-35.4847
-37.54114,-77.64548
0.5814549,-90.67787
54.821396,-6.753191
73.075645,31.105263
64.31482,-7.3504214
-33.337345,119.13714
-111.69711,-18.480902
-88.63837,-51.13827
-63.059452,-58.917137
-41.45079,-59.749123
-38.05481,9.589453
-35.31529,75.088135
-23.012709,48.028328
3.9535737,-23.742756
-23.690027,7.4920974
81.05969,50.786137
-66.67805,-29.342438
6.2066226,63.79443
-86.53844,55.94618
52.60562,8.062067
38.24049,-80.108
108.83883,18.89526
-57.551308,85.34775
-105.53686,-34.16283
52.33233,52.02426
46.90639,20.23079
34.40071,-19.511963
97.13858,11.890644
-27.16152,20.368723
81.92355,4.428878
-23.81112,33.263664
56.74277,41.715317
22.306156,98.29025
-44.762463,33.953136
-5.9032445,54.882423
63.180855,-54.80194
70.65658,29.89477
-24.12933,85.99826
52.557804,-44.645973
51.078423,35.484947
-25.672377,107.83867
48.346718,52.942245
-57.250217,71.16334
-59.484043,32.22398
-12.489785,-40.96779
-15.71764,7.5601234
39.574543,-54.977547
21.728386,50.525864
-57.085274,100.680466
-46.428005,34.515594
43.888847,-100.48102
12.922822,67.625465
-49.60716,107.150475
-14.908897,-23.881971
-41.634506,16.425207
-102.02387,-35.289032
55.103558,-13.158071
44.32009,-71.19821
51.450256,-86.64569
-89.314415,-28.19684
116.424576,-16.934967
-79.137146,49.30218
-96.10556,-41.420387
-12.934014,-0.28865004
56.00805,40.78468
11.700639,-94.39924
-1.4353583,-48.58359
25.46053,18.468008
-38.45795,67.33572
3.4406042,113.05729
-38.897984,100.26296
50.877586,94.90796
115.26556,-15.183088
-21.0775,42.50037
115.45923,12.650055
10.810825,-105.52029
50.255787,21.99798
-16.20187,-49.068207
2.1744354,-25.645021
25.794975,110.374794
85.90689,0.36085317
-32.565926,106.72274
34.952496,52.155106
-40.739487,-77.22917
56.81303,39.142467
49.95792,-104.674164
32.676437,-113.17351
-47.034847,34.1209
-29.912413,-13.351412
-50.13437,72.26802
-54.48807,-0.44569448
53.63155,-34.17051
67.81429,70.89936
60.57747,-55.69476
22.121958,-6.037432
68.25478,9.660991
39.327194,-12.686355
-52.981766,88.87921
-21.53959,-15.741194
44.09212,36.36504
37.49859,69.55473
-96.17966,-32.635437
-60.696384,-39.848877
81.7448,-76.31787
-62.824383,-55.50662
93.75292,41.02384
33.964176,79.57258
26.939358,10.244244
-37.36738,-79.962234
60.462288,-16.084421
-114.85431,-1.0463525
76.365685,40.496105
-12.137342,104.925735
-93.16675,-45.167484
-12.146798,104.05359
86.88104,-60.5179
-26.811098,16.86223
19.34882,-60.08741
-7.1413813,-0.5502646
10.766646,7.1228323
46.55174,55.133682
-46.648563,10.156774
44.899086,-89.795235
-51.15557,-30.605795
-16.602146,-69.161156
32.10708,-89.347084
51.578506,80.5167
-57.852314,-35.098614
12.729631,112.556
9.363533,-21.037462
-80.9464,40.71397
53.174,-107.68284
-87.38863,55.289097
-23.614265,-72.60553
20.040405,29.829382
-97.09182,-10.3930855
61.254578,-28.621876
31.406109,-38.384075
-29.903585,-48.11174
-44.358482,30.020647
-26.75833,38.986835
-3.4096467,5.801468
94.456314,-20.625896
104.46952,-42.911694
-65.68799,-50.956043
28.889868,-101.73915
-102.44825,-25.790682
54.064384,-35.074116
88.61765,2.727933
0.11901513,-56.59733
-10.452599,-119.30225
70.38038,39.77325
37.723328,-58.07057
-16.402296,66.03026
51.768776,52.706684
36.218933,-18.153149
-6.6069098,1.1014534
-54.858013,-59.927975
-44.707592,78.87031
-60.625286,81.47089
56.358902,67.71585
-54.100456,-59.488346
98.959175,-60.123486
25.293184,18.787548
101.49662,14.735096
83.12335,-74.304276
-41.63325,53.759277
-37.823406,-107.9795
-41.970337,-81.79954
-30.593775,-23.69039
-45.29296,74.076355
75.46743,-23.439129
6.9524674,76.16662
85.21514,19.115185
-55.722496,-59.785023
-87.8808,48.193577
-1.461821,-111.157875
78.89295,-45.448914
37.345264,-60.842823
36.707775,-61.26765
-20.88173,8.157306
59.971394,85.596756
-46.869644,-45.706676
-12.550702,46.049435
-114.82169,-0.4518526
-56.994156,-6.8584523
-60.924057,-40.96908
-18.9006,2.2503932
18.75098,-43.873974
-5.8156004,-9.95699
35.65682,78.97362
-74.75782,-13.52882
-98.38296,-41.273834
-60.814682,-59.115707
-49.45987,116.21121
-79.75785,34.09173
43.031574,31.531048
59.91574,-11.525229
-36.588917,-74.115974
10.31309,-102.91625
66.195305,-0.11533759
61.44437,-56.781143
14.194254,106.19563
57.497192,40.728653
54.883213,-56.17666
-64.10184,30.000158
-67.766754,90.18867
54.876778,-86.411934
-49.791996,60.1373
-7.8261886,-57.210472
-5.0010285,112.89087
-28.272852,-1.623811
75.26068,-17.65423
-32.559963,75.87953
24.443916,-21.736847
61.97222,65.488235
-38.971165,-88.98345
-71.04572,92.02016
99.66665,-26.316847
79.301216,48.023876
84.54084,-66.50506
-102.02305,46.155125
17.043646,18.277124
97.95056,11.117202
-40.4924,-75.84675
-75.09474,15.49702
39.73832,-81.90321
86.12672,43.143337
47.01856,-88.654816
73.10023,51.69557
-7.243561,116.395195
39.960735,6.6361427
-107.57645,-25.458845
-4.0672116,-53.45927
76.4697,-74.96404
80.73414,-59.045254
7.241657,31.7311
-94.526436,-12.52763
27.442305,-35.03849
49.5352,-101.70528
8.13922,-39.329174
-4.4817595,79.55413
-80.96434,3.2400882
102.77044,-47.827675
-5.824134,-4.9402084
-52.48227,-59.726746
-10.185323,-100.21567
-51.534718,87.87077
-39.309048,72.939156
112.61715,13.283277
-37.058773,72.833
86.14788,7.462916
91.08991,43.19388
-97.89359,-39.64882
-49.14563,104.8756
-79.652115,-33.35849
77.66642,10.017648
-12.593673,-117.660126
-8.423321,-73.08055
-49.780834,106.78408
-25.46926,46.370304
-42.356552,-58.805805
18.574907,14.499516
-42.839184,-49.4796
51.1848,22.756443
36.738434,-113.240524
6.1263256,75.86922
-46.545532,115.750786
-2.4124715,27.087002
-44.498993,90.69466
-4.7232246,-12.13621
-7.173518,105.971634
-5.760357,81.57074
31.329966,-60.040844
98.54619,12.715776
66.49022,-55.709866
65.24208,66.630165
-26.411764,-52.580936
-18.765194,-109.277275
-99.15283,30.10639
-85.33862,54.506275
32.530865,74.55708
-2.2276464,-10.312361
31.114246,-111.93102
-100.04031,8.367622
58.360287,-62.988537
59.988285,-44.289722
104.03312,-11.791121
-24.034513,-79.03465
-89.541534,-47.200314
20.992844,96.02388
21.641193,90.86637
-4.638462,57.488
39.60112,-99.99969
-67.66346,92.60973
19.401377,44.77862
32.95052,-113.859085
-79.84487,51.300026
-53.18247,54.633667
-12.360668,69.517914
47.37499,-88.19682
18.121307,43.400227
10.168984,103.28847
85.37473,16.094189
47.42006,82.25952
-59.104744,31.28303
-79.91167,46.38675
116.60526,12.50389
50.195602,52.32611
-101.55649,29.894667
2.3033319,-89.27747
-42.834164,63.24816
-31.650562,-18.10161
28.601051,68.89349
-28.881128,25.76575
87.51612,40.0488
-94.31475,-19.638283
-26.094511,37.96089
-43.812023,29.349936
-109.81084,-0.11024736
-38.403103,102.159706
8.955379,-14.610932
-53.282722,49.889057
37.585636,72.72865
51.388515,90.05377
-77.1184,-10.306086
-63.06698,-55.48472
108.33001,-11.113299
77.08343,11.229536
-32.00289,-16.669071
-89.887596,-42.26136
-1.250309,-14.831036
74.17263,2.6299186
3.9933727,51.60904
-35.25532,-14.924083
-18.94752,2.0584872
-56.57941,-59.4014
97.82591,11.20972
-41.080788,28.649578
-67.79029,83.352974
42.93936,8.4678755
115.469215,-14.934102
-98.563705,-41.951374
-14.011382,46.74016
32.233196,-63.866028
34.482372,-19.547077
-18.00831,-94.86826
53.742657,-88.17854
-76.43328,13.714976
16.945078,-76.26196
35.51863,69.038795
-52.961372,106.29316
10.422953,103.27592
-39.746853,10.1550045
38.713352,-15.9395
22.057217,-61.791744
64.19023,-31.465975
73.423996,-70.35906
6.4192142,76.34863
0.40125248,47.108715
7.988492,-3.3824325
67.89435,79.2241
-0.8493739,71.35883
-48.03659,50.48797
2.018112,90.46818
-38.73274,-107.54937
58.44293,-13.539789
-5.8158746,-3.9897025
-24.363075,-82.561485
51.573605,90.60037
7.8640223,-88.94943
-22.607363,82.19089
-107.446365,-26.875542
15.409609,73.28572
-9.932993,-33.421574
13.458687,6.0431376
-71.08879,-26.06648
-72.40795,39.071316
-17.419233,-109.869644
16.918571,-19.608791
-51.70796,113.297516
23.294447,14.056906
56.177895,14.997291
35.457497,-101.91065
-3.1915545,-75.17122
-78.10601,-14.494405
-32.57321,105.415504
35.69101,-61.151062
13.930225,12.157488
-60.859715,-49.227154
-92.18472,52.51314
-12.642163,69.70149
-27.789091,43.167973
26.892302,10.536246
68.00997,72.623344
66.071686,48.36802
82.11711,29.594067
-66.31429,-56.900383
54.09843,42.381306
74.99124,-32.828476
77.018036,7.498729
-7.592588,-29.50415
32.844704,17.693617
-50.714054,109.12366
-89.91345,-53.612717
70.65634,29.8942
17.821316,-18.209179
42.3755,36.146397
98.8789,-0.9225771
59.64385,85.41991
-35.29656,-94.28846
47.083736,54.522575
52.528225,94.95276
5.092963,30.123077
43.844933,39.974064
-86.84366,-52.973816
59.502487,-100.49912
24.077232,-56.29704
-23.252718,110.3984
-87.18914,55.36848
32.567966,-52.295498
-35.926548,61.794037
-20.853178,38.797485
5.7946253,-91.998375
55.636585,-10.337349
-33.604153,97.57156
-49.621826,-54.851284
-44.107548,-23.463213
-93.49207,34.866455
-33.08853,-27.984558
-43.64229,-49.081055
-2.4701283,34.699978
49.17533,81.42601
-2.3485456,-118.53999
-104.27277,-33.564407
-43.030098,4.8971453
-6.2281475,114.639145
75.877335,-34.72868
-96.77449,-31.129177
-11.880464,-118.4114
35.747524,-7.435407
16.949203,-22.499275
21.722294,-4.2984757
1.468942,66.12398
-66.29481,27.826672
-81.84056,-14.18701
27.827263,41.739468
-4.8909326,79.65197
-46.48517,74.40752
11.400927,-33.450485
37.550434,72.95368
13.588285,-53.158092
-29.198671,-106.33464
-51.193966,70.5893
60.3858,-55.505093
-2.857616,2.7950375
37.725147,-60.619812
22.911026,-23.751408
-100.30472,10.662093
63.51547,-61.345325
-38.38046,-95.355606
18.336512,18.190788
-86.9683,48.36574
-87.486465,3.9931216
-65.26941,79.73676
-37.808926,77.93102
-36.548748,-107.89447
-58.810955,-40.32601
-63.28951,96.96524
13.44696,-92.76598
15.608812,-88.67443
10.902624,-85.16222
6.794623,-114.15064
39.252518,20.691444
-89.57257,-46.657284
-68.21029,86.79416
-47.036392,115.96615
95.12845,-12.094117
-2.8709304,-12.072543
66.36502,-46.75675
75.223755,-73.154755
70.04368,24.94856
64.57311,29.49846
-95.23341,49.089054
-110.83678,-17.523184
-39.857216,10.110434
70.82121,7.13581
30.714128,-65.87585
87.41031,-68.14388
-4.4088416,30.796577
34.8499,-55.493324
-6.951224,71.842
60.550255,-20.965647
3.7673736,62.686882
-29.009058,-22.974323
-41.892384,94.93653
-43.28408,20.91188
-5.8964486,54.89564
63.276573,-60.44585
8.566236,-13.733228
57.002518,91.13936
-9.5825,-114.119934
-5.6238766,-116.099754
18.271833,-15.470949
75.166245,-32.190845
37.484364,55.341827
26.890516,53.83508
36.483597,-112.180984
9.754798,-37.469177
28.050346,-34.60921
-41.855507,-55.77452
39.99476,-49.805576
85.38986,9.048859
95.897156,-11.6793585
1.0635648,-6.3658032
43.746914,79.4939
118.25716,-12.46326
-10.070304,91.046135
-38.202366,106.002106
-27.49532,19.210585
45.602417,31.475588
-54.118294,58.136906
-18.033297,-37.31402
49.362736,-90.10686
57.880634,18.226952
93.81755,41.115818
98.21236,13.498695
-60.829517,-48.897564
-8.6,-103.93499
-112.037155,0.8063551
-79.047935,14.608591
47.440025,3.6558251
3.8734636,113.70313
-57.989643,54.147015
-105.87592,36.688515
52.34118,-45.888405
38.550697,40.683876
-78.12356,12.963208
8.470696,48.69736
4.1944737,-34.715446
36.533875,5.0293913
-94.96016,-49.563423
-76.728874,-14.889904
-34.576363,-80.87626
53.922707,-25.052359
-43.634403,-75.330055
-4.2378764,-71.88216
-29.638311,-24.881924
9.200849,40.833584
-40.946228,4.9628325
103.80905,-42.6426
16.313108,-20.87016
53.026077,4.913785
-20.239527,43.267788
64.83891,72.72485
-54.10241,-40.083164
71.47237,-63.96191
35.270996,-109.732834
115.286095,-15.203865
-85.883156,-54.81591
-4.519283,-12.152147
-88.216644,-46.50262
50.355316,52.304356
55.67438,-6.665031
3.6128497,38.472706
-79.59972,7.6359963
-3.3381114,-71.849365
-14.915595,-48.683754
89.06597,-29.37678
-39.49539,-103.58206
-103.06149,-29.72982
-108.81046,1.9346266
2.3749607,-58.816967
-20.820944,-70.94242
53.732594,-33.8909
94.23303,-54.854366
77.612274,-74.28902
99.118774,-56.379856
-97.523506,-53.081127
-52.402683,-84.75608
16.770702,94.77442
-45.674366,51.42863
30.609627,-64.943665
-55.277924,-31.570456
37.569416,-6.1840043
-24.677639,-49.181335
42.46142,32.293
55.66323,-58.294712
16.876781,16.296776
72.971375,50.571415
40.34087,78.89942
-38.270317,113.187
30.487017,20.649708
-3.4621444,-35.95207
-62.6243,-55.599407
-91.033424,-52.272022
-20.211132,-47.33387
52.197487,-44.458652
84.38656,0.6659862
-10.26705,2.291963
-68.06458,87.768
-29.032064,64.00835
-56.53235,-8.304494
19.662605,-16.504896
0.28246373,82.89434
31.817263,-59.695663
61.91328,-50.87597
56.45695,65.65314
-38.15947,15.501319
22.275682,-25.500671
-26.07507,38.009266
-64.639305,93.306725
-37.373203,-93.6229
-52.50828,54.63684
5.7036786,77.4165
-52.369457,55.477623
53.03263,-86.832565
21.185675,-50.987545
22.486845,91.09492
54.2848,88.95091
2.9853725,13.095155
-70.80969,38.38834
-42.313427,97.32973
-39.728935,-103.05783
22.28909,-64.473045
-89.07733,-47.06993
-60.693916,64.9866
83.6185,11.383654
53.450172,-87.2648
76.157135,10.709111
-48.99454,19.102118
85.649315,40.21679
30.204674,-34.974506
8.915291,-7.427048
68.15989,70.715805
-81.19749,53.729122
48.948765,-24.157894
66.33192,-9.904711
82.49177,52.47666
54.93894,-11.93116
-40.11284,22.828838
55.192913,92.33563
54.811058,-7.758557
-41.75374,-30.69903
70.44148,82.76183
116.416664,-16.942596
-44.269707,72.651344
-52.614674,-59.553226
32.872166,-91.70509
-31.4875,115.653
-51.193592,70.58613
-36.23292,61.790283
-24.90847,109.036
3.8580613,113.68096
67.81022,82.18852
-24.163078,85.989716
8.752852,36.69209
54.871094,37.791267
78.698135,39.679302
-87.05902,55.38252
11.808681,4.526809
-53.44096,-6.138531
90.957306,41.564087
-7.8589525,-29.635563
81.342896,56.653873
5.460752,73.65084
43.35885,-89.93833
-96.44383,-41.17234
37.345264,-60.842823
78.97387,-57.274208
-66.0928,-24.556435
-8.674299,88.85569
-33.3689,70.87898
6.130313,15.714812
-52.72781,84.65176
-32.269695,-32.51337
-22.503777,82.65411
-93.63534,-26.131788
-42.164288,-79.84412
46.956493,-88.87894
35.095776,-109.44438
51.810223,35.899006
-37.295246,-107.62153
-45.492054,51.740868
44.458088,-82.15069
55.49018,-90.77603
-25.469816,-78.883835
-39.588444,-32.09342
-71.38608,39.481697
-45.20049,66.64073
-35.455925,73.07433
51.04861,6.1815577
-29.777065,-24.722616
105.13767,14.950789
99.85874,-56.442112
-26.028017,-52.930935
-107.87537,-33.040195
42.677555,79.090096
-98.23616,-2.434787
4.9763904,70.8264
-6.5809064,67.97441
15.165064,1.7377899
6.794971,16.6967
49.53548,-101.705185
-2.830487,-3.3323913
77.50111,28.412394
24.311163,91.47588
-67.78915,-24.260513
-32.91765,110.11514
-64.62784,-24.409412
-40.791283,34.01223
34.19725,-19.920557
103.45618,-55.144474
75.37937,-21.539013
17.579775,-58.674076
16.689356,16.90935
-78.146774,-37.88724
1.7025816,-9.925822
-10.462849,-119.29548
-31.898138,67.71304
-77.707466,-36.358234
10.47867,-52.100586
-66.84667,-29.171947
-34.77586,-73.26638
-41.531628,16.319706
52.596977,42.702568
48.979824,19.078064
47.919865,21.0483
55.844414,-8.41377
-33.683525,-78.29273
-1.1207795,-1.0760674
-77.61457,11.163867
73.37978,-35.809628
-26.429857,112.7083
102.883194,-54.950516
38.182014,54.92997
84.54008,54.710007
-84.84139,52.54773
67.62694,83.25086
3.234875,-21.607662
-61.113422,-49.65357
82.74051,30.25975
94.23618,-54.85439
-24.46046,48.847496
-96.31217,40.14211
-45.6375,74.327484
55.367393,-89.27191
-38.241398,105.36965
51.491657,16.06059
50.828773,95.38011
73.47011,77.4133
10.265342,-106.10203
-77.57276,45.29878
-81.41684,-12.795275
92.48337,-32.586754
52.17572,-32.803143
10.2504425,112.359436
89.465065,-62.085155
41.17948,32.4932
57.72114,20.237658
-7.948807,109.751114
52.955,80.498505
-62.271503,-69.106064
-13.25061,-118.08605
66.53451,1.4913851
8.490915,-108.417145
16.331669,-45.446037
98.95809,13.492885
-42.18294,-44.206337
-8.380061,49.355534
-12.493653,46.946777
59.405754,-14.150494
57.143738,-47.08849
-15.274145,-23.098791
73.94827,-17.521662
-70.50359,-25.375294
56.78244,-55.719704
-60.115044,-37.781437
17.8661,-90.30992
3.3577454,112.765114
-109.023155,9.643742
-2.4988115,59.743607
-35.019527,74.07131
-107.02773,-26.655945
72.33676,78.621895
-87.344864,-3.973804
58.544365,-46.24107
-12.767435,77.24028
-47.38829,-97.990105
12.570851,9.901452
-35.4529,-13.501848
-106.7769,-33.856815
-13.505188,-117.23264
-40.941174,54.962303
-85.45371,-46.251415
8.499242,39.89376
-52.152096,93.65675
-19.728718,7.759025
-0.33920506,-89.86696
-58.74435,5.133856
-20.678734,-47.974236
42.54856,8.790964
-45.263294,49.976727
-7.1413813,-0.5502646
-2.339381,-75.8419
47.76723,78.207825
2.7861087,-21.593365
-54.149075,-2.606523
68.98267,78.64432
41.630577,-6.165531
42.72715,78.61322
37.135597,-61.488155
82.58465,55.040886
-24.297485,111.747826
81.65978,5.0085297
-6.431083,111.16306
-67.210686,37.55876
-20.292616,-48.281532
21.905704,36.335564
106.21579,-41.548946
64.36707,0.8606381
110.224014,-15.697241
-55.370075,-88.18637
-8.321266,50.9089
-60.56139,-71.07116
-38.699272,-106.94081
81.55676,-59.194843
69.67547,-18.578024
-44.86467,31.753965
1.5019727,-86.889145
99.031784,-59.802177
-68.30086,85.809235
14.903038,6.5879445
-45.029045,90.23039
66.87712,-1.6889001
21.030731,-82.05465
64.86115,-51.29206
-34.849842,-13.546403
-75.00472,10.393279
-4.384985,114.22538
58.277042,14.425477
72.63222,51.17983
-68.194695,87.094505
-51.48708,112.45257
18.876373,101.24813
-90.63492,-9.947382
17.884722,-23.037521
71.2699,-36.0343
38.4306,40.649303
75.30541,-31.964067
7.4149094,98.51388
22.704134,-24.151241
39.163982,39.08849
2.0440512,4.1856856
-9.217643,89.59398
-58.834568,-50.439842
-65.17035,-63.79795
49.27199,43.364826
-42.115788,52.88962
11.610994,-103.19054
2.78587,-91.777245
-6.591252,-3.479485
-61.89539,81.02433
-0.9212347,-48.067722
-57.104942,-6.636705
75.975815,51.0864
-104.90479,38.359093
84.87962,-27.358828
21.270102,3.9507513
83.86501,-67.90174
52.24421,52.06406
-99.4303,5.8992896
-38.23096,105.42064
-32.01032,27.55979
-94.0997,31.876797
-38.30082,105.65293
56.283672,67.86329
-4.4963923,0.5665833
1.1633508,81.58285
-44.44859,66.9925
-103.47744,-9.820408
102.76699,16.665298
-109.496826,36.489223
36.275215,-94.983665
95.9436,-54.468906
4.4599857,29.155348
37.052177,40.39554
-8.9184475,-27.29525
-102.31134,43.910755
47.21237,-34.55423
-21.407333,43.42061
-46.110718,35.994526
71.00144,46.562984
-6.1059694,112.707535
-50.01428,61.860504
-55.385654,-57.718224
-32.379562,-35.126854
-6.287244,71.680954
-13.8747425,-112.51082
-83.25523,36.96959
10.845712,-7.6356053
-0.28568426,-110.070625
39.68637,-52.616505
12.78815,9.950398
-46.69078,71.67084
-14.526837,-24.087122
65.033005,83.09379
-79.645256,4.6060863
78.237274,11.461505
-3.5415616,99.66969
-9.453926,-38.085255
86.0694,0.99286425
31.414625,-112.374466
9.712768,-14.856153
-33.681244,-24.686817
48.477917,-80.22774
-60.582447,34.19463
5.5903325,10.486917
10.849481,77.40301
40.79044,-14.047831
41.799065,-68.659096
25.088306,-54.751545
-22.618786,-53.670147
22.25382,98.30663
-46.19813,58.20153
-8.713003,103.991104
-53.42848,-34.19152
-31.728407,-16.781576
-5.5174437,-9.636741
72.06265,-7.893159
73.14486,-0.030703858
8.217357,-14.05105
-0.4392145,-50.00446
47.59537,-41.6048
-63.62703,5.89039
-0.52704495,66.73502
-57.57917,-49.77937
5.3949122,76.49462
30.308153,-115.81382
14.331069,-19.617308
-7.661455,109.34894
-51.2067,-39.663868
-72.63294,17.128824
-64.091896,-68.87701
67.32456,-0.2102181
111.50692,16.980335
66.8689,4.704191
-41.29385,112.33367
-90.49496,16.661484
-11.196546,-41.118008
-93.24886,-33.684776
-78.73515,49.26138
-31.323086,26.270147
51.70198,80.254555
-67.56671,8.672773
87.38679,14.527018
7.0007224,104.300476
-46.753006,-96.273926
-61.28487,-57.672882
-33.59179,28.911802
34.190422,-19.64571
38.160477,68.98479
-26.923916,-24.765852
67.96757,75.403595
23.355814,14.093986
-73.45659,14.477739
-95.05635,-50.638287
70.19826,8.940029
44.03009,-74.53412
-91.42983,-41.434464
1.7974985,-17.163538
22.872145,-42.71591
49.892742,-26.226965
52.167473,-106.2912
13.117442,111.995735
-35.93021,13.961851
-82.46956,7.472436
61.972256,65.484375
-50.00967,56.107475
88.2481,-68.22588
-45.846043,29.369762
5.88467,100.38492
-2.5574832,-23.800488
-50.28486,105.50306
72.542244,4.6856375
38.825424,62.44053
-109.31958,36.543488
56.5194,7.1240687
-6.6019406,35.23985
8.310702,-39.25195
-42.198875,4.753613
24.797283,-33.188995
-1.7748566,-89.24715
-18.939201,46.873962
-56.791004,-7.217289
-18.564844,-51.51137
-98.79699,-4.5408354
89.53557,37.56217
6.4148035,95.38436
-108.53914,36.552074
17.256443,-15.499939
35.626976,-49.98655
46.443645,77.59394
53.91218,94.45224
-28.808426,-26.999054
2.0870867,-5.5430417
-4.3093767,-73.13434
-37.682453,-107.34613
-54.11826,58.13712
-62.038807,80.69892
71.15433,-9.567336
19.887417,15.518038
-38.987297,67.86778
-28.507055,-27.310694
-18.857344,4.133955
-13.783565,10.161668
-23.994255,107.22088
92.10897,-58.544926
-62.774723,5.0236387
-47.45774,-76.738335
37.653694,-7.2839346
-55.71834,52.130424
-15.787907,41.22844
-53.220406,89.14878
11.106873,-81.69263
39.98132,-83.06477
-0.025545977,-16.81147
21.256453,10.395481
75.737434,-33.6967
-17.809471,-97.43984
23.871433,-20.548897
61.845436,-50.92952
-89.66811,-53.303314
-46.075996,49.239807
-54.042995,103.0961
-38.312782,9.244052
-52.879868,-86.75949
-19.197218,32.28535
2.7420688,-76.08914
50.350155,18.708948
-85.634125,-47.063797
-2.0619695,-89.71003
-90.007744,50.10155
56.200253,63.774883
54.09939,-24.917791
15.551565,-44.696404
91.91323,35.92093
-65.827286,-23.908274
-75.25511,-4.1516423
27.303028,-59.041557
-55.02613,-0.8550887
-5.8935637,1.370347
-50.746033,112.07899
70.514114,28.759636
-81.096634,51.962112
-57.29928,-12.821894
26.77688,-57.40344
-44.40532,67.12892
68.56286,66.588234
81.11234,46.414986
101.40148,-1.2705497
37.36872,-57.502113
-56.98181,-65.6817
56.177895,14.997291
-2.4729226,-3.0338156
90.88579,35.269554
-97.14844,19.111702
-68.06482,87.76797
-46.071445,57.525852
71.65872,53.222813
33.705997,-112.5735
-31.827057,107.05513
67.96761,45.273018
66.21914,6.6176596
26.741356,24.830542
-19.831089,43.38035
-24.473904,111.6373
19.515526,14.415389
-25.885382,18.657495
-2.374579,-81.99007
-56.98154,80.1966
17.831846,-40.174095
2.0647297,-87.16385
86.802635,39.106712
-95.382744,35.7722
6.768386,-33.65197
45.797073,-101.1007
19.78958,-58.536163
-39.588566,-32.09343
-104.66618,1.9570328
23.592115,-18.244165
16.093899,0.16061175
73.67524,-71.058464
-43.969604,20.912643
-33.088493,29.58124
-46.651745,-27.767328
-18.946947,2.1236787
-62.359913,-23.03252
44.45799,-99.75384
-48.23949,-36.36492
-70.46186,-22.3877
-86.399055,-24.499807
-96.55639,32.11889
75.24676,-23.089043
-87.369995,-0.2762093
9.391891,-107.69317
71.894394,79.12782
-6.571223,-8.527433
50.200283,-26.522442
40.611877,-54.514606
-54.222347,-38.793434
-97.74557,3.3831
8.903168,-109.729195
37.654037,-108.464
-86.64349,56.126633
-98.45785,3.2783613
51.278805,-88.291306
-59.130375,89.979454
23.00538,88.44589
5.6391053,-1.7272089
38.454453,-15.935733
0.31665713,-93.16364
67.90964,-22.655453
-19.2645,9.666298
-39.214256,52.133675
35.095245,-109.44108
-37.34653,31.562695
34.7732,79.87847
-53.208492,-2.2747066
18.28259,43.964626
51.578526,80.516685
1.194863,48.68225
72.7579,-25.811125
79.04405,-57.564163
-75.997795,39.204384
82.79726,28.327269
-60.583817,-39.82733
73.14942,-25.46808
-49.333385,-85.36268
8.92533,-87.64136
78.20529,-47.640556
-26.095798,-84.06961
71.101776,25.645334
-102.21091,-33.811943
-35.759007,-13.388932
-28.872093,17.93411
103.53228,16.955889
-7.512128,101.26728
15.222853,92.83994
12.636986,11.131925
-59.510258,-63.99207
86.04473,31.736702
-36.280373,-23.858063
-60.35438,-48.346733
55.281433,-6.6794224
-53.3334,104.15401
51.009537,-102.24718
108.04083,19.242804
-78.97715,-23.119984
-45.136288,20.847513
-23.673868,112.6295
20.138655,-2.2291415
-39.947433,24.257103
81.68903,50.204823
52.18947,52.133114
60.149067,86.273735
-39.812347,17.25522
-97.88281,4.8999763
18.541792,74.64967
99.85238,-56.445072
51.59133,-81.61434
83.12335,-74.304276
-9.130632,-119.820625
-44.629192,33.1114
31.381031,-0.09227373
-44.808205,33.191612
-59.621532,-35.481358
-24.284197,108.100266
21.30167,32.38398
42.027782,-6.98094
-105.2135,-24.470259
-86.4129,6.346565
40.05856,6.2220645
116.90173,-16.992775
-2.2862306,-48.66491
7.8145294,35.805557
-21.267492,-49.0046
-80.145966,5.3459625
-81.02334,40.744953
-110.88049,-17.677197
-2.76462,-6.67413
-7.916295,51.397762
-34.201492,67.859344
5.145185,-13.761886
-30.450634,24.671553
-61.75124,-40.91639
-79.45394,-13.961309
-47.594566,-99.53754
-7.2435045,105.68702
64.32978,-61.977776
-29.286268,-98.446335
77.26191,-72.887436
-45.813934,51.114117
9.790255,35.58122
29.836119,-36.173855
-18.950981,-109.26318
64.684616,-25.642723
85.88263,0.6374026
-35.698185,104.75196
31.385279,-38.540382
-18.018002,-37.810184
31.062866,-39.855316
80.713455,45.099037
38.924225,69.89048
-91.94269,-54.687973
-87.10262,48.294827
46.482544,95.35617
-19.067842,-94.7842
-23.44969,-72.85709
75.21111,-33.195904
66.158745,8.412656
-68.01275,90.458786
72.62638,-68.69987
-10.6244,-36.6465
75.86397,-7.075418
53.542595,-107.84731
-91.004036,-46.91305
-14.8006,-23.869734
-37.124996,-92.64969
-39.658894,106.1503
65.374664,66.11993
48.346718,52.942245
-14.088886,-114.695076
-90.10698,-47.19116
-33.841827,4.547263
3.0167105,37.8957
68.76822,-9.327068
42.09035,-90.22719
-90.84885,45.357178
59.536224,-9.879179
36.027294,-98.348495
31.911047,-41.55251
-51.540127,-28.22343
-61.630653,30.188072
83.64494,11.935279
-18.447319,-42.20176
-56.546085,84.93573
0.07259987,64.65338
5.863161,100.40192
-16.79702,-109.51551
-107.081985,10.338645
-50.334312,-41.439293
78.863884,-57.874493
34.210236,15.612459
37.358578,-47.587368
17.310497,-35.12514
-87.61643,56.36429
-28.765877,-105.724625
-29.483624,114.55037
79.26945,54.630226
55.672653,-6.6592083
-47.25473,-59.6668
-38.883038,-102.93948
-56.353535,73.13106
-65.50826,29.30449
27.175266,45.293262
-82.11009,30.33345
-75.859024,13.850642
70.125435,51.374973
51.76225,18.238432
-7.462435,-102.62655
26.886534,91.884735
-10.694497,-40.89161
64.3287,-7.2962284
-2.2929525,-18.505688
-77.41067,-9.778428
-3.1293178,68.70474
99.03742,-56.73667
-6.233423,71.77112
15.492488,13.847772
-34.27301,-24.521254
-38.30082,105.65293
-5.227808,81.80124
14.130158,69.685585
-99.26745,5.782212
-6.7406435,67.759384
3.013542,34.768387
-87.734436,-0.77605695
-2.2650948,66.55295
-53.916573,-33.54079
-28.509857,22.6451
-61.12768,9.276565
47.272964,-2.1812403
24.827894,100.38567
-74.304665,13.407512
-86.81732,-53.077583
-64.7194,-63.923462
-5.94289,26.74842
-1.4168755,-20.231728
-16.09821,-69.39123
45.42552,31.548
-48.284058,20.66904
-23.217844,47.754112
76.15783,10.709494
-91.14701,-49.167675
-44.611088,73.21618
51.664337,83.33643
-8.297091,18.676846
19.62522,3.0615454
-38.62551,81.12097
-62.597866,-23.497332
13.689334,11.929612
-99.45478,-5.297154
-81.56807,-14.2203665
-7.2328467,-116.78703
-35.634212,101.266624
38.739788,-0.8436905
44.79765,-26.790466
80.19381,-33.525032
76.1582,13.84823
7.7883296,-92.749504
-61.914314,-22.901865
-39.74875,106.43329
-35.374744,-0.9822035
-58.061386,54.872276
99.013954,-57.204388
7.3168187,32.372925
80.731865,-59.044243
23.860691,-56.89306
-45.098465,-16.951712
18.742037,-59.393284
51.216507,85.074326
38.60877,-111.49025
7.002594,-20.509539
10.145891,-7.2999873
85.89298,40.188015
78.210396,-47.637756
36.20471,-50.573902
-32.02372,97.794014
6.8093023,-33.777596
-39.500538,72.966324
-13.442857,65.58785
56.339058,-24.448505
-16.98455,-23.96674
57.61679,-10.305558
-50.726162,-25.11226
39.413593,-53.50558
-98.45684,-2.885561
28.042913,-39.08726
-35.671288,9.772271
101.69382,-9.621268
-2.5101254,2.5960789
80.94338,-69.90843
24.881327,89.61421
6.1006093,15.532848
-62.822506,-70.325066
36.703606,-113.448204
90.21596,4.7903776
-45.968662,-44.168938
-78.12356,12.963208
52.675297,-88.99786
-12.940927,-23.558456
-75.73542,39.805264
65.45671,-55.83638
-61.379074,31.186205
-27.170351,-52.880272
4.4179816,-14.41215
4.521856,-34.61806
-26.395927,2.5594115
-72.291916,37.329803
27.073055,8.625417
30.55553,-65.23115
-41.505127,29.861776
-71.32482,-26.36552
28.363522,-38.96625
-43.103218,-49.434517
14.934097,73.09498
113.12423,12.197526
-93.25637,-33.59356
21.60306,36.372433
23.258204,97.9074
43.67253,36.58786
-63.712334,97.58738
114.15453,15.696404
-19.985672,-80.32875
52.454937,-46.231285
69.792786,51.20423
42.52379,38.232983
-68.11588,84.05394
17.545,91.92741
76.75375,32.338432
-103.44372,-25.865223
-36.92185,-75.96257
-13.107844,-46.68967
-70.963974,92.08124
-111.38258,1.042994
39.30454,-52.22581
118.24955,-12.480476
-39.966347,17.148163
-18.73609,-28.09332
-43.93512,71.69498
27.866453,42.758823
-26.93387,45.567226
55.636078,65.63874
-47.069576,-38.467205
-13.182176,48.237717
-114.57755,2.9693549
0.15725656,46.19392
6.097198,-92.474495
-77.41364,11.375318
-21.247263,-28.446783
-6.6019406,35.23985
79.32535,-59.909378
8.547043,-39.493584
74.74248,-29.717836
3.1894703,-21.239702
-94.77743,-8.20329
-24.592773,2.0066595
-1.2326429,-48.554684
35.845734,-7.4201193
54.091118,-8.179421
-112.89425,-17.086626
53.923058,-34.97755
78.99637,-58.505188
14.672317,-79.209015
-32.68246,105.37584
-44.01093,34.11848
-3.4381747,99.10624
0.21988657,-16.623451
-89.28662,-50.123665
7.135627,-114.409874
24.928658,14.800796
67.80319,-22.96635
-35.42573,17.788366
59.49712,-31.85249
8.366521,67.05818
9.406207,-56.464725
-42.52099,-77.87191
-42.694912,34.268806
-80.39423,18.687458
6.2383394,35.576805
-100.585556,-27.591135
20.209677,-16.598314
-41.95978,7.219441
21.163239,-37.072643
67.620285,71.970634
-114.621185,-0.2641646
4.9656506,78.37301
-37.72235,-77.55611
72.201614,-31.923813
-77.80826,11.059211
-98.223694,-2.421237
16.49237,16.361877
-5.0203695,112.1005
2.5215175,4.141088
2.0104263,-10.99114
-7.6196537,-3.0481188
66.42116,-46.451736
-34.968845,-17.300518
-97.48264,3.0538554
-3.4171097,108.59511
81.748604,-59.210014
13.89356,107.139595
-1.9822809,-71.72562
-7.0515485,50.76474
9.072549,-81.67323
16.589819,-17.044718
-74.051254,-32.849716
-48.912796,-78.58659
20.07279,5.0595365
65.495224,0.6675308
51.14463,-105.1424
-33.337345,119.13714
64.86176,1.3938459
36.39672,36.748753
-59.38012,31.656458
7.3972135,-115.78637
-75.238556,-0.7682089
-104.97903,36.69135
-10.293444,-109.34774
58.206192,-46.77302
-112.08113,-18.500734
53.232567,-106.2867
-34.63235,99.53394
92.73443,39.201794
55.83361,-58.739002
-13.410526,-112.50615
-30.98482,80.76909
16.564528,-36.965355
18.651535,99.937546
-91.012146,-56.11518
47.590202,81.492584
76.32317,13.893913
71.25749,25.81258
-88.90481,2.1002564
42.432247,78.3858
-51.514072,86.85345
-12.969193,-117.441345
-64.25411,95.60015
-26.605116,-17.580046
-70.88089,39.009808
89.30596,41.915
36.969536,-55.447258
30.053238,-38.309406
24.53812,-20.290558
-46.30325,10.448273
-21.642385,-50.072945
-3.576597,66.84824
-62.16639,80.01967
-34.0188,66.74553
46.749416,-88.62063
-3.7064743,31.086103
-94.48337,-21.85461
-44.20226,-40.101776
44.892017,-76.16815
83.969765,-4.4755034
28.273138,-38.85917
-82.75134,4.2960553
-80.04475,3.5084977
44.69376,-89.88379
-49.6069,-28.482826
5.3799605,77.65684
38.97278,-17.454378
-21.085932,-75.46497
-38.463623,67.33112
-52.78734,88.96974
25.270538,12.774402
-81.930145,42.004375
-90.25502,12.294298
33.39802,9.536706
-46.089794,22.309072
-87.35594,4.0167465
-62.35424,30.092838
-6.374836,72.9123
35.657642,78.97566
35.421936,-79.03925
-7.841295,38.894867
49.861286,21.302734
-97.80136,8.344309
62.482807,73.768005
55.728466,-45.190533
-54.494514,-0.46060348
-22.975895,-45.12214
0.1136494,-17.663084
98.873566,-0.93911844
-45.05867,90.231606
27.55333,100.68547
-41.87217,16.412748
73.57558,31.2064
-51.30946,-39.67141
92.91991,-21.959692
-43.940556,13.847968
-49.510185,-55.4534
-101.5355,11.311944
-8.794676,17.860844
-46.54324,21.321905
-32.66324,110.62692
-54.146706,103.46042
35.7653,-14.319049
-64.60987,-59.775352
18.007435,-59.75383
-31.906202,-105.905785
99.078224,-26.09782
79.31007,-73.227776
67.78387,79.40177
-42.214466,-79.8229
-28.604488,-105.359474
-106.47096,-29.123878
-0.3150615,-6.194032
70.959496,-63.911495
-14.667084,-24.483183
-49.249737,19.825132
54.20834,81.10711
23.798807,16.143137
-10.479243,-60.65742
28.389574,71.7536
-78.06093,-43.41613
86.80063,-65.33463
-37.13976,80.71414
89.08708,41.95519
46.804256,56.472355
-60.13583,97.4772
36.48962,5.0110526
-21.331495,34.863403
-79.98211,43.01074
55.578472,-7.2311354
-5.312089,-2.07729
40.183334,-13.363647
-100.00098,-53.53816
-33.244236,28.964201
-91.74481,51.102512
68.097565,76.27125
36.312447,-55.259426
61.329254,74.548676
-3.6438272,113.72819
46.355556,38.09346
-3.7458313,108.26873
-2.8981667,67.25498
-64.09564,33.565258
59.528263,20.580862
43.778423,34.81406
72.284805,49.99641
-73.937874,-33.10023
79.150696,39.83071
-40.635883,16.844435
61.63399,-59.941563
-7.52021,-72.63598
75.55827,-23.603733
-56.580006,101.678185
-55.676834,57.09726
-91.15551,-47.202995
54.459625,-85.59921
-16.581686,-24.802149
91.46782,-32.571075
57.868492,87.31445
-42.319153,6.3819203
73.36359,-34.820892
80.4924,-21.955894
50.172466,-34.1994
-10.598378,-40.64091
20.786503,17.502691
-11.428272,48.491413
54.18893,41.733067
-17.89603,-49.58245
-7.6946955,45.1871
6.261024,76.652695
-77.8408,-36.960697
54.811543,-54.909184
-61.041798,34.894817
46.52682,-89.42239
88.278175,33.120975
21.07293,95.974815
20.992392,7.7923923
-23.690027,7.4920974
90.12458,37.225155
89.57897,3.6058488
-32.348766,-10.7161665
-109.27125,36.486782
35.805424,78.99941
-33.238842,-106.74599
-65.70985,81.73663
-0.59027296,-23.022146
59.494595,20.54959
-15.430054,-52.875248
-18.284554,-36.290676
38.786526,-80.27897
-7.175772,-102.86675
28.528809,41.149662
84.1432,-65.53101
-37.802856,14.07904
40.714146,-82.012955
35.83321,-1.8076769
49.130016,81.19575
1.5507681,27.35697
-16.852602,-51.41037
8.492383,10.223983
-102.7399,-31.026686
-8.2589,18.655535
-63.243652,-25.590137
34.404797,-90.70611
67.963486,75.866
74.96872,-7.8691053
-49.82322,67.10895
44.8661,-99.58675
15.377675,70.24344
-29.9291,-13.217778
52.430172,-44.56242
4.6349897,-34.509357
70.6109,29.418077
61.693,27.189236
-41.453335,95.092545
-90.63454,14.434911
-78.87914,49.91234
-86.70566,-52.864513
-9.168691,103.72353
-41.81345,29.826492
-47.507553,-81.35494
-7.5759387,32.426033
111.85899,-10.145818
-47.106907,-75.88259
68.95861,-35.481445
71.993774,53.50538
59.988495,-44.29018
30.772755,108.39719
19.08865,-64.48042
70.6109,29.418077
30.98027,-34.969204
50.896133,6.484401
-38.7279,-88.52942
-12.696236,64.85183
-5.8155437,-9.957081
-26.512209,3.245848
79.5569,-44.982464
52.597004,42.702618
-7.264488,-29.238512
-21.678707,42.355377
110.87947,-7.940203
-17.335653,3.407928
57.970535,40.827827
-61.29133,-9.900602
-38.755367,13.465858
9.2854395,-14.813922
-14.945887,-33.934875
105.56156,-10.473816
39.378605,-51.59953
-65.98048,-24.28952
-24.794046,23.936188
-85.45216,-46.252037
-23.684124,51.516273
-34.698425,-23.299328
-65.51367,31.36246
-67.60399,40.009464
-12.908609,45.494255
-7.0220833,115.297806
-8.370464,46.682194
10.558586,-45.113358
-33.78351,14.148104
-28.569796,-105.32904
-51.400154,-39.45112
-7.1371365,116.05837
-64.38279,30.886871
2.9278934,34.530476
10.732921,-11.076729
-15.36679,-105.68696
15.897606,93.112724
108.72201,18.454605
-75.18551,-4.2232037
-29.823961,-48.132256
-68.01275,90.458786
-67.8303,89.94845
67.845985,13.335367
-25.376856,-25.601522
9.855988,-16.540607
-40.94207,2.6875086
81.193504,49.36565
-38.002815,105.04009
48.736275,-88.90057
6.6365914,-92.89727
104.50997,-42.815205
-82.52601,-33.331238
17.69687,18.21252
-14.946779,34.16943
-61.77912,-40.90618
60.78032,-55.99719
-78.07658,13.639053
13.426762,-39.562347
-71.34026,-26.281078
22.244783,-86.73813
23.62127,-19.390968
33.840637,-54.349976
38.033146,-62.32456
51.084682,-89.10972
72.466835,31.838774
6.7706256,101.66587
-57.211704,-8.772052
-2.17915,7.588498
-8.139297,-100.57132
-78.78384,49.65901
56.748646,89.70757
11.312257,-94.863525
56.496162,-91.55697
-78.86527,43.058895
-46.293118,36.81427
-53.66168,50.11083
29.14171,40.41853
46.485836,55.09113
5.51735,75.45816
-46.285854,-38.437138
-65.201996,-65.10136
71.3836,74.19516
-32.28587,-18.09586
-102.44786,-25.79089
57.33667,-55.826256
-91.01154,-56.11512
-58.492485,83.13653
43.56031,79.112656
-9.720143,-101.209305
-8.183875,-74.53736
86.67073,14.296093
-5.5147657,-116.630226
-19.517445,46.58531
70.037704,32.140137
-37.028847,-106.64297
70.06111,72.6024
83.21113,43.326042
30.382671,-65.739716
70.92493,49.289455
59.324184,-11.398234
102.695656,-55.28162
80.040695,-2.3924625
-101.48986,46.334637
-44.42578,72.927505
42.356308,-90.35507
17.730692,75.7785
105.911736,17.257845
-31.504751,78.419914
14.590142,-77.9454
-34.792637,-17.416023
-32.77919,106.78328
55.918747,-7.7357106
-31.952175,41.71313
62.822594,-49.398846
-48.518463,-93.56608
5.9256334,-1.4728171
-73.97865,-32.9933
-3.6304367,31.16829
65.23269,-56.389587
-96.3743,8.091462
5.935162,-92.09085
-102.25784,31.051714
-52.25882,92.98875
-101.89236,31.060022
3.3681915,-102.56427
3.6078558,-88.519226
-106.50812,-25.278513
-26.821754,17.325268
-17.570642,-109.8626
-5.703547,72.074646
34.440342,-4.076465
-46.222557,-85.661766
-25.333952,22.64467
80.46634,-4.643812
35.298405,69.05451
-10.23425,104.35697
77.05978,14.468642
-34.524395,14.267625
54.810364,-7.758574
44.94728,9.356486
27.029772,53.348488
68.05213,85.36387
40.444252,78.5366
70.126976,30.555243
-15.09472,-71.04506
-80.589714,-13.905861
83.929184,11.148922
108.57016,-0.51140654
40.708557,-9.454726
-47.824543,-59.271698
-7.882382,110.44836
110.2639,-14.132883
-104.26805,-33.564346
101.57125,-9.254517
40.258247,78.42161
77.48314,29.052168
-40.964214,-76.9681
-18.947376,2.1327622
102.809746,-47.718132
-98.22263,-2.4220111
26.207863,-39.5221
63.19009,-7.3843703
-1.6445342,-19.89134
50.682724,-45.144993
-31.453127,108.56453
-28.918102,-106.15203
-99.17176,29.606283
72.6687,-68.659096
-57.355286,-49.869755
-49.292854,116.1061
21.57961,18.11384
54.849163,-45.33951
-4.773434,114.22244
-58.0516,73.434875
-37.01574,-74.03812
39.50146,-1.5347036
7.577391,-80.99795
91.887024,-34.372528
-44.226074,4.984029
8.547148,-53.878403
-50.039127,51.548344
13.663973,78.78356
61.35437,-27.51994
-60.625843,81.4708
-20.27081,-47.756577
-23.536758,51.525246
-25.648539,-25.726553
10.9910965,-84.64518
34.721638,-91.349915
81.55411,53.82589
45.898834,39.354435
85.64879,40.216854
-83.82202,-43.298748
32.754845,-58.225075
1.7892436,-59.806946
89.464516,-62.081203
48.954685,-28.376007
73.09449,-34.08761
30.84411,-34.522785
40.743443,10.348176
39.553505,-86.76663
-14.247399,-45.72581
-78.34376,13.316719
-80.90851,35.83845
55.728466,-45.190533
35.100983,80.183266
-7.2262583,-95.97016
-37.316948,32.495842
-111.12499,-19.139324
32.369354,74.438034
-113.25625,-3.772476
-46.82393,-35.648304
-38.011353,-107.19938
37.445477,-113.89288
19.918602,91.044075
46.443645,77.59394
53.73259,-105.36135
-29.483976,114.551834
-16.39307,-19.55098
44.959805,2.869329
-29.71495,-21.983139
-109.68804,10.141066
77.55616,-25.068789
-61.76789,79.84926
-52.55306,42.187584
99.11499,-3.3387914
53.905994,94.54236
-46.8141,-25.22735
6.566084,72.507904
39.91742,-10.175333
42.938217,4.772356
-15.124724,-69.74633
5.9962826,66.26643
-7.65746,73.88294
-34.724377,59.710377
36.82636,-90.11067
9.2450695,-14.658383
-80.329056,-1.3934306
-47.596855,-42.864353
31.862736,-41.40219
12.979203,78.94201
-13.52354,11.797866
9.934366,20.272556
-74.88221,-9.973852
9.951147,-38.24814
7.6403313,-36.84462
28.056112,55.555355
5.410365,37.00038
-28.506449,-0.83924043
81.13544,51.66972
-52.544464,-84.8738
7.726667,-19.035786
-1.5300138,28.027067
-11.050299,-4.2091126
55.66013,87.75143
2.7524545,-76.08932
107.09841,15.474837
-60.565315,81.63021
-40.879158,-31.456055
-67.60704,-25.812025
-68.56983,31.713413
-10.889081,-39.935585
-98.2371,4.9636035
53.154484,-107.84965
81.05969,50.786137
17.355803,95.20004
-107.18991,1.5200839
-18.219408,-105.89332
59.951153,-16.125559
29.536764,-35.143116
-40.99938,31.14928
-105.839096,37.72399
73.6883,76.22025
118.11813,-13.312178
34.552917,-19.461258
-5.568566,113.081894
64.67707,-59.77111
40.944023,-69.42545
41.486645,78.44405
2.0867038,34.06317
-53.26982,57.692703
-6.4220347,74.22054
70.52216,6.9288316
57.476482,-37.296925
-55.080063,1.7846137
37.65734,-17.15193
-97.88103,4.7440653
17.608612,-18.60396
-11.550726,52.960037
-103.76422,5.055153
25.176798,18.495926
13.458708,6.043161
-41.811394,16.293179
43.235287,-88.56706
-64.53027,-65.51342
-47.68862,46.608597
51.227226,13.870741
-82.09031,-38.87843
-16.303215,-20.90034
59.7714,85.39975
68.75324,-35.647453
54.99566,-23.086842
90.35075,39.11277
74.24973,-74.89219
-16.794441,-37.615005
-63.790802,29.850134
-40.87653,-75.45265
98.92078,-29.971863
-7.749088,-110.28554
-7.9667788,-52.549446
77.08362,7.6291876
44.67957,38.76204
98.12752,-21.285982
-53.154324,54.322273
7.244407,-114.18927
-96.83273,-40.684708
50.4198,35.302814
-30.17666,12.462105
39.774353,37.573143
-29.3254,-106.27894
-50.537384,72.359215
-3.7065206,31.086025
-16.342213,-21.007933
-14.080786,-41.800385
62.558735,28.373466
13.062572,-39.52933
20.03487,90.99152
66.99031,27.784792
45.919575,39.28276
-34.514214,-99.98878
27.752796,-18.517145
-96.69992,33.207703
-25.6584,112.77003
25.06555,19.532766
-58.31329,69.64962
33.649273,-108.53736
-52.396862,69.96598
-31.61466,42.043568
-55.144592,85.80903
79.2539,-59.5713
-29.261566,-98.634026
83.342125,-74.389305
49.27258,43.36469
64.862595,-62.470215
-107.98618,-16.520548
35.53686,55.57458
-12.7414255,80.67091
73.81181,-29.67428
99.57049,-59.472363
73.411194,75.35619
-93.49837,-12.796681
-4.217344,-73.78688
-68.21478,84.324745
-20.384378,-81.07951
76.97457,-74.82995
-22.253866,41.97519
69.89175,72.247055
-7.60844,90.130104
-25.344608,22.697382
74.96858,-31.432304
-7.9399366,-3.8586252
60.347034,-30.922718
4.742062,-90.15461
6.3779035,15.046382
31.574593,-110.283195
-8.169758,-58.09122
-55.2948,-31.428818
-40.912113,31.059471
35.768406,5.0171466
44.068924,36.59064
-6.7542963,79.66789
-45.529926,114.0585
-12.979291,-23.557419
-46.79887,-24.394371
-14.130411,-41.56843
44.43858,-90.5418
21.117981,17.253319
-3.070149,108.96609
36.254448,-110.36956
-15.553871,-23.025724
-0.7593922,-56.648582
77.006485,7.6265116
-39.70552,4.194958
32.229164,52.522343
50.61393,-33.835724
80.19839,-33.427185
-6.3739243,72.7989
-51.764236,113.70429
-31.918858,-10.790588
-16.619757,-69.666374
-99.42245,5.9257684
-38.874134,112.99389
-0.7237625,-91.11388
-52.292732,55.79255
35.01317,66.90205
2.2071064,-58.947586
-17.153404,-45.53044
-52.292732,55.79255
-59.796276,81.07196
83.83219,-66.33329
6.717387,-24.618101
-38.205566,2.9478576
-26.53679,-0.90250856
81.55676,-59.194843
-42.083214,-75.87335
26.799301,10.448086
-62.166397,80.01965
18.57502,14.499453
52.43019,-44.560818
75.15895,-32.211426
-81.75188,-40.017956
95.326675,-8.301309
-77.051674,2.5808268
-44.923676,33.41721
-38.886436,99.873505
75.957054,13.851908
-41.981762,22.969433
-61.79695,79.97023
57.49861,66.97893
-55.02499,-0.8500474
-37.175636,-75.85731
-31.465918,41.913532
-64.26305,-24.853058
-31.174583,115.53221
50.8881,-25.652954
-33.81178,12.671644
14.162149,-8.888513
61.42628,-7.1857576
-51.70716,-28.139933
71.82593,53.400024
44.01504,-92.251854
49.941177,94.968956
-88.34201,-28.103487
19.706846,44.828503
38.62044,-108.37548
-107.60013,-1.0779057
12.745334,94.90739
-0.29335558,-17.75215
105.205414,13.864078
-108.85447,-0.5872335
-29.059246,-26.922615
7.8231797,-93.77171
16.333214,16.100319
-79.71245,17.477201
82.9071,34.553726
14.349271,-38.884842
-81.727776,52.083076
-79.96063,29.862095
79.80251,-53.273808
63.180855,-54.80194
-28.55655,-105.70584
-79.265594,14.95045
-79.54192,7.437739
50.68229,95.04605
3.096564,-91.85788
69.6439,-20.282202
-7.9986176,110.0854
-8.719416,-98.64237
23.783245,-20.469244
-15.580479,41.203964
-85.42382,-53.723797
-12.964292,70.37791
74.048515,52.817337
-41.155514,113.893425
18.105461,-63.76145
-71.23203,-26.298792
25.593674,96.953766
10.583797,-38.446293
-3.047175,-18.48279
6.2964044,35.48016
52.13384,-45.872772
35.64359,-113.299095
-27.020773,-24.509354
50.931587,-103.42329
81.03018,44.483337
-13.558141,-111.750244
-82.38547,4.4213033
36.480576,-90.26607
-87.29138,56.21294
-43.111824,-43.14342
73.425514,-70.35881
85.43797,15.955007
57.08506,39.748547
13.145971,-17.061378
-57.28465,65.6576
-34.144333,66.69116
74.69532,-6.751114
1.0635648,-6.3658032
-38.403084,102.15946
25.244453,13.238865
-95.03545,-42.883724
-23.9343,47.770374
-63.379616,96.70033
52.878773,-26.386997
-36.256115,12.124323
33.96117,75.35345
77.501915,28.412422
67.72519,-4.3092604
-49.53775,71.89092
-90.56523,-10.084799
-106.106255,-28.619183
-48.803497,110.02357
46.752384,-40.567867
99.00971,-2.8280969
-31.812824,41.946613
-49.184242,-38.159054
3.0003211,34.749046
54.722626,-7.862309
-24.942003,23.5753
-94.29144,-19.753706
79.2159,-56.7723
-26.30463,2.982234
14.928111,-92.94787
30.911785,-92.034
75.38571,-17.739777
109.63941,-0.13561378
-26.001268,-2.98349
-8.437291,-114.832985
-2.4785042,28.976736
23.005207,-37.02285
-14.285761,-47.55028
55.233078,-7.4642034
-50.69966,-33.392365
-62.357033,15.721819
70.949585,0.9080235
44.524834,34.796894
66.31148,7.681919
12.349752,-75.945564
16.316519,-20.499865
68.52908,50.183105
-106.15301,-25.887774
39.634453,-55.090267
85.578865,15.697128
31.194515,-64.4031
51.208885,57.97004
49.20956,-24.542307
-98.32612,-31.110586
-43.56724,71.43924
83.11564,31.9754
-8.216129,-51.80535
-35.46021,9.952218
-6.863886,42.108917
73.30628,75.743645
-27.1696,107.59437
82.778366,43.39938
-12.471825,81.3202
64.80247,7.2773414
-21.369043,-28.941635
74.81995,52.966095
-13.507943,-111.291504
0.8583451,47.60029
42.28152,-90.066574
54.870243,37.790436
18.27347,-39.979454
53.261158,-107.6686
-23.629475,48.20173
67.96795,10.592155
-13.293289,65.94911
-6.8224597,111.228264
73.48454,-29.603552
76.45989,54.76912
-60.444828,75.944115
50.644207,22.36247
5.3949018,76.494606
28.460718,52.896225
-66.12021,-67.16251
117.243225,-14.38215
12.3573475,69.23065
-86.56988,54.89207
39.327194,-12.686355
-40.938957,-79.38073
-81.997856,41.434147
-6.2128487,114.18062
-107.20401,1.5111526
-24.112144,1.2879422
3.6220157,51.857445
68.569984,-21.17855
-114.61634,-0.23396115
-20.127241,43.267185
52.689423,-86.885635
38.726334,37.59392
40.195343,8.297224
105.21613,18.413528
13.717446,38.771297
51.457844,56.59724
24.374874,14.638993
-14.039552,-48.694714
58.433964,-54.953712
-78.03598,12.222042
-47.93,-98.34645
-27.439377,-53.53105
5.810871,-93.04224
54.75439,-6.9615088
-92.97932,-12.312972
80.42685,-2.7378418
-65.4458,-55.636307
-58.523365,5.2690244
38.872116,-109.148125
-1.7153882,66.005035
64.22201,22.23402
-94.181206,-22.078228
45.548145,-90.31851
36.125797,-111.7254
-27.873463,-0.12887576
78.64753,-73.82828
17.038322,-97.68654
101.9708,-9.924277
54.22945,-105.84947
-3.6934884,72.30598
97.98184,13.193214
40.444286,-4.720299
39.857166,-1.9257761
79.66466,48.498295
59.40525,-100.69087
7.3450546,-114.18088
-72.28246,-26.963104
-14.069983,-43.400036
-3.4922905,-35.973885
87.37213,14.432661
67.84183,-22.977491
72.62638,-68.69987
-24.383839,-48.89014
103.595406,-28.240623
51.213165,58.23454
27.712801,-21.840658
3.4405324,113.057495
-97.44419,31.969324
9.820519,54.31777
-101.84646,-11.3097725
42.17343,-69.353905
-59.75725,-63.568916
-91.42609,51.197315
73.96752,-31.347126
-81.237335,53.64115
36.63181,-54.485035
-81.96408,-30.116997
-12.083257,20.492851
-47.298008,-97.891426
53.32957,-34.4862
78.99236,8.120621
16.799028,-45.525158
80.95347,49.76513
-8.261453,-99.13236
9.754796,-37.469173
-59.904507,-58.933636
67.42416,13.136578
-39.127705,-105.672424
-78.25959,39.034573
-13.389614,45.098705
-41.345245,-84.65593
65.595055,-54.874966
-46.641926,-26.339148
-35.06097,118.71203
-43.688164,91.2981
-8.0456085,-72.26681
-102.42965,7.345098
45.693447,38.745354
76.66547,-36.92999
5.291564,10.60686
99.81131,-56.429638
-40.319935,23.696728
75.293076,-21.328875
-94.96016,-49.563423
64.58982,-25.472122
-9.715936,-27.038462
103.36262,-10.572631
-51.534893,87.87106
-36.649937,11.957798
14.3553295,-52.163147
-64.13287,-63.849968
-0.8591468,28.794327
97.99522,13.231887
-43.288494,13.876685
-50.026485,61.807884
50.929356,-12.540101
-103.34781,-30.29177
-3.106349,100.01146
20.896938,48.921185
28.043064,-39.087746
70.26866,-64.55079
-36.470837,6.971132
42.676453,-79.32533
-8.0140915,-52.701828
73.79745,-29.944302
-53.96903,-86.8514
-50.08123,-27.574526
-24.297485,111.747826
-64.96389,-67.02935
-35.599728,63.931633
-63.61388,78.044785
74.81995,52.966095
104.57895,-42.846466
73.20776,-31.75693
-65.57403,-68.011696
-7.945223,109.74342
-48.40056,-80.19573
42.987705,5.0528555
76.36367,-74.2577
18.875069,80.43605
-13.081341,-48.94839
60.77652,-59.69335
23.981226,-56.520096
-61.377857,31.040882
-0.39095047,69.73384
58.328083,-62.880325
-32.24211,97.90069
-9.38484,67.66064
-54.114708,1.1107023
-53.61927,-2.9472501
-20.96622,8.823411
38.670513,10.708827
84.18713,50.52041
76.45988,54.769238
-90.813126,-9.851919
46.30461,-27.74025
51.27748,-88.29127
108.73741,-12.500005
105.13745,14.950856
-1.52228,28.02895
76.350716,-49.18876
81.18426,51.513252
51.253128,-45.210228
85.245544,-68.02844
0.944968,-76.539566
106.36033,-13.5751915
16.793228,79.71359
-50.01635,61.86041
59.10203,-13.7037325
-115.58134,0.6530775
25.47588,13.06808
75.44996,27.107025
23.971426,-19.065973
-8.0060005,73.07803
39.562683,-111.39796
-48.937843,73.41895
-102.41452,7.346732
80.27529,41.601795
-67.90229,-24.650726
35.515892,-16.91853
107.2613,15.529017
-75.55434,14.265243
-86.84423,-52.974834
66.32824,-57.48782
-33.263386,106.28263
53.230362,-86.53983
-80.82812,30.75901
54.105946,42.105484
35.764297,-50.09448
-47.106907,-75.88259
-1.4291797,-20.208347
14.906547,12.455566
58.4326,-54.951897
-33.38062,70.540405
-115.03553,-1.3295627
83.04056,-34.016
64.86106,-26.214817
-86.91583,55.179806
38.786125,-89.1943
12.3893585,69.256516
103.49362,-42.456566
-59.361877,-35.537846
86.1592,39.597954
22.237715,36.64533
39.600224,-99.99828
-27.207314,-28.039253
-84.72587,-42.630478
-41.18768,94.43318
-49.487614,106.18572
33.56084,68.80185
22.21969,16.294203
64.41973,-25.154459
13.466166,-87.270676
54.18893,41.733067
-79.14167,-39.31701
92.33572,-54.964375
-49.234707,-79.10139
-8.166866,-111.51215
-12.309662,-46.297787
-17.254045,-110.09818
-97.523506,-53.081127
9.199312,35.397396
-19.547363,37.00047
-48.51543,20.491377
39.762016,-0.20758073
-46.770752,-95.630844
73.70701,-31.034575
-102.7324,7.059603
-91.24122,-41.415047
-54.59211,104.81593
-4.462567,-72.06838
72.62416,77.92452
40.16698,8.276943
-97.99231,5.67297
-44.6176,67.30174
-5.6222496,114.776245
-49.375042,108.76496
-2.7590425,2.3414023
-81.89662,-29.628588
75.938354,50.965794
104.20203,11.112269
-100.59085,40.33046
48.15184,-22.810226
-18.823114,-43.772327
-96.01115,40.86595
-62.459454,-58.68512
68.73666,78.308075
12.553439,78.18777
-82.76516,39.823597
16.947699,-98.74142
-26.76393,-17.551704
33.514065,14.810827
-1.5362897,2.8456345
-113.386734,-1.9961238
-29.48056,-17.369175
11.960199,4.7276735
71.67451,47.168076
-51.06246,70.706474
85.26273,43.237473
-49.37405,108.76097
-44.802845,73.45942
-49.334442,57.585667
-7.979502,-57.1132
18.960289,-17.01881
-6.0430655,1.9209238
-57.548874,-50.03463
-61.79752,79.96985
75.65772,-24.967916
78.73714,0.77576864
92.10045,-57.333664
-48.78672,-39.470913
65.95647,0.84474486
40.662327,-92.95391
-66.0928,-24.556435
-1.305029,5.689857
-17.910658,33.243073
104.890144,18.32323
-51.557224,-57.48743
50.014885,35.59004
9.2450695,-14.658383
-103.830345,-6.4655185
-116.65234,0.005543402
75.08442,53.16571
-63.127754,-24.411266
42.2253,7.7276216
-40.353493,107.8816
80.19381,-33.425922
-81.02334,40.744953
66.35682,27.740501
-47.4573,-76.73834
-45.129215,68.454216
8.578312,95.36077
38.913795,-15.799266
36.447777,-111.54736
-103.24342,-25.00369
54.700516,-35.760487
-41.75719,53.583298
94.13127,-12.69482
-0.18892767,-47.376175
-69.7365,-29.743547
-101.699196,31.217323
88.434364,33.35062
25.869177,-60.39238
78.41385,12.195361
65.68883,-8.443907
22.694925,-23.90352
1.8089259,101.79956
-5.5963764,50.843388
10.145883,-7.2999477
61.353928,-28.627054
8.174004,-92.69791
-78.64666,33.692654
82.78478,32.555634
49.360336,42.945015
73.66129,1.9877723
-95.437416,48.855534
96.49532,-53.363293
-2.4953244,5.4769125
38.693134,-108.51245
-95.60327,-52.833363
-43.66184,29.393723
-23.446964,-38.68761
-46.9492,-38.299576
84.856766,17.27047
35.24157,-14.329519
-11.962476,-113.60401
7.0697594,-20.4316
-47.126118,-45.618397
-33.21056,119.51733
4.151223,-14.455298
-41.493984,-56.30737
-6.5531735,106.11879
-55.218563,-88.46977
52.523815,-32.79673
-64.51039,32.940456
-14.78705,-33.947723
47.888824,80.8258
57.976124,-59.392994
61.023346,-44.837772
35.493145,55.3431
-98.621826,-53.869625
-23.64742,48.199203
57.682976,-23.455
-33.007275,-16.824068
-3.4763424,68.33712
14.947247,1.6715549
-4.680964,31.169325
40.640034,21.783487
-30.553322,-18.138618
-99.15358,2.5472524
59.537064,85.8482
-30.976368,-23.015211
15.2398,78.359825
63.69092,-30.241194
-45.135002,20.847258
19.068367,-58.186234
-49.252758,104.99542
18.093435,74.94513
66.97916,11.79707
-102.669266,38.795185
-14.057847,65.39923
3.6128497,38.472706
-101.729256,31.09411
58.544365,-46.24107
82.288086,32.56803
-49.048973,116.069664
-18.061289,-105.936966
-87.54144,-24.684137
55.784607,-59.44246
-16.122759,-23.243925
1.9360154,90.59316
-40.656647,34.13516
97.44292,-54.034092
72.52384,-25.008326
-44.374138,67.05395
11.352616,77.73864
51.4528,-86.6458
72.70907,-24.848963
72.14888,-24.989511
42.94053,-91.30995
-45.611286,20.840185
52.633038,-32.843895
41.82016,31.094276
14.984826,78.379425
69.88296,-19.761263
-86.95941,3.8698006
-98.34588,3.1045554
65.28629,-56.117344
-79.55341,6.5571585
-61.97006,94.69999
-46.903633,-73.92878
73.23761,-26.43532
-20.473743,-80.412834
-13.827456,10.428781
-37.95051,11.338553
21.410301,-3.5149887
-13.03822,45.33537
18.093433,74.94563
39.559258,-15.188955
-8.504457,-104.13664
15.810996,1.6201655
-73.91858,-3.3880332
-35.220337,105.17114
36.377903,80.41341
85.767525,43.458286
15.035182,6.7171526
-107.50627,-31.799332
-38.610527,79.82905
99.87858,-56.364048
43.828056,34.72631
-63.207718,79.103645
21.49186,-37.420902
54.591194,41.9797
0.18490615,-19.534544
-38.114006,15.730493
5.7644157,98.10345
-95.51676,-11.197267
-4.4029317,-81.428696
-89.50482,-53.97388
37.672276,39.803307
50.195602,52.32611
-51.314873,56.323242
-23.396467,-48.705486
67.10246,-34.15678
80.5116,-22.744286
0.60502636,81.94937
-91.20162,-41.207737
-96.21803,40.66967
-39.705055,24.33032
-91.01417,-55.727673
84.686356,-65.626915
-33.800236,-100.08027
65.37098,27.931927
6.814393,87.80124
33.640053,-19.983267
84.69401,10.364728
55.485416,88.7051
-11.084122,-10.340856
-6.4548287,81.59916
-29.812992,-48.078354
7.111538,36.217655
24.570189,14.8381
-107.4672,34.792927
-4.298252,109.00596
-25.87951,-25.947117
-41.906246,-60.173622
24.02316,-21.00498
0.50705767,0.9445966
-79.623566,-33.774666
-5.8992634,50.22956
70.52777,6.928678
-5.5826015,115.91441
101.76923,15.169147
38.789104,-56.495804
95.20079,-20.325283
-108.20684,-23.800861
108.71324,18.443296
-71.23525,-12.548602
35.00121,52.215073
60.42346,-30.170553
-113.22078,1.3020896
36.277473,-113.571724
-2.1907732,7.5488663
47.809498,18.295504
29.595726,-102.301125
17.780495,80.18942
-6.9465694,-97.53702
8.01222,-18.542574
37.635784,-61.381645
42.26669,-68.41674
-48.58242,-80.10047
-79.41066,-1.7214357
-40.47037,-60.41404
69.354546,43.815353
-53.39649,104.22605
38.22741,16.676521
70.609535,29.418966
65.47024,-57.647575
-6.1639433,113.200836
18.177265,-50.87595
-79.32845,32.09798
-38.270557,-103.95382
31.669987,75.90682
27.18041,26.273275
33.189587,-112.42948
-31.269127,-34.09638
-39.7796,113.80671
1.7134644,-56.174404
38.00345,-108.542175
10.35656,36.02894
-93.58899,34.093197
-105.19104,-24.449896
-94.0101,-21.903719
31.039915,-52.75252
-56.291092,-59.15851
-45.23845,69.55045
-101.520386,40.568367
-57.557713,58.468708
42.803062,31.910799
-39.69158,-103.226974
54.692192,-55.049652
1.500156,33.39575
18.222355,16.879898
66.49022,-55.709866
-5.920823,-10.719266
57.4751,19.246117
-22.28918,-48.31157
18.242352,17.16655
101.28068,18.198301
13.807417,-54.9849
29.16634,24.255192
99.60874,14.502311
6.7164044,-20.099327
82.56029,-59.240257
17.629908,-23.024363
-10.966077,-109.217766
-82.214226,30.034359
-43.548615,71.95294
-100.88577,31.035875
61.33908,-7.090207
26.498775,-63.160072
9.855988,-16.540607
93.7529,41.022682
-59.481297,79.780754
-40.593895,7.4013686
-45.459496,60.89792
-17.407213,-109.87278
-35.632023,-75.57395
-6.5267873,1.4816571
19.359991,-17.675694
-25.36415,-25.037296
42.49454,32.5188
12.653204,-34.129776
-37.227406,-73.99933
109.54258,18.38517
-75.35038,-0.01767347
-67.75268,-55.680805
-39.38323,-76.208725
-51.14476,70.65418
-41.583023,-46.154217
24.366777,89.79459
49.892708,-26.226574
-38.201622,-107.16871
76.364136,-74.257225
9.839143,42.485497
-60.696384,-39.848877
-5.905077,1.4690859
53.485855,94.76208
81.07537,5.733581
-76.15761,13.90538
-39.52625,17.393787
-38.83241,-81.661064
70.03656,32.140427
63.309715,28.115541
30.587685,-37.518684
-109.69028,37.0176
83.63116,-74.51808
55.52605,-90.76132
72.819565,-69.04868
50.4198,35.302814
-31.25889,107.181244
-36.204174,10.601239
-39.730522,17.348114
-69.42636,-24.010828
9.545723,-88.15742
-5.6826143,1.2963614
53.919228,-24.85711
-48.05923,70.852234
17.526764,-39.85018
-49.325333,-88.32474
-108.20662,-23.8005
72.873276,-26.142693
-79.63951,44.819023
78.46686,-56.768303
-50.22958,87.88018
18.27347,-39.979454
0.2102738,49.059628
-46.665833,-40.91288
79.19199,-5.8252296
-7.938944,109.38016
63.1804,-54.801834
12.395191,9.802886
-4.5422797,2.2544293
14.854246,111.80503
-108.192986,-24.467861
50.694878,90.00665
48.346718,52.942245
60.643623,-31.121561
-67.92181,83.60608
-23.201412,81.55218
2.3512068,-58.80068
7.2225046,-114.20251
80.33177,54.735916
-35.940483,0.7725892
-27.285942,-53.002663
-22.367958,-57.46369
-6.412148,-72.16893
77.05417,14.4683695
115.35284,-15.520728
-20.084288,-48.326103
-66.52739,-24.374996
-50.31926,113.22654
-94.31051,-12.532057
-3.4351685,1.9310741
33.764156,-99.352745
-89.66811,-53.303314
36.242393,-17.278988
86.719124,-66.01043
46.345795,38.03152
-4.978501,-12.292235
-98.00442,5.6758957
52.58716,42.514923
91.87571,-58.488712
-46.071445,57.525852
-80.28147,49.2954
4.313754,-24.966555
-92.31099,51.280552
23.979658,-56.528824
16.111408,-76.295456
-48.154133,107.45918
40.862865,63.39321
16.382818,73.35106
-48.298542,35.59586
69.19219,79.40586
-13.030593,-41.15132
97.96025,12.979912
-60.582447,34.19463
-40.141354,-94.14744
40.54619,78.53085
-46.47399,-98.249275
49.06876,20.969143
-90.60387,-46.893497
113.27042,18.479723
-36.3262,33.718624
-29.053083,114.48693
47.220768,-81.18866
-37.940502,72.889015
43.22175,74.40883
-98.78434,-6.1786575
-51.54189,-57.7729
0.35154542,-94.7188
-100.00292,-5.556512
2.995485,34.75102
54.871094,37.791267
4.410794,69.030205
-61.49745,-9.581144
-68.34456,32.339584
-54.58814,72.97396
9.3568125,44.471016
-100.65234,41.72503
55.89458,-7.4822946
9.023974,-16.46945
-10.000286,41.671432
35.994003,36.669426
-35.163242,-94.219795
-26.09407,2.608165
33.790607,-108.56673
75.05131,26.697155
72.520935,-25.014908
81.770485,4.5780005
58.174774,-100.65273
10.439938,8.504166
57.767155,-59.4299
48.488644,22.981983
-4.3802204,114.2273
68.25953,-7.8242006
50.978786,-45.02122
85.06298,18.62366
-20.231314,-38.29161
1.525676,-103.77943
-64.06842,29.63676
13.362296,68.68489
22.57722,16.441357
-80.38809,18.3895
7.169692,-114.171555
-49.036526,-28.189896
45.89663,-102.93993
60.677357,-6.6059012
-56.945606,-8.558736
-104.73624,-23.722084
-24.511723,50.524834
5.330623,36.7361
66.71162,-33.865147
-50.108253,59.90445
-37.72227,-77.55614
45.095375,33.16296
-80.68017,-14.741817
-18.79611,-28.463326
-91.03801,-51.82963
17.252668,-35.336266
67.71504,12.669319
-36.972095,-107.77606
52.86496,-28.216911
3.6156216,-11.040783
-56.93395,-1.5368308
-55.131836,-32.273033
64.331856,-7.413821
80.88945,44.06549
-6.961765,106.04723
64.523315,-31.752096
-50.049248,51.73272
15.456345,-17.291851
-34.605255,-81.13945
80.801094,-48.405758
10.322628,-15.7591915
-3.6366136,69.63231
-109.1256,9.081986
70.281235,-36.085213
-30.618723,25.756788
-93.73357,-24.800438
-23.541142,-48.423603
111.99673,17.105528
-97.278564,-54.95045
-6.5395284,18.620161
61.381588,-57.21547
-113.405685,-1.8381196
-26.80276,-83.45608
-109.75083,-17.10554
-60.93956,-36.134003
-62.003345,55.217937
-46.011547,59.652687
14.794034,105.25787
-25.289934,-75.502106
-82.69281,4.1614704
-4.2205863,-56.040913
57.126232,-19.451168
39.034977,-12.194403
-43.956203,-23.790506
110.17952,-34.176426
39.65728,-52.42064
10.97827,-84.67471
-8.08349,-96.7201
-12.701737,-46.4852
3.1860187,-9.259473
4.8369813,-90.129974
8.99616,-17.46745
50.037754,-26.124903
-6.951224,71.842
61.368053,-56.153408
-81.390884,52.009483
-52.40549,54.344215
76.460655,54.769115
87.50542,-26.591858
-6.3548484,68.63216
52.131954,95.24382
4.725682,-14.180126
8.160086,-2.5225973
-68.893524,36.923153
94.84102,-9.177007
36.697758,54.050674
32.36347,-0.3032523
8.8576,-22.86015
109.66966,-0.16497305
-3.0192847,-3.5963879
10.576931,96.11379
-78.36017,38.897617
39.229332,-55.58836
1.6156124,33.34312
42.3755,36.146397
3.2800088,111.82037
3.6056595,-10.98908
-30.612253,67.41272
-38.4978,-89.82803
-20.16727,43.305054
76.7541,32.338413
29.624916,-102.36209
-7.560708,-110.057884
-102.380684,-27.890411
18.433508,14.367924
9.094279,-111.739296
36.909992,-54.54234
-87.53839,-53.472633
-80.635666,41.899113
78.8788,38.272873
-21.711102,-28.905169
-79.137146,49.30218
-113.3511,-16.465603
-27.793568,20.54317
-54.400024,104.27765
80.57654,55.359318
16.936922,-97.318985
37.119633,-90.05673
-35.2786,-105.45147
114.42258,15.057715
-49.548267,106.50852
89.6361,-61.897945
-95.229675,-51.33277
-66.505035,-54.537632
43.76436,40.009377
59.7714,85.39975
21.520945,98.224976
-35.27431,0.22859944
-20.898859,-30.996517
-0.1265194,-16.764318
73.46968,51.95426
-18.096298,-107.35005
-39.772,31.474445
28.996778,69.09271
46.90619,20.2306
55.83958,-59.349125
-53.054188,58.079285
-12.978471,46.803654
-59.671154,-58.86032
53.026222,4.921786
-40.58017,33.864964
42.155807,63.75391
24.902052,17.751383
-48.539093,17.11206
-22.345837,-53.69654
-95.20409,49.048256
40.73278,21.750305
-44.42379,72.92575
11.432272,-94.55589
-89.85018,36.87425
-42.24175,-43.904907
-23.355394,110.27889
-52.82822,88.83331
-8.787602,-1.4937851
-61.851208,-68.937004
-78.1934,43.335716
22.50577,91.03999
-1.9555277,-90.15167
109.22236,-42.263023
35.480293,-17.852747
6.429289,102.17017
-9.441246,-38.090935
-16.765495,-97.87507
-0.45820308,66.75189
18.082554,-50.708763
-59.987415,55.122093
-59.353416,59.460274
-50.638935,105.71406
102.69418,-55.2796
65.95647,0.84474486
11.028719,71.5193
-34.692574,-23.505735
71.51213,74.56362
-35.673546,-15.761283
66.4974,12.558336
-108.323845,1.67669
-61.469463,96.98337
78.41385,12.195361
-23.83338,51.080185
39.138325,-79.73466
82.49177,52.47666
5.206256,77.25281
100.577286,-1.348092
-21.86807,41.385883
106.47514,9.804439
-95.43523,-7.7915387
57.81981,41.002514
-38.779716,99.92411
17.791561,80.22745
-84.436485,-46.023148
-108.762215,11.141607
-13.605043,-115.60268
-85.01048,-53.5145
35.05945,-15.420548
-91.234795,-48.325397
80.518074,-60.593742
112.40095,-21.581432
68.50859,73.08786
80.21931,-53.111477
-36.34895,7.0987177
35.62193,-94.165474
30.458025,-52.753437
-21.92819,41.50117
-73.81533,-33.248974
-12.234239,42.684868
21.163033,-37.074413
68.73159,76.718216
-45.773586,58.612553
6.3532386,-92.74755
81.345795,56.636105
-33.84569,4.397636
-1.1275711,-1.0764815
-54.81134,72.50281
74.71203,-29.843378
46.30461,-27.74025
32.18564,52.545345
14.093131,-38.883713
101.07774,-24.530481
-71.32482,-26.36552
46.337513,95.51134
64.6743,43.580364
103.21363,-42.385986
23.943718,-19.457615
-37.824596,11.124159
7.395733,-115.78547
-27.089586,5.4926157
-91.846954,-55.005806
58.178185,-30.954506
-51.659798,89.133484
-23.993889,107.22092
-2.411155,4.433943
106.97671,-39.601967
-4.470134,79.61004
65.47024,-57.647575
63.74745,-8.940074
51.929802,52.43909
-47.585793,35.760544
2.3984258,-5.5007434
-2.411155,4.433943
-42.588127,90.82784
47.447037,82.350525
-38.12896,-31.874218
-48.921894,49.726555
-79.371796,-14.408249
50.692432,90.007576
49.332306,-88.316574
-35.55592,-0.24412419
-88.53854,56.38243
-31.728024,109.29941
7.6112003,-19.137146
4.8963537,-31.78233
82.288086,32.56803
-11.058732,-39.56403
-5.191179,68.24409
35.808697,-94.43951
39.026478,-17.399918
-3.6371064,69.63182
82.0607,-76.62812
-43.23643,-43.08753
22.157978,-64.35594
56.159866,-46.700874
13.557583,78.67808
-7.8486466,-57.83176
45.051994,55.14895
47.434395,-41.463528
-96.056885,-24.47918
-2.9335606,-8.65267
-38.28456,72.809616
12.471881,-34.00893
-18.646133,47.303623
-26.8333,-41.412434
39.15131,0.21813977
3.1080053,112.167336
-39.49705,7.673168
71.67177,47.169006
-45.09781,62.09118
-23.50704,7.623854
47.895588,21.104746
-71.20767,33.58084
-41.221474,30.627132
-23.897943,109.73807
-35.708397,73.19823
35.69087,-61.150562
64.5329,-31.76393
-74.61562,17.445486
113.51195,17.643496
-32.03551,-10.8480015
-6.8900905,71.560234
-110.77004,10.729948
104.890144,18.32323
70.59007,26.592823
28.363495,-38.966175
-35.01987,-22.78588
57.406693,-38.05535
-48.770145,109.69582
-81.67032,7.3251057
-37.13769,11.027761
115.39003,-14.829646
32.437218,-61.396748
-10.903946,-3.467053
-45.3601,66.92119
80.27529,41.601795
-18.287756,-44.754677
74.40163,-31.149986
-32.984905,110.67193
38.32155,-110.88197
44.691105,38.34041
0.48265496,83.39122
-62.702568,-55.45739
13.810601,69.65792
72.058075,26.013704
68.25868,85.228874
-3.4004784,108.59567
-22.424877,-48.381466
46.29431,-27.962305
-27.697618,-29.65487
-37.032894,72.96941
-12.166109,10.991772
-43.60635,13.443907
56.401535,-22.31336
39.648987,-52.49501
-27.949997,-29.700449
10.952676,97.54603
-0.92396593,-48.057106
52.227444,52.082607
-8.625341,-60.26322
-55.662937,85.49204
47.255943,-41.293854
-46.617443,-21.792185
75.924324,53.330254
-95.60327,-52.833363
-3.2168014,4.678963
-46.38678,10.018284
-26.304855,2.9822097
-64.60987,-59.775352
50.23649,35.39904
39.50143,-1.5348601
-47.138382,-22.010674
-103.855675,7.435707
77.28782,29.539286
42.047035,-77.22402
-81.34641,4.920387
-14.944246,34.16128
-14.025572,-43.343376
38.18483,-16.257107
105.65725,13.006252
41.21597,-92.57113
68.03,71.8732
-29.747707,-17.130674
35.608555,70.14914
64.407036,-31.853579
-29.932686,63.950027
-40.161873,111.82211
-80.96434,3.2400882
-6.601175,106.127525
21.11766,17.25517
1.7029288,3.7994459
-96.77521,-31.76839
-98.563705,-41.951374
80.26971,-53.36146
64.779594,-32.05216
-37.269062,8.153479
-3.0607874,-75.29575
-13.168696,-0.29992115
26.983484,25.320644
-79.08603,43.22829
8.842525,39.550415
11.680063,-75.58852
-43.93051,71.68642
-89.414154,56.56491
-54.832947,-32.896816
71.02566,2.1829715
-37.15306,-102.631874
73.93689,-24.33168
70.125435,51.374973
-25.55491,-76.322716
-49.80189,-41.31776
-2.099665,-10.600731
44.254425,-100.43034
53.471268,-43.82591
59.971394,85.596756
67.94499,75.72676
39.764107,37.595665
-41.07052,2.6119173
20.640987,-90.72604
59.753796,-31.53032
-7.021653,0.42736557
-30.632359,67.41563
-39.4742,72.96823
-105.044426,-24.702528
67.824646,4.1974607
-61.40723,-40.881714
-97.28261,-54.97547
-29.706242,-22.723917
-57.53075,65.5667
28.346388,52.915768
-48.14376,-78.72085
110.014946,12.948175
-42.887825,-77.340645
38.08534,62.452156
-13.475179,-72.701965
-79.18754,49.631832
46.06405,-37.054012
-76.36171,7.816996
-17.563313,-23.958698
92.33572,-54.964375
85.50031,7.4236345
-47.001446,-98.73468
111.972305,17.13246
35.76472,-50.09295
67.0511,-2.393221
-21.862452,-44.930256
39.730164,-82.75296
83.54973,-30.012243
-38.382572,-107.114075
81.18363,51.51411
-46.762157,-37.90287
-28.29547,-27.364504
39.95719,10.164294
-34.848125,118.78461
-14.918147,-95.8886
-101.74657,-28.747013
-49.613796,57.48472
-58.257183,-40.43925
-77.695786,11.012574
22.298552,-25.640442
-101.78632,-35.758213
4.821088,36.98039
-6.0192676,115.15006
-11.207498,-40.11335
-40.30279,-32.336433
-97.51471,32.325825
1.7549332,48.633873
-13.360136,45.925575
39.432713,-52.537605
15.489212,70.12305
-67.78891,-24.258583
-93.58635,-23.994463
-7.749883,-110.26713
-89.16818,-28.091505
103.69138,-42.447464
-19.64302,-38.17931
80.18001,-33.521564
16.30196,-88.96881
67.92927,84.599625
-54.425808,72.840096
-11.78158,42.33789
-15.514069,-52.88562
36.50394,-56.47314
-18.447285,-42.201756
46.219933,56.545254
-81.73978,4.7738924
-37.888718,13.978701
-44.795685,31.440987
79.829445,-73.786575
-48.299522,107.95835
-103.90974,-16.95223
34.606,-4.408411
-75.17655,9.47917
-13.764191,-105.77199
-107.540955,-32.229977
-75.85233,37.67147
58.154995,-59.478992
49.811306,94.93825
-16.85537,-69.348305
34.953903,-18.615335
-46.09936,75.00388
-110.55034,-0.100591466
58.15499,-59.478992
105.066605,17.160578
-38.507187,-93.82325
44.84645,78.39475
-97.30264,19.139542
51.76088,78.92851
-86.56806,54.891533
-22.389244,42.11422
-33.158928,9.523246
-45.77036,20.895044
-39.604145,67.502075
-47.007385,51.157043
68.161,83.078514
-56.522083,-59.170208
-10.470969,-68.52448
31.838005,-113.12328
-29.317461,-98.67269
9.640488,20.159006
20.221899,-85.249985
-36.9011,59.19777
-24.463318,53.812244
-1.4348494,-111.3286
-92.31288,51.35986
-64.676865,32.365105
-2.4701278,34.699844
-50.548134,106.03936
2.2495592,-58.95321
51.4528,-86.6458
-105.75988,-6.10623
-8.721122,-98.6422
-7.5773215,101.28398
48.212116,-34.27643
-7.9415026,-1.441655
-86.72138,-52.613087
-79.5414,45.139435
56.234856,90.488235
0.1951653,-19.405685
18.060698,-59.241966
-12.284892,10.26312
9.021054,35.361187
74.119026,-73.40971
27.806547,42.96032
-34.625526,-17.338194
-40.067135,115.401665
-4.3532286,-112.76913
-6.038298,115.17446
46.896767,20.216322
67.3458,83.40435
-12.800833,11.146722
-27.620596,43.367012
1.2610483,-15.8118515
33.877686,68.324425
39.910748,-10.182135
-106.5749,-1.1123551
-88.713356,54.253807
-103.967255,4.147701
-100.0912,-52.81854
77.4477,53.64177
59.830284,-101.22672
-60.15282,-37.686825
11.36809,-33.51461
66.69195,7.384664
-7.7362776,-1.5102131
-12.038165,46.982014
-7.916295,51.397762
-8.208914,-51.82437
-60.62804,64.92215
48.419968,52.802505
-44.01956,80.23753
76.04487,-72.80458
80.57654,55.359318
-27.622156,-29.62155
-26.76858,-17.550688
-77.42279,4.2412877
103.777336,-55.270973
-26.39657,-52.603146
59.71339,-44.346092
37.07869,-57.84053
-13.7256975,-117.70129
86.17179,13.402301
9.378946,41.31198
10.822141,-37.836624
-7.942598,79.93203
56.977757,39.36294
37.99861,-79.74292
30.82477,53.498383
-98.866135,2.3777416
-10.546507,-60.738213
-38.31243,5.839664
35.480244,78.34481
-1.3073118,-11.37455
-29.321644,113.63496
-1.7648653,-19.966486
71.95897,75.35921
6.5709968,34.805912
109.81811,11.386153
-78.82132,30.557423
27.829018,104.32113
-67.82242,-3.7901745
-46.141754,15.713334
-73.276825,-10.173168
77.70766,3.3455987
69.83767,51.108944
-12.8935175,-48.696507
67.204056,-34.091724
-74.76844,-6.673135
26.457075,-39.614853
-32.691166,77.887825
91.33839,-14.533175
-17.938086,-109.11176
12.238496,-106.51148
-32.18942,-29.096722
-103.45225,-34.810596
-42.41824,-83.824104
-29.943659,-1.8508223
-13.625225,-49.054672
-65.61843,88.91427
-15.324324,23.027758
112.32301,2.7065408
-50.383003,47.48212
-25.766924,80.04033
49.008858,10.098641
39.418106,-79.28764
99.21474,-25.609411
-51.329544,-52.80165
-11.832686,94.77533
-74.97392,-10.234094
-6.6502624,-46.229885
-25.489477,-38.417095
12.325189,46.332783
-48.66911,16.466846
-52.869743,-52.019455
58.83717,-99.74158
53.749485,19.414715
-86.4022,32.48807
60.329258,35.02472
8.309297,80.46369
20.508936,109.82335
21.802704,35.60051
7.8803706,53.548374
-38.463787,100.544655
-17.837416,-105.79018
-67.70792,39.590054
-30.358816,-41.85168
44.014797,58.417595
19.491646,-35.390087
32.474346,-92.279335
-26.747133,10.471375
-43.424885,-82.51363
70.08949,-51.939075
-10.52803,26.283497
-71.97821,5.635735
-19.890078,79.34872
-73.82031,4.2422533
47.81067,92.67871
-31.251942,11.935494
-54.4936,-6.5032344
8.484997,113.311516
16.324018,-91.13088
-43.07236,25.204674
-12.294656,-105.869774
-81.93965,-26.299704
47.95125,6.428298
35.41131,8.656
-29.3791,85.53382
-34.100056,-38.209072
48.344944,10.474533
-57.387516,-65.58318
-46.81491,-91.146935
-45.094788,15.539036
16.339512,-23.751642
-37.6984,81.15467
-10.8076,-30.650946
-15.9240055,32.625343
71.11745,-21.814539
89.24236,-36.726105
93.44531,-13.443453
26.967516,-62.820766
-28.966763,-36.236343
-92.42395,-37.736866
41.238163,9.655997
-87.66762,-4.5746393
-5.736527,19.750565
65.71644,-59.818733
40.09726,-69.82193
-62.137306,-9.56826
95.7834,-68.94065
6.3804593,50.183323
-106.4296,-35.638145
56.119812,33.997173
-104.60326,-32.804432
3.084856,106.79523
-85.16567,39.92489
79.843956,41.8179
1.5548718,-109.76664
55.89897,-11.68187
91.529686,-32.523148
30.863653,-51.961437
-86.19167,-4.638886
87.96147,-17.56151
4.9289613,-102.50409
28.448414,96.39393
80.17984,-22.466286
54.606236,77.518
26.064413,16.734402
-44.30524,115.97501
60.870487,-64.222305
-7.4749146,-29.668476
-20.790852,-76.924286
-84.56208,-42.932274
-31.058947,110.65867
106.29411,-19.337826
35.08055,66.17458
27.552135,-47.780502
109.368965,-1.4049145
-7.6071625,-101.50591
-11.710805,-51.487103
33.383266,-59.024223
80.66956,28.899834
47.175865,-77.107376
16.496431,-16.13778
-21.795229,77.62714
-7.916591,51.410503
-3.6696584,-74.366646
-30.70166,117.075806
-16.924889,-49.369713
76.95551,-52.94228
19.586567,3.2265337
1.2046393,-7.0865307
-41.511692,114.382774
-57.187126,-6.7786875
-95.32096,47.793945
10.565722,79.271164
-32.371403,-32.203354
28.739822,53.604107
-23.190052,-33.35488
50.763504,73.014915
86.33681,-15.332585
-12.289787,33.491787
68.2015,68.810905
-13.677637,93.70019
-1.3976958,43.846622
-35.78145,17.771717
79.35366,-51.279568
-3.6953483,-12.884397
-83.27992,41.318607
-15.246396,38.87164
48.788277,-84.12749
-5.1753464,55.800587
24.014343,82.994385
-20.588053,30.03662
-70.05831,7.6075983
94.60486,-66.19628
-15.191828,23.273144
10.263541,-19.271069
26.011032,95.52572
26.443777,-59.28752
34.550613,3.7691004
-58.377205,5.9379745
68.04978,-4.900027
50.39775,41.27634
56.815548,70.873146
-90.89638,47.470478
90.96764,-34.44775
-4.1227994,-74.255356
-17.315704,-95.90911
25.780285,99.29528
79.53079,30.73702
25.830849,-60.69044
-23.527143,0.91391706
-107.62155,11.600965
-106.51067,-37.097027
30.922968,-64.58269
-20.418453,-79.9888
13.189766,102.03347
-3.4724562,99.57473
-44.121864,117.052444
109.92706,-0.95282376
90.95104,-35.786434
-62.42279,97.18438
-66.77346,7.40396
-13.326204,21.756977
56.0409,74.675095
-9.879399,-50.48053
9.457468,-25.002327
-86.06126,-3.7355928
14.147603,39.53542
-96.21731,18.588795
28.779129,103.98977
2.1326933,-111.54617
-7.3326597,48.557503
-67.91816,95.77231
23.725357,84.40213
-74.261475,-3.983824
15.993611,-16.97402
55.267693,-97.26609
94.547295,-60.150932
61.290085,-28.16537
45.905716,-1.7623113
-10.56744,48.29923
-12.303781,69.79304
-20.98457,-72.0046
-5.9331164,50.449562
32.95097,-62.392788
28.653837,6.0935655
18.70003,-43.72399
13.5040865,43.410923
1.0615696,-83.13198
-0.292821,-103.05088
34.789207,65.861084
-88.30826,-44.716503
26.720617,-42.330307
31.524086,6.52691
47.88246,12.033882
4.9447412,77.666626
30.18535,53.77157
62.68332,73.59917
84.68104,42.76792
78.59781,-13.7516
79.62141,-2.1996336
-67.04269,7.231576
-30.852518,2.5287745
20.185965,30.275919
84.99074,32.557102
-39.145557,13.062633
20.540188,-88.82044
8.645355,80.39448
-11.17899,-59.83382
3.7344737,-78.33103
39.51881,69.00788
0.18664601,101.20165
-38.551525,112.285545
-93.258514,36.93513
72.35205,-66.354034
49.87818,12.364572
-74.396835,-13.3261385
6.256875,106.355576
-12.497242,81.25133
15.891151,9.661413
55.099007,58.863983
29.577703,-50.064568
-79.870964,-41.31168
49.482796,42.215233
95.25993,-8.368039
-37.70383,81.02931
0.9019738,-104.12988
-48.667526,-91.57722
82.760345,-14.434078
81.33512,30.577585
-7.8126917,19.812023
-32.53493,116.99523
42.024357,-68.34731
-38.68236,94.55585
-63.32394,-25.290047
-39.69265,105.83762
-51.23177,-43.297836
23.61263,-38.7837
26.749144,-3.1238265
85.61505,-15.242887
-1.5406922,-13.434934
44.11025,-89.949104
47.895786,3.7642627
29.786196,-6.3391533
74.5174,-20.261177
-82.6093,17.967457
3.0414462,-9.213745
74.491196,-57.536533
24.752882,8.274024
8.394995,-86.84066
68.577805,43.023937
-20.588009,30.036627
34.21736,-58.1035
76.23231,-15.311619
-6.9507833,-29.29326
-10.093892,29.46474
-26.661655,-34.77464
35.152023,21.975828
1.7799717,-109.66049
-7.361223,-39.353672
18.785864,43.271652
74.25025,-19.944904
-83.890724,18.36388
-77.569305,35.04247
-22.903854,67.57011
15.557769,92.49827
89.385155,-60.499035
-23.052032,69.31978
58.086044,37.43739
26.548965,-49.355736
-8.879695,-38.326176
-0.21999758,73.482635
37.959873,53.756546
-35.052605,59.340923
54.84441,-97.19977
40.46917,-82.67402
-108.180756,12.509778
-31.33926,117.683876
22.262941,-4.810127
-12.614127,-72.32346
54.847073,77.55256
-59.682117,-64.116104
27.768675,-39.34715
14.470162,-54.86521
-106.86689,12.465208
-20.732718,37.73908
92.479065,-32.781155
-2.7917356,69.36119
-67.118546,16.41078
24.573431,-5.9920125
25.63437,-5.9054384
-64.88516,-10.067497
19.828228,-43.900772
84.13223,-14.459699
70.8377,49.099457
28.653116,6.091562
-100.81134,42.302883
49.669556,85.88903
-50.37543,16.130838
-23.984325,-76.45968
10.699641,-47.145557
-38.063248,-94.132965
93.07582,-60.8976
10.517431,-45.48803
91.36208,-28.962254
58.763428,72.43696
-29.458336,13.027901
55.89488,-15.696168
47.055492,95.35193
18.920353,2.6712341
-1.7493601,-82.68357
-2.8882926,-97.48828
-41.555584,-56.892345
-32.305656,3.7076933
25.424019,-2.873167
68.89999,67.16239
14.034147,38.933556
58.844017,-101.732574
-49.989765,16.225475
-91.3703,21.105967
61.019985,-61.65302
-64.74001,-66.97478
28.006483,105.83677
-6.969972,23.052185
-74.396935,-13.326129
79.00173,-19.127254
52.064445,-100.65916
49.848103,-101.81681
102.28605,-24.320013
52.518066,84.28578
-2.754572,44.14454
61.58516,33.75679
-75.91631,-8.93811
28.780739,-0.4672674
-31.737373,66.50379
-74.08472,-3.5801036
27.011993,-42.890537
53.11091,-103.2467
-49.6887,92.40659
34.38591,65.50437
-36.770084,95.207436
42.3227,24.331074
83.06572,-74.30301
-46.81491,-91.146935
29.776764,20.274656
25.115416,-40.250206
105.25066,-1.5841485
-41.87796,91.486916
-32.591278,71.51976
44.360256,58.408173
11.246186,-53.074673
50.346947,72.90053
-19.310078,-30.003368
29.175194,0.3097919
24.215109,-50.013634
92.14536,43.015255
67.450905,-6.69504
-90.588776,20.432898
-32.232708,111.456825
-46.897198,113.85971
-70.28077,-30.219913
-50.108173,18.230434
28.448414,96.39393
110.814926,0.75418526
2.929483,108.486664
41.59157,24.50811
90.53168,-19.732471
4.2722955,47.44924
75.98681,-21.011652
74.36996,-19.596277
-47.617165,48.66587
-79.27105,18.436981
-74.46285,4.7136607
-37.706177,81.047775
21.339514,47.040554
-42.27445,-57.934677
-9.07515,-13.61744
-18.142366,-54.017715
25.83567,102.38635
-89.55566,-32.416107
-15.088825,-106.04041
-84.174805,13.377638
92.68203,-27.528902
-56.771076,5.8107204
-27.651983,10.069483
32.911667,7.7903056
-49.935085,-44.69311
-9.621236,-10.738012
3.303693,78.81919
14.181352,92.4173
-62.649662,9.234989
2.642379,-76.25858
-0.16500752,-84.524254
-101.08006,-32.022644
-70.098366,7.406487
-13.440644,70.791954
-29.406681,7.339274
72.051384,46.420532
-13.43158,29.779943
-18.542328,41.84687
-72.58848,-12.835156
21.932384,45.654602
13.885817,40.11563
-32.35541,-37.716938
0.23471938,-103.89553
27.344759,19.23996
-5.8271956,53.85329
113.7018,-5.73088
90.81059,36.55571
-65.99007,13.261775
0.18659377,101.20158
57.190052,59.481213
28.384874,-46.657
37.107254,4.8802657
54.05297,76.245255
-43.84587,-87.632996
76.37885,55.416325
20.806837,-77.16308
-58.56772,7.6942844
-37.567345,81.56971
70.20783,-63.55505
26.201504,-8.772014
18.156599,46.78675
63.192276,-62.53706
38.142887,54.346825
42.891098,-4.944492
-4.5603776,22.207794
116.55857,10.541183
-36.134823,-34.56273
-52.542286,-84.87446
86.07345,-15.12881
69.53104,43.6924
-73.72458,-13.2217
42.262547,5.80381
79.99001,-46.65333
-57.97549,6.779699
-90.81843,-32.841763
-7.6432014,23.323973
11.61122,-55.643673
-13.457555,93.59187
26.665024,104.05286
-41.970085,-81.89676
-57.730457,100.06571
32.393112,-3.7741132
68.0222,69.25199
9.189723,-16.846043
47.34621,93.734276
-77.09533,-0.49389753
-50.993385,92.40403
85.42895,-26.152643
-3.2143147,36.963276
-104.10768,4.476315
56.067726,-98.22299
21.001923,109.24362
-18.331888,29.321846
-6.559704,-45.898827
-3.5162206,-51.362198
9.272015,-112.362175
49.37202,-107.13588
61.76387,33.293957
-72.587234,-12.835166
41.407406,-68.832825
48.01379,42.930584
9.449817,-112.3779
-32.7086,9.626003
94.52386,-30.328041
-27.451258,-76.19845
60.16416,36.96919
106.495804,-18.129984
-44.261387,-88.86387
72.23819,-62.83817
-19.825521,-35.28178
117.119545,6.769355
25.007925,-36.35537
-28.8022,75.507774
1.7429839,99.92544
-6.119146,-45.136784
18.147905,-15.544142
-15.551374,-52.866108
80.43434,-14.37801
-84.24019,-29.88886
-11.904513,35.740326
-0.016238911,-103.52316
82.53133,-60.20795
102.33219,6.475353
-79.62087,-24.940775
106.31582,-20.780828
9.575086,-49.912582
89.44668,-18.97011
-6.8737044,-100.8263
-22.658297,-56.38258
9.00702,96.332695
-3.3129094,-98.51397
-30.935621,-29.997137
7.2988844,38.532337
-10.541757,80.26645
103.53941,-23.772781
52.46039,2.7356892
-27.166824,22.90646
63.202953,28.913092
-46.164833,-90.197
32.690796,-92.30978
-2.4797707,-96.29068
-47.87729,-35.11102
23.51908,-3.1001873
-16.143454,-104.34916
-88.27898,-36.411236
-33.72949,62.26236
-44.730682,-57.893784
80.10145,41.014786
-100.851326,-32.50129
-31.340223,11.774425
84.0044,7.640736
-81.28646,-43.726055
-7.302722,-89.587296
38.05426,-80.730225
21.462288,46.96957
-39.660862,55.07192
19.891684,35.655003
87.78,33.05222
23.756521,-37.711315
69.85487,-51.086964
19.996635,-47.284145
25.969788,101.45917
-19.222586,-36.27293
86.0626,40.424797
-30.43974,69.35818
-10.814931,42.317616
-66.10722,17.008698
117.46114,6.3484383
13.151194,-7.463362
9.471167,-55.596912
58.377842,60.52199
79.81514,30.751457
92.40741,-66.828476
-85.89225,16.689177
19.104288,7.3602157
-65.39293,9.7754345
12.488378,11.837297
15.100411,103.02059
18.15054,-50.554268
113.773834,-5.605808
10.518221,-49.06747
28.447628,-7.5489354
-42.32324,91.09016
10.661506,97.795166
29.536654,-0.7062359
-20.645077,-31.375168
20.194912,-1.6582028
27.7059,98.83206
-79.82955,-40.903774
80.82988,-20.056442
89.38696,-18.046652
11.149952,-84.11996
-54.12391,-86.80166
25.436893,-63.927753
38.817802,-6.1679335
8.888339,49.6081
-59.718018,-44.821217
9.350089,-81.60191
-91.581,9.677411
58.711525,35.15254
58.902203,37.219498
-8.313601,23.959166
-33.667534,-28.618498
8.434187,49.130802
-92.88439,12.33181
1.6390359,99.6392
-107.42624,1.1669734
-5.9331603,-8.117286
0.66687506,43.603985
91.52878,-14.789642
-8.754747,-87.90587
13.20411,-45.458096
105.862015,-22.39444
36.57283,-51.555088
68.72455,-51.937557
-35.393696,-29.545706
104.55746,-12.201705
-33.240143,-71.807884
49.36441,4.218716
75.712494,-59.3346
3.0664876,-3.2608368
-54.777832,-88.14189
12.596092,102.80716
-32.703045,-34.2589
38.65863,22.562439
-12.874717,-49.059227
-42.45864,22.63614
26.915867,11.506053
95.19444,-8.823833
-32.430847,3.936473
74.198265,36.7935
90.03968,-20.397661
56.463867,65.77108
87.352936,-15.489733
87.28584,32.43126
-33.88305,62.06182
9.454478,48.355503
-98.02081,8.404494
116.65738,4.6064353
31.632555,-64.75578
-95.04918,47.11773
12.662984,-75.58059
40.31577,-69.731415
-42.497383,26.030226
77.96257,-49.393147
7.1085496,49.44361
117.13438,6.715038
-13.316056,26.650385
105.12599,-22.373158
79.419945,-1.4675232
79.67265,30.522314
26.552992,-9.417322
-30.000986,-43.631046
19.134813,-60.10512
109.726295,-13.306738
56.44534,69.18674
-37.247765,80.49458
13.652503,43.53005
-36.519867,95.1786
21.251347,-46.900562
-3.8008037,98.350006
-1.7056625,-82.736374
-32.669796,-98.990616
-25.048285,86.13768
-18.493313,-57.32817
-29.50637,114.87385
-85.21274,39.911293
-66.4173,19.428246
75.23399,-5.8823323
-24.861013,69.598526
-90.69389,0.76456225
-9.459378,13.012751
-82.79822,-4.765921
-62.623993,96.76194
71.43368,-66.39032
-31.52277,65.18951
-38.519318,-32.312847
110.64674,-11.015834
-68.627144,6.719697
-28.340942,13.704977
53.16498,80.238396
-77.23877,-40.1905
81.150986,-14.853093
-30.084108,-2.1748862
26.23467,-52.585476
1.2127858,-9.1978855
55.604015,-15.104364
61.556583,-61.215626
1.9136647,90.597984
-38.794796,99.70895
10.559887,-48.57337
64.10438,41.30496
-31.050142,2.3024428
-31.460972,55.90788
-35.29988,58.114433
57.264874,59.9749
-18.161837,29.799295
-8.604136,13.54534
-10.048621,-10.530521
57.30766,59.725906
42.027832,4.40349
112.49742,2.65919
51.55825,80.58065
-45.534,76.337364
-8.901019,48.0681
30.84738,-64.37845
68.18561,70.386925
101.383446,-0.14140104
-26.813677,22.777866
-29.318026,-46.639343
-19.924309,32.969456
87.090294,8.517097
-55.661285,0.9176263
-87.29514,37.182995
-2.8657444,-97.48059
8.214276,-86.74607
-60.734383,-61.310234
62.766106,41.536213
51.495453,-81.05557
-94.895035,15.557835
-91.06783,14.205078
-51.42885,93.82228
-11.844878,-51.13602
86.32911,-33.497753
-42.13004,-44.455242
78.9494,-23.570452
-6.659243,-51.632282
-87.20653,-7.534914
-46.747524,-86.61315
-39.220463,115.5313
2.486182,-76.14162
-105.3447,-35.221848
-29.943615,-1.8508415
-10.182859,-57.017387
-44.00214,116.472244
-81.834274,33.98211
-94.11273,17.475626
-34.108345,-28.590782
0.4170228,42.306034
-8.691614,-87.81045
-59.819607,-47.64053
-68.42172,-4.6030397
-30.084188,-2.1748097
-10.526466,80.271805
-50.61869,90.74558
-66.1693,37.5318
89.66872,-66.52231
38.66549,-5.22302
22.569891,99.16141
14.166555,-7.5448647
-62.954357,96.055695
95.248314,-8.228728
23.472742,-3.0861876
-76.06409,-10.631545
51.252712,75.10219
-85.45101,20.130224
-25.643353,-37.375298
81.671715,-32.453384
-92.27411,45.05065
22.779892,-86.32822
-81.21321,-32.26372
-11.095764,27.803253
81.02956,-24.17333
-52.676422,-92.97276
-6.5164533,-45.752205
81.36088,40.14303
90.20261,34.64789
-56.519722,-37.64446
-5.9277825,-44.986473
-12.302802,-107.09637
-2.3091214,38.8495
23.596848,-85.26915
9.643761,41.56717
20.695969,-1.6586504
-30.954075,-29.994488
52.36297,-101.258865
50.271397,75.88563
-88.78584,-12.822652
-6.6892147,-35.27221
-12.083822,26.277405
48.40609,43.262028
56.817432,36.05186
-36.612152,58.97867
-51.98475,103.64098
6.880176,62.028484
-15.676053,24.62728
-8.501267,46.71068
16.89163,36.975193
-93.93445,-21.669985
4.8597603,63.30275
-9.831979,-96.8124
-32.38,77.06107
-15.012983,93.183586
-45.042934,115.48583
-78.67007,-43.639668
52.753513,72.86841
67.3597,71.755295
72.051384,46.420532
-44.719513,-90.533554
-32.060917,-24.466305
-40.179462,14.051105
-7.8653593,23.568413
12.323804,95.99327
-4.9057236,-85.40817
14.65339,36.44263
96.29529,-63.468998
13.229948,-23.633617
-97.32168,-53.08407
-60.108814,-46.392857
19.737938,9.241072
-55.96919,-16.431078
19.971592,108.4185
96.6285,-20.300943
13.861348,-6.871196
-52.971992,-7.0349383
15.677745,-90.52438
-27.306395,9.816083
-81.98037,-2.8914778
72.9866,32.775105
7.836044,114.94432
-96.63336,-38.471565
71.25131,-54.149326
41.566364,-7.1010094
-94.334175,-25.075277
-101.110344,-36.44104
-19.84828,30.563194
13.081614,48.199238
27.260948,16.125551
-23.836308,-79.3114
-84.11752,19.180208
32.202244,-62.342754
-9.446564,13.075496
84.71774,36.52871
-12.746912,20.793186
-71.748314,-13.133643
-46.30447,49.886097
49.888054,71.287384
-40.746758,49.923683
14.91271,-23.672112
-42.129486,-44.45311
-80.16809,30.561277
-40.47595,-90.94613
71.19478,-17.358902
39.529205,63.684814
-65.09185,-67.00169
-49.45652,16.238266
29.015465,-9.026863
23.751194,-46.417477
18.552374,34.075134
47.820084,12.211966
-58.49642,-41.28716
29.625092,-42.95279
41.778774,8.606106
-28.131111,-0.71019703
40.189804,-81.12221
41.101048,2.2361097
-104.60326,-32.804432
-40.63409,106.54012
-31.27683,64.04089
56.905228,69.73553
19.645416,-48.04392
-91.37014,21.105822
-56.346634,93.47827
48.38809,10.242288
-20.447983,77.40379
0.42080173,-109.71378
20.67545,100.33248
79.58449,54.065163
-61.79034,15.232892
15.142674,37.821922
-57.798004,-43.367126
30.927265,-51.08277
-17.116766,-53.274776
-29.305107,23.32699
48.789288,-84.12799
76.151184,34.706177
51.716007,-105.69463
-90.61052,-28.921095
-18.186121,-28.720873
66.46365,-5.674747
-40.347797,106.88084
-17.592655,-95.61036
-34.49353,118.536476
17.253674,-41.56914
-64.99878,11.713641
26.597633,-9.416995
-38.347984,99.50127
39.161335,-80.45784
6.9060073,75.69056
8.348703,-80.91056
71.02358,13.175654
6.07467,107.71306
-87.48851,-11.805097
-21.795229,77.62714
-7.655401,-12.086868
-40.469585,105.637886
-12.328339,-105.89178
30.106628,106.42834
73.69494,2.6566193
-11.284011,80.44731
-13.848465,-100.70624
50.715363,-81.05188
-11.891136,25.063444
73.74405,1.9359701
-23.305393,-38.569687
-23.535711,68.18014
-55.59334,0.99154377
-75.27141,-8.810847
85.37158,-15.213262
14.569646,12.47459
-20.946474,37.663372
13.021834,-91.71812
28.104822,-39.069016
16.069452,-91.6444
94.34981,-60.402
-90.6203,-32.45803
-9.658108,-28.132936
73.07212,32.401943
66.48196,-34.219234
-82.89809,-3.3148375
55.437603,-99.7546
101.23924,-24.46691
-13.560344,22.840681
-2.167814,18.797544
15.785394,2.29325
50.71155,41.34682
-80.186066,-38.38087
20.532282,-88.85271
6.153029,67.18543
-6.8822956,-39.562252
66.356636,65.84321
-108.04556,13.067826
-32.642246,11.719255
-63.793407,16.468204
71.221466,2.1309452
110.709404,-7.878066
8.157629,80.02973
56.7716,19.091434
-44.00661,-83.87188
74.42034,-57.293488
76.87129,-51.867638
27.347324,-42.49922
-56.14085,-45.53207
78.51507,-24.59547
-6.715107,18.645243
70.74278,11.681187
26.572517,98.97405
-7.819723,45.58133
-29.86742,-1.851575
-67.9489,15.810967
73.45235,-19.150454
58.94491,60.64984
58.32098,37.398884
-9.913527,-28.097553
25.339735,15.084424
27.217714,-46.973637
73.998665,-6.582193
-0.80936915,-47.684387
-25.571365,-2.73771
-40.471073,105.64063
-42.291946,-60.234344
-21.607565,-81.88169
81.73514,-5.3274503
29.010506,0.5202334
19.531878,73.35103
-8.901019,48.0681
97.36537,-60.03568
30.547415,-49.575344
-90.72802,-11.480207
-48.126606,114.20764
107.5683,-11.278901
73.03116,36.87737
-94.93503,16.227358
51.079422,2.620176
31.026217,-93.38145
116.49975,4.3734574
-14.16176,-98.3203
55.923912,73.66987
35.21033,53.70585
78.73033,31.870787
-7.071401,-34.590412
47.549713,93.412796
-64.4432,17.639551
-94.497505,-22.863142
-30.151995,3.8874881
111.74129,-5.85405
-88.99513,48.493748
34.14841,-2.8364158
-7.4460855,-38.181187
-18.837605,38.164917
-67.50705,-1.872277
78.186615,-47.19321
48.673065,10.1951275
-56.732628,-16.053175
78.96089,39.232742
13.664353,42.20146
-13.8146715,94.50245
-11.095764,27.803253
66.95045,-6.2727847
-20.965235,79.70226
10.465298,-15.647101
92.524536,-11.274584
-29.34875,7.5112247
44.83982,-3.6974282
110.446045,1.3645613
-2.2114296,55.57698
38.905724,23.305363
-3.7946005,-72.03102
-88.17385,-34.570473
76.83727,55.122578
116.76188,9.308127
-25.466606,20.505236
-90.40964,2.6192
26.462685,11.545802
59.552307,64.42503
-91.21088,2.3699577
52.064445,-100.65916
32.82317,-94.98078
84.00966,-32.97471
-12.627326,-52.717293
-63.786777,7.931375
26.440619,11.592172
53.590866,73.65767
-1.9224619,39.090923
-26.215605,70.589096
113.032425,2.9615288
22.175512,-86.9106
9.502811,-2.4291122
59.83656,59.821857
21.932556,45.654015
22.14221,-50.58324
77.45492,-48.775154
-14.554948,-46.87606
-23.983322,-76.45833
2.9463177,-9.291181
27.344593,-49.29542
-64.4443,97.56081
-36.120487,-74.08658
-76.59009,37.516926
-14.824169,67.66029
-39.477676,24.752821
-14.684387,-40.07578
14.430692,-88.250565
25.476128,-60.52663
-11.475958,-92.122894
110.04347,-15.972239
83.79123,-28.230398
-25.000296,18.370365
-7.830906,19.783445
20.912186,99.08099
-21.750923,-54.558266
-5.247952,-84.28102
-63.269653,38.2786
106.70378,-2.2416592
-9.635391,-93.634964
-21.218576,-71.58278
9.568462,-81.586075
-67.852585,39.012104
101.37568,-0.13915952
53.835114,-98.85972
66.66822,-59.67014
-74.00172,7.199614
-43.42492,-82.51366
111.62495,-10.200167
-42.455505,22.464657
-43.736324,-41.842285
55.711773,-103.14651
-1.4376711,39.844383
-65.665565,-0.98308253
-89.892136,47.182823
-111.18127,2.0397835
87.28347,32.55604
-12.083529,-92.71227
-61.186398,-35.960186
-78.142105,31.788328
95.211655,-66.781685
-7.9495873,-12.583323
91.06184,44.92286
-15.639775,32.725098
-50.35703,-54.24278
-29.267052,74.35117
-83.865585,12.088545
-74.43421,4.7075167
-67.54635,7.268119
-45.716583,-84.97103
-61.335762,98.246
-91.09987,-0.7522653
26.338318,99.526764
73.51101,8.2361145
15.675502,94.27326
40.361557,64.02981
87.77842,33.052006
-82.961105,-43.32163
-43.493645,-84.69338
-94.01926,20.82429
-41.276695,24.43519
-61.975044,2.722376
-67.3644,39.473076
-46.511635,-93.348045
25.784397,12.37068
-29.30367,-30.262613
13.117009,-11.9880495
60.908386,-63.642284
-81.65449,34.01596
11.250513,98.5695
47.09324,96.07383
-14.046053,90.325836
57.966457,-17.899397
-8.76888,48.704308
-15.653276,24.681608
8.366443,-80.32802
-17.545769,-95.83262
-25.560432,-38.442547
-4.9993787,22.742529
-28.303722,-47.03515
24.734272,5.2870746
60.327465,34.93478
-92.93288,10.472636
78.86705,-58.824257
-22.339256,69.18802
-58.05118,-48.653423
-12.840739,-58.135204
-44.391247,49.90329
50.15668,1.0941563
-9.179046,-89.62454
-26.864923,82.32904
-21.531809,34.61919
-42.76593,-84.25433
65.21197,-53.172108
-2.1358886,-9.900191
-5.0975676,-51.30477
-63.48722,6.4641285
56.892925,36.45647
-100.95025,36.970642
-24.400404,-82.375275
6.337233,110.504944
51.384193,88.84675
-79.41413,-40.195553
-81.95507,-24.916252
11.699123,103.17298
-16.025415,-110.97358
51.9228,2.241683
114.66904,10.59628
86.46495,10.859037
-36.611877,58.980183
19.880007,30.510357
-72.72309,-9.751498
-31.431824,67.619675
95.73867,-7.213922
-5.097625,-51.30295
-39.6929,105.837585
77.338264,9.961041
17.504635,51.839775
-66.25485,37.481922
8.698767,53.829388
30.043211,-42.50386
-106.26034,-37.147453
-74.3992,-6.7321515
72.365974,-18.273752
93.05817,-27.716774
-5.827397,53.84546
15.442602,-91.74532
-18.462902,-105.85729
-65.56727,-1.3759707
79.1945,-24.081442
25.835896,102.38916
-18.38958,-57.629642
-27.05047,82.29563
-35.552532,-35.399197
-70.13706,7.586581
100.25514,1.5160899
22.68223,-50.191444
82.49202,10.445269
79.9589,-17.927233
34.47653,-97.97117
52.91576,75.74104
-9.626938,-10.433564
38.6184,-87.72927
74.41316,40.16888
-56.107468,-36.454903
-2.6598568,-82.52253
8.747878,92.13154
-22.365295,69.18411
-82.631165,-39.665726
-33.24206,-31.172293
19.577374,106.71867
80.10145,41.014786
-28.752508,13.466347
87.54582,-30.967793
79.8083,-29.437338
7.9772086,-113.76957
-51.47173,-39.491577
19.667746,-46.74608
54.19629,92.99684
-88.30319,47.439526
-61.30573,-35.86531
39.456387,-104.31501
50.9853,0.1818143
-84.26389,46.064987
-12.74981,94.71438
-94.024605,17.473076
11.304942,41.7918
-6.095369,-45.117744
70.62997,-64.15206
-15.474898,93.71333
-88.21195,1.5673816
41.237,9.630677
-27.524002,-33.308098
38.065807,54.5653
-27.535667,-76.395996
-26.134686,70.11822
-0.02753404,-94.65893
-37.6984,81.15467
7.1258874,-79.73485
99.645424,-25.946054
42.28598,-100.84014
-92.93893,12.395343
-7.3666573,-39.34432
-103.844124,4.008747
-63.861557,16.447378
5.3905725,67.913315
-4.8394947,-86.46298
-13.875616,67.76702
59.95364,59.660686
9.000135,-15.027804
-8.879721,-38.32625
102.579926,-24.10526
89.38694,-18.046253
56.119812,33.997173
-38.997673,111.98189
108.61308,-13.181761
-12.639381,-59.627758
92.951935,40.790623
17.349487,111.73772
-11.248065,49.44474
94.569435,-59.693916
86.60079,-20.007967
-12.995944,-50.701435
24.66542,-39.95267
47.093117,96.07388
77.805954,3.4206944
10.324956,-15.760816
-44.81576,-56.858128
58.48897,35.917385
-99.30913,43.86751
30.000105,106.2738
-61.906895,97.82047
-66.23249,19.017609
8.584286,-88.377686
9.24016,51.028244
-14.832887,67.7309
-13.905197,92.16066
-32.36276,-38.776943
79.21073,32.130157
48.45235,75.169846
-19.534979,32.183544
21.52805,108.98673
-2.4470356,56.49481
31.153267,-93.39505
-91.54068,-13.197818
-106.92744,-36.989803
1.4037524,-83.07183
-15.465739,24.682487
75.27734,-5.8788567
-18.591549,30.205017
80.55113,-33.289967
78.97181,-25.367935
8.62521,48.180466
20.313719,110.33119
116.696266,9.99836
-42.639965,-58.34108
25.52249,110.088234
-28.354784,-37.147896
31.675907,2.4784513
-28.226725,13.800114
32.96784,7.932765
-62.49483,9.924842
106.52165,-21.642105
48.665756,1.5392346
81.544106,-31.726664
13.067727,48.077522
-35.01117,74.354095
25.547085,110.439186
73.50503,-59.991665
25.524141,110.08149
-43.677002,-51.17718
-76.04916,-10.697862
51.589127,10.447869
21.01066,107.652245
-8.046607,41.46597
50.71155,41.34682
-29.25325,13.160274
-43.868683,52.00986
111.10316,-6.099373
-85.01122,16.666307
-21.821968,-33.22549
-29.2406,76.116936
21.087515,4.216837
-71.44203,37.746456
27.96691,-45.552135
-15.825961,-110.01894
-22.941164,-80.87281
2.1042998,90.64794
-10.107738,29.475866
13.156944,48.105953
-40.748463,23.23676
60.927685,-13.241845
-18.495483,-52.28754
-82.080864,-2.8851876
94.87462,-30.099487
-75.32163,-4.4416823
52.317017,41.529724
24.952093,6.5629764
22.509306,32.4189
117.41891,6.4109898
-39.006542,-32.482197
-2.0692275,-81.98343
102.61598,-1.036817
13.334021,-85.07956
-33.038364,-71.2007
-37.365128,80.350746
15.036413,111.778534
91.093666,-28.821468
42.076298,4.746915
-12.306136,34.79253
-92.1513,-38.292873
90.04802,-28.530405
-15.850017,-109.94404
53.119198,76.526215
28.715267,-1.0816882
85.35719,-27.35268
-75.60631,39.3595
-89.72035,-39.14719
67.532486,45.520348
-93.96607,20.770489
-3.506332,81.07531
-12.142744,35.303802
51.02062,56.71764
44.83486,-3.693337
-67.004684,97.28088
49.20716,75.180405
7.2522655,-2.0911694
75.86533,-20.952684
117.240845,6.058516
50.768845,41.495487
79.67265,30.522314
3.217756,12.471938
33.029884,-93.1991
-96.61755,-37.66223
72.51425,37.951122
82.8919,-49.831184
19.98319,11.417147
-61.16106,-36.057453
-20.732534,76.88133
-100.68418,12.492591
-31.212973,11.38773
-25.046309,-0.22609605
1.9136647,90.597984
-3.0108414,-5.9944234
5.982154,-1.6164442
-22.114916,7.1449265
86.332565,-31.479172
58.85873,73.16974
32.11092,-92.31195
48.741325,74.72624
-17.321787,-53.661976
110.66068,-11.008824
88.00933,-20.215878
110.33607,3.4012582
-4.8828382,22.733105
3.352532,92.16001
-7.1272645,20.106455
-11.093404,25.664377
66.07565,-50.276318
60.055855,35.90806
2.6192758,109.89532
102.5979,5.749188
-56.213417,-9.808747
28.387272,53.41162
-40.57613,91.52146
-8.241537,-13.421823
52.747017,80.89783
-43.416958,-42.43335
62.141514,43.460308
96.26191,-64.86012
89.79218,-65.36057
-83.0374,-25.433216
-39.349133,-93.523384
-68.61247,6.721738
82.25696,-35.161697
3.083472,-3.3235514
-10.943736,29.927628
38.07809,40.494083
36.23161,-89.2084
-2.7240798,44.151836
16.5826,-24.337322
-31.111494,55.97003
89.66855,-66.52228
15.675502,94.27326
-42.403584,81.608734
70.5531,47.427807
32.73733,-3.7170315
26.55636,-4.3182387
-40.34807,91.85101
-27.84408,1.0983002
-16.549295,24.213955
-33.35856,64.61431
-2.7598665,-97.376854
-49.379356,115.44181
-67.9281,91.76788
5.3905296,67.91257
7.982743,38.21104
13.598259,70.42012
64.347565,39.97596
94.17406,-25.536058
53.865334,42.856453
90.201546,-35.250805
-63.165337,38.13994
-28.96168,114.72979
-7.5865726,-29.457294
4.396165,-78.12887
57.6171,34.689514
33.42565,-90.481186
50.34647,41.226032
-87.1049,36.555695
86.62997,-15.662261
42.92151,-69.00846
-22.767538,82.00297
-72.28722,8.398652
96.94379,-60.25484
91.51943,-14.723001
-43.78272,-50.998623
33.42565,-90.481186
73.449036,-60.482567
-42.88894,-49.999912
-32.606544,-34.919117
-86.04055,-3.7005062
6.2448554,52.551727
-64.618225,92.472466
55.26425,-13.826761
33.395126,6.1257725
-36.622776,-35.220448
6.5687003,87.88849
-15.744088,-52.87856
69.7796,-53.94078
19.940874,37.042538
-31.124008,-42.658764
-45.805386,-93.33783
11.236795,98.54218
-6.774346,-35.023544
21.952358,-5.24951
-66.27924,89.689354
-22.930853,69.78658
103.435394,-1.3528972
-88.87808,-12.826607
-65.32725,-51.403698
18.509031,-48.61536
22.584303,33.78386
48.954525,-101.33816
-83.64727,-30.893858
7.3210983,106.49424
32.13308,-59.871876
-13.366505,94.03045
-43.565662,-58.91233
-51.018272,-36.51846
6.5869827,87.85819
20.400166,36.823994
52.53386,59.377186
20.102673,-61.410843
26.400778,98.21384
96.45065,-20.021069
49.642265,-79.87308
22.414337,32.93219
95.25895,-8.368149
7.7651033,71.67072
-15.99785,32.59307
84.30997,30.399794
-41.428986,49.258484
57.474136,66.751785
-8.617783,-96.273224
79.0834,-59.745865
111.51665,-5.5700793
93.32851,-13.457112
20.265444,110.39864
-81.95507,-24.916252
-54.365948,-39.0511
-92.71047,13.454181
-12.298705,20.39649
-54.93053,-39.011105
63.52777,39.718834
-8.373694,-87.58501
-66.39221,93.49149
-84.06227,12.88593
85.2216,11.609602
12.156752,46.423885
-65.98888,13.261844
29.134344,21.733168
-71.787,6.167115
51.7637,75.197945
6.880176,62.028484
25.901634,18.694973
-68.58102,-4.72894
-56.73606,-15.793387
97.98069,-27.412956
-4.1028666,-74.27099
25.688751,-60.51322
-65.682816,88.82894
28.329126,-7.225379
35.585854,4.9098926
-36.255466,113.44738
49.848103,-101.81681
-37.044846,-32.221184
6.565972,87.88507
-16.385408,65.770546
-39.220463,115.5313
60.16178,-31.062298
15.29169,0.3053896
50.22202,7.8910947
-4.243304,-8.828551
-42.22421,81.87616
56.59675,-97.44857
99.681786,-25.281176
13.404031,-105.04831
50.6404,76.06642
86.35902,-19.93141
-59.541958,-48.572296
44.430054,-100.55327
32.812008,-87.172295
-13.625422,-49.0549
-22.319693,68.988594
61.6092,-8.799735
23.686813,-39.35649
-16.294548,-26.158237
-10.99639,-93.92953
71.844864,-21.874056
20.370079,106.89943
30.09859,-50.387093
-89.44525,-12.369988
-9.159315,-13.8004
96.67339,-3.965557
49.701576,2.0476964
-66.18825,18.895815
91.57438,-14.300417
69.648605,43.94455
-13.271934,11.640894
56.03754,92.44054
-15.131674,-40.478004
-74.47962,4.608593
91.967255,43.385147
-23.37016,78.265915
-28.929258,64.146774
-33.00023,-2.4300377
18.876488,114.21823
20.505606,32.569878
-16.636755,89.55035
-97.321686,-53.084023
-45.042934,115.48583
95.03773,-66.6637
25.643541,-6.8288264
-32.540882,9.558887
18.76468,43.28385
87.78,33.05222
43.029575,-5.0093193
2.6627238,-100.124344
25.830778,-60.690487
73.584076,-6.1493254
93.707344,-61.84989
19.943396,-35.42824
-2.7347085,-84.12127
-93.64343,-25.990032
-22.724312,-33.617596
-16.599182,85.707
-49.105915,14.994483
-89.05087,-11.143705
-32.225098,97.63066
25.469826,-59.697853
78.41005,40.800385
-15.554095,93.739494
0.38931945,42.081
-48.359257,-43.07923
-71.28043,-12.752459
75.76685,8.871961
3.851288,-102.01897
3.9829886,-102.16621
39.323505,-99.75085
15.007531,111.79265
23.38005,-3.1283853
-78.548065,-34.667183
2.0266972,-111.72843
-56.161747,-10.011087
-33.802357,-38.116276
-56.494976,-45.52024
35.067474,5.0415845
25.553041,108.83931
-96.509384,-38.04271
-67.49426,-1.8503492
-98.09354,9.466463
14.361387,-44.912487
95.76291,-67.26469
-11.814837,-25.136883
23.056889,51.650932
78.519844,12.424984
-68.88705,-25.215925
-98.14608,-39.422302
35.938286,7.964479
58.873615,-18.013077
-20.658453,-77.07749
14.02556,-47.608917
-7.198325,-47.136723
30.315796,-53.125835
71.10526,12.982674
-89.83953,-42.499847
-82.84047,31.95818
-65.772385,17.287052
-85.11334,20.056112
67.78405,-4.462529
-5.619674,-43.35606
69.900505,-19.072336
-40.50969,23.730133
3.12073,-110.94407
-5.097643,-51.30475
53.39821,-100.57321
-62.449566,-67.009865
-93.21403,-37.61448
56.084564,68.78671
-81.820335,35.594116
-64.03311,5.4647765
-15.437506,22.598013
56.886097,70.89558
51.256775,85.556046
31.974962,-0.96270514
90.04363,-35.479736
16.865088,51.712315
46.42571,-2.238358
-79.89912,30.455816
15.521644,104.25905
102.49329,6.2640214
56.559383,66.80893
1.1869868,-101.76578
-13.870754,-25.399746
19.689363,9.036422
-108.071846,12.9028015
70.54422,-64.27552
12.911149,-79.14044
-64.91176,4.630911
-33.856277,62.080074
-5.91994,-54.366745
-69.14286,-10.093655
50.812313,73.04079
31.852894,-97.032646
-64.76599,8.667319
11.906722,41.227436
-41.787434,-60.745598
-8.900708,48.067184
51.537754,80.2795
51.252415,75.102325
-30.817362,-37.192593
-36.92107,113.666885
-20.466515,-56.90249
-26.615755,-38.169758
-57.1576,-44.616814
-20.27796,-57.1855
-21.695082,-33.784775
22.623022,-60.607788
-14.995303,33.475044
1.3898541,-82.50714
108.58583,-13.202101
7.8674707,53.541656
90.91721,-25.613789
95.21159,-66.78153
49.484394,42.215637
-89.53539,-31.874046
-58.945755,7.738894
-3.7767289,-72.91423
-63.813694,16.460567
3.7470422,105.34178
0.6250299,42.791203
80.17889,-22.466185
-23.060188,-56.699333
-5.5935693,-34.34894
32.80178,-93.43195
20.988789,107.47058
-20.14907,28.291656
85.12178,43.640484
-70.5185,-30.55437
56.011936,65.33567
4.130734,-23.081858
-20.883238,75.97036
-43.493645,-84.69338
78.193375,1.310065
-79.4852,32.897053
-89.17565,-35.455055
-62.73388,-25.033846
-2.5282476,-8.979027
83.979515,7.256746
16.090845,104.30946
6.6304755,111.27951
-95.00858,36.60634
38.341064,23.737532
6.074631,107.71381
-85.79439,45.22649
-33.176777,14.37348
50.383778,70.88218
49.525112,4.5013247
-36.44105,-89.904335
-41.462257,-82.026924
-11.073002,48.762352
7.021037,61.763504
79.28429,39.367954
61.25662,43.23872
-20.851559,81.1282
-55.316,1.1197282
66.39866,-52.14298
6.8216696,106.66163
-73.722885,-9.919743
0.80414706,-110.202545
102.99561,6.0953865
-10.371485,-57.12324
-9.159182,13.22609
80.04625,-46.675304
-20.255587,28.40934
-11.635988,41.410477
-74.21931,-0.6769556
95.21021,-66.78107
-66.50138,16.688475
-5.933627,-54.37029
37.67605,22.869661
62.43552,-34.84366
34.028763,21.176188
103.481926,-1.431487
28.314148,28.27676
-3.5074303,-74.68984
-84.970146,-30.52134
-53.737255,-90.50744
91.96625,43.384712
13.726953,-7.1568737
-88.14537,-0.9521474
-13.744767,70.94293
110.43947,-2.5386376
89.80499,-20.147032
-90.353264,-39.30246
-35.617672,16.16583
-89.922424,47.203465
96.51505,-3.4941475
-52.51257,-52.258022
-11.134458,-96.75793
-13.09185,21.292469
17.768835,43.173016
47.13197,-83.69308
2.6250813,-111.25094
16.211746,42.460457
-18.451298,-29.710968
-78.976746,-43.910248
-12.306041,34.779663
20.951614,-36.064262
54.15179,-99.30918
-23.138262,-37.241573
-92.989784,-37.738308
56.42078,33.592842
-45.553974,76.35226
-44.003185,50.01777
11.717716,95.94891
48.312927,5.6514387
-11.0374775,-92.25976
33.60157,5.851552
19.84008,9.294174
-7.325639,-37.001247
24.696058,-62.135323
-9.884295,-30.705727
54.128044,-103.78052
-31.476313,116.36696
19.38474,-35.274876
-20.46353,77.43683
-20.25444,-56.761223
-37.647724,81.80918
-25.391201,70.32849
-38.168987,99.01362
12.156752,46.423885
-20.898502,41.690994
7.867438,53.54162
24.4872,-61.793636
27.302168,-9.2776575
16.91231,2.9359784
76.62429,-49.114185
97.36537,-60.03568
-41.440575,-47.515568
-93.7568,-25.916714
47.82012,12.211943
60.435997,36.23569
-29.569822,56.86898
-8.4394865,-11.240445
9.912161,-112.707466
84.56161,30.46653
23.590767,-85.22779
-7.871537,-87.03336
69.89661,-19.072474
-57.040268,93.71073
39.128185,-104.94771
-107.23881,12.576957
-15.844472,24.75894
-23.958092,112.72502
-31.690979,77.479385
-48.158054,-90.7697
51.202003,85.079895
-72.264824,37.330616
-56.178696,94.66659
-28.91534,-43.71203
-83.43158,-29.402662
43.04468,8.533696
-67.657265,97.2749
80.43406,-46.315536
-85.0136,16.48021
51.055393,2.677139
44.849705,-82.13686
48.072247,3.819538
-31.925903,-37.581783
-29.260242,13.156933
-75.267235,0.05349448
23.426727,-84.41013
-28.836971,86.94073
105.60621,8.312312
25.388145,-39.63445
73.90427,-5.9306097
-74.465576,10.212951
-15.264687,-104.30746
56.96532,33.724506
-65.42437,17.38256
-28.799547,-43.527775
23.485203,-85.129456
-10.434696,-57.420654
-32.54354,97.43292
7.3681,-2.1006012
32.49127,22.447468
6.4007835,50.305252
-59.213997,98.32058
-48.561302,-90.437225
-8.054133,-49.85593
-38.646526,-89.88906
-41.48025,-47.66083
-11.709647,-51.504402
71.855606,-21.871243
32.374695,-53.981777
-65.19905,96.98186
51.66688,-101.76314
71.42299,11.172059
110.24945,3.5086176
71.450775,47.740734
77.441574,3.2069187
51.94735,83.422874
-29.106707,4.6741056
36.251106,67.58255
28.217146,-42.156124
77.4988,-14.08278
-32.47943,3.4755647
40.359287,-88.66811
-24.838186,69.597565
-12.244864,33.60093
-74.588326,-13.802385
75.23122,-15.854936
68.72455,-51.937557
55.525093,-13.800635
12.675684,-75.56402
-4.908615,50.435825
54.692932,-11.423166
12.47482,-106.92499
-30.440804,-42.020664
-84.03697,-31.572258
3.325092,12.547135
26.612484,-5.932747
-25.59707,-78.77126
39.420162,62.331745
16.713303,51.572086
-5.6567774,22.583775
32.744488,-94.79496
9.24473,51.029808
-40.498684,106.27188
92.53132,-11.271705
55.964275,-102.286804
-24.243011,-82.37798
-10.066705,-93.35624
12.498187,-55.763214
54.115707,78.07434
-33.000015,-2.4300387
28.104979,-39.06975
21.425749,45.436543
6.582416,109.27203
55.701183,-14.592207
50.812313,73.04079
40.299404,-87.52106
19.389997,33.616264
4.926521,-80.54871
-7.053914,-46.766006
70.99731,-19.249804
-37.263912,81.870865
-11.040839,41.929413
7.094546,63.876575
75.01052,-20.500473
75.68244,-16.878012
29.431463,19.733786
79.18379,-19.266598
-9.218124,-91.39069
-42.946552,-58.098515
23.92388,-37.590565
70.87365,-17.901892
-13.818712,31.826557
-48.487576,47.01117
-72.79633,36.90985
27.270407,-46.87029
-60.662483,8.542041
-84.159164,-29.529238
13.563623,43.003338
-23.005644,7.6223917
-29.133118,66.74293
71.24107,9.959444
-91.289696,2.3373752
29.495974,-100.164314
22.03735,-46.5678
41.639343,-6.103403
17.794312,-23.010977
102.49655,6.263422
12.698496,-75.54554
38.916462,-105.77879
-66.46157,89.053825
41.934193,-100.89459
-6.8265657,-85.24202
20.418219,36.823414
-8.898047,19.333647
7.867438,53.54162
19.288382,-87.714096
32.13858,-57.623524
11.748024,95.95109
26.157143,104.494835
-31.860785,111.80602
13.5872965,-45.20107
-1.8622507,44.36934
53.90052,-99.337364
40.42069,-82.58344
8.525937,80.33066
-24.994526,85.77012
20.19668,-88.41942
6.3372784,110.50533
91.00487,38.12603
99.200935,-59.48555
-82.294205,-25.459911
35.0809,21.836554
-81.29082,-32.671947
-83.7434,-0.25358593
46.429585,-76.438324
84.012184,-32.974735
70.20771,-63.554955
-31.170979,-42.590424
25.032934,-3.681493
-91.039795,-29.539635
-30.420748,69.732574
-4.100112,-84.94164
-65.458145,88.836754
100.81808,0.60628605
-29.574936,113.369995
97.257095,-3.9944568
-67.84217,8.33112
23.424725,-84.23741
-90.512794,12.523569
-54.156555,-39.598713
-59.6442,-64.36485
4.870983,-80.685524
-26.254412,69.28361
90.035255,-28.537603
13.093195,48.198685
-73.89612,36.568874
-65.664085,-0.98305154
-90.437614,-11.795926
-23.278559,4.916458
100.406296,-25.16725
4.855087,109.42208
104.87419,-22.570942
-56.119156,-36.453053
34.736603,65.38489
7.1091604,49.42698
-17.40277,-105.20787
-77.366905,2.4047973
93.753746,-61.787758
96.02046,-67.41748
-21.901283,78.72846
-24.077951,-36.05254
7.0178814,61.747883
-65.00342,11.710671
59.283245,60.330635
82.771774,-60.681194
41.713493,-6.124602
-77.17597,-0.32509765
-80.486206,33.010784
-58.24073,5.8400917
-28.205305,-47.2937
-21.812422,35.2528
20.80683,-90.30765
-6.8227577,47.33576
32.126404,-62.07016
111.44613,-21.880901
-64.62639,33.199955
-76.8269,0.6995054
47.417095,-82.426834
73.56213,-59.789608
-27.39109,14.812803
11.999447,-83.938675
67.07453,-34.1325
-8.237373,-96.828766
80.21107,-46.688828
78.76037,38.486397
-3.803928,81.56543
-14.561995,31.610764
-90.07651,44.284317
4.9595194,-79.60619
-8.698897,-87.84981
-25.51912,-73.8966
111.28615,0.2662797
78.99367,-19.122885
-94.08625,18.175983
-12.692527,68.964134
51.764606,75.20143
-56.804543,-48.36207
-67.92547,91.09618
11.248163,-5.674952
-36.5101,57.54406
13.838903,96.631996
67.43333,-51.948
104.557785,-12.202071
-2.487673,44.48459
32.95107,-62.392925
-3.5530584,98.78429
-20.074,38.753258
-15.032412,-109.191765
-32.673977,77.87749
39.685474,0.5006761
-11.040712,41.929443
-100.80584,12.203983
102.95449,6.1314883
-60.683556,-48.634296
40.166195,2.2132788
104.89188,-12.029021
-12.871448,39.746906
-52.333775,-84.68937
-82.875984,-3.3495016
26.397795,-9.381217
-77.54968,-40.21415
-61.672096,15.13638
89.11581,-36.423134
95.154655,-10.748133
52.740795,89.92241
-29.31796,-46.63938
40.189907,-81.11756
28.22604,96.19502
-57.073524,6.613831
19.459358,98.77422
-5.9361315,-44.97798
18.793127,107.2249
-14.919279,30.53565
10.177081,70.52361
41.595226,8.432701
-33.11255,110.647804
30.696302,-49.753895
-51.487957,-90.41505
-27.456728,82.17205
113.1557,13.846933
-26.686111,-3.2929692
26.237427,-40.983547
-72.6902,-13.190201
3.0263755,-103.73566
17.32498,-44.33352
-25.645956,37.48895
-14.992247,30.159313
58.801292,36.05234
-10.4840555,47.112064
83.57204,-76.991425
5.888788,99.065025
-67.83367,7.2871847
84.01133,-32.974888
-42.41113,22.84581
-27.81363,82.11665
36.430347,22.54644
22.127127,-46.594967
-96.459625,18.834875
33.158607,-2.5879898
12.957422,-75.48495
-73.99624,7.25614
11.136715,-84.12665
-40.56013,115.76218
48.45235,75.169846
25.413435,-2.890381
106.35777,-18.775747
-8.929941,-91.09066
-2.1207345,18.864346
6.9920297,38.44061
-33.196247,-73.82642
81.755684,-17.552881
-51.18523,92.38918
38.43092,24.526707
51.841057,-81.31844
-95.01302,36.455723
-100.7901,12.900392
-47.610516,15.497152
-36.005928,17.926172
44.763546,-3.9092193
-44.878784,-57.86107
4.873908,-80.681
26.962902,105.874344
-8.611835,19.39829
57.47437,66.75172
22.336506,-60.47527
84.71774,36.52871
104.78254,-1.4344897
95.78645,-7.131692
-22.560316,82.31993
110.34705,3.6412258
-13.949774,66.93174
92.82115,-66.66922
105.70175,-22.62684
-79.5887,-25.16856
-73.213486,36.17661
83.10752,8.904753
-75.93634,0.1761618
-13.228767,-49.030735
95.29363,-10.751526
2.3077261,76.39151
52.01097,11.034697
6.427302,87.94389
-30.137173,76.786804
68.074905,43.045452
26.715195,-3.151837
4.3711157,100.581604
-75.648445,-7.2704573
13.256667,-46.53196
-90.62128,-38.23721
-75.33574,-8.270209
92.26278,41.57424
-20.48896,-57.011154
-83.14443,-38.970577
24.341682,-59.986156
56.437233,72.949326
66.4014,-50.516712
-22.929842,-80.875694
20.877855,109.74105
-2.9566312,42.314358
-20.831354,80.72304
25.128708,-63.802074
3.013095,91.66607
-66.501434,16.688509
-85.46981,16.773546
-64.74356,4.185826
94.883804,-30.112984
48.22762,57.668324
79.205956,0.9295257
110.70043,-2.7805138
95.975945,-69.28528
-12.083998,26.277645
-39.507797,92.90138
-20.725647,-32.688766
5.180302,102.88846
-87.77653,2.160703
81.95371,-17.704428
28.864851,-3.6609688
17.507353,-43.14978
32.08295,-61.81896
99.21875,-57.611153
-32.39817,71.35199
91.1861,39.25733
30.557648,-51.736862
111.417885,-10.478713
88.342186,-61.300537
-8.892283,-94.26297
-38.929237,94.60992
-1.9429872,39.45351
76.03701,-6.988221
45.316704,-3.4762104
-48.226475,114.28653
-6.5359073,-45.77041
46.69463,-103.525024
-67.62804,90.52711
29.68381,-6.667495
-90.4708,44.443855
85.364525,-27.36851
78.739655,-25.27239
87.78,33.05222
-45.02157,-57.89215
-29.61347,56.851925
24.91918,108.54619
25.384037,82.302795
-97.851715,9.7824545
32.533585,-86.60351
117.03597,8.683465
24.11043,109.89449
-32.405296,71.398605
-9.663114,-30.744576
116.69359,4.50538
-11.548039,80.24835
-42.436394,25.840607
86.34054,-65.7156
-28.55587,-35.94386
96.59248,-61.135826
6.2481437,52.52581
25.257837,-47.98444
89.571915,-25.870386
94.547295,-60.150932
96.17927,-65.58836
73.71096,-7.4109235
-42.073097,-44.5244
-0.91323406,-48.561764
-15.459537,25.313408
29.757996,-48.99528
-74.802986,35.689575
-82.81761,-43.38305
26.437483,-49.025547
12.0432,79.8318
-92.989784,-37.738308
-39.464977,114.99091
-39.825912,108.8532
-23.048916,69.69467
-7.9203367,40.64699
-22.340208,-57.275158
-9.982163,-95.876816
-65.56933,-1.5890031
-100.74913,12.81571
69.99012,-54.183426
91.294586,36.10819
-15.590375,93.65235
17.165207,-44.757706
-26.940834,81.782616
40.79594,65.10421
-34.180737,-39.457977
11.848912,46.30132
-84.306725,-4.390664
-43.411312,-58.389206
1.3561813,74.65726
77.049126,32.74787
-9.830075,26.89551
82.694756,-28.755056
-56.694992,0.32959548
36.899467,22.11762
63.5809,41.463165
42.431835,7.250895
-7.635348,-32.25229
65.87087,29.04179
103.828026,-2.173986
33.771687,-58.916542
-34.995586,74.3501
-66.23719,19.050903
69.77951,-53.94091
85.07934,-25.991291
46.26312,-84.12493
-2.9199724,39.134186
-24.808672,112.93634
-8.149443,39.188942
85.70304,32.64409
92.0885,42.904316
-22.572624,-44.453976
81.52765,-17.428118
48.41273,42.35651
32.73733,-3.7170315
-94.15202,-22.200737
-27.060034,69.148575
42.73954,-4.8133836
-0.05580465,-105.50701
3.5434215,103.13758
-99.64457,46.909756
45.405476,78.53457
68.65948,-51.986214
67.22622,-56.633415
15.844033,-16.266687
-84.1712,45.334812
-26.742544,-76.17697
69.56149,42.76117
-60.87096,-2.139511
22.433167,32.907925
-94.61306,20.332693
10.696038,-106.11503
-67.80439,-3.709425
78.52346,12.425052
44.56649,80.49803
27.660078,-49.50455
-74.579666,-14.06196
72.407135,-57.741325
3.1755216,111.020485
3.7417865,-79.30955
-29.429201,73.623436
28.69402,-6.996436
-61.576725,96.684746
-64.78627,95.23231
-20.495056,77.72492
-29.939062,-43.707634
-81.72134,38.383648
29.673792,-100.399376
66.16749,66.653404
-87.793785,2.1632106
21.251236,-46.90049
-105.28652,-34.29312
-19.68891,-54.410957
-10.583732,-97.51608
109.38075,-12.163864
-8.10543,-99.2792
-10.629579,-95.26023
10.198466,-19.819956
80.66987,29.404436
25.007925,-36.35537
-56.96024,-44.72199
-34.98709,74.32018
-33.302914,60.41766
79.13469,-13.97384
-27.902298,33.008663
25.641087,-62.56129
78.58542,-23.404865
32.85568,8.685581
54.856762,-100.2477
7.552792,71.69232
76.14577,-6.14964
12.976613,48.292053
110.35117,1.6059481
-58.24334,-42.973385
6.632058,100.740555
65.71644,-59.818733
61.917023,41.14118
50.072178,-80.42217
8.296168,112.893265
-84.91629,0.06106455
-24.85851,-74.09792
70.597496,-55.711395
-8.394329,13.574731
49.200848,75.352684
-40.43391,107.5832
-12.66436,-107.40853
-57.18888,6.5717897
-91.26752,2.3400228
-9.073291,-91.04538
83.69211,-77.03911
-55.13333,-88.517044
40.203148,0.7760594
-57.806484,-43.74567
-103.73484,3.110858
12.827073,-80.337906
25.594173,-36.079002
72.82837,50.31605
5.9990063,66.642685
-28.46875,-76.11166
41.07624,2.1887875
8.879494,113.1881
-86.205925,-4.6538706
11.62266,41.613453
15.890043,92.59446
83.99738,30.840193
8.377743,-87.025314
-27.566977,-35.1749
68.51765,36.594543
-26.20798,78.57957
103.82604,-2.1469781
-52.260868,-86.43612
3.8652427,90.53136
71.131355,-21.810139
-10.125922,42.43986
-20.831354,80.72304
-2.7546117,44.14452
14.971594,-88.63875
81.29964,-3.8910658
-0.0097760875,-103.564285
-41.546707,91.282906
-83.40795,19.618502
3.315603,106.48282
-29.102158,74.60625
79.14301,-46.77731
8.0858135,114.74685
14.15994,12.421169
-94.98354,15.61579
-63.861595,16.44725
-67.92064,-4.071308
92.498825,-32.77459
8.313405,64.49678
-65.86991,-2.9172857
-33.893364,-74.29841
71.42076,-66.31019
58.370884,37.38061
117.038155,8.673942
45.953278,17.824171
88.466095,-25.789164
83.45718,9.51797
-74.08118,-33.0791
-31.887003,111.53865
-67.79325,7.3208
29.013199,0.51214606
10.444751,51.43282
88.34162,-61.300682
50.597027,14.074529
39.432518,-6.1811447
38.568535,24.380278
-37.85144,111.78848
-70.27203,9.0044565
26.503147,17.908968
24.486763,-61.793938
95.88154,-68.44302
51.040344,-101.76225
-48.226475,114.28653
-26.115927,73.66333
-4.1143255,41.569244
59.80251,35.6632
92.47939,-32.781387
-8.322205,-29.497883
34.849888,66.97593
72.051384,46.420532
-26.529694,-38.078777
91.07784,35.72929
-3.4636004,99.552216
-48.098335,-35.048615
3.0489373,-9.603981
-25.12794,85.828415
-31.03557,-42.337376
32.25726,-5.184577
-11.549446,-93.25159
-48.487576,47.01117
92.47561,-11.366411
18.289276,-46.99165
106.84957,-3.3952348
58.08895,33.362755
39.375145,66.13849
-11.4456625,19.875296
-98.02051,9.338908
-24.160366,-74.87327
96.51041,-3.491364
-13.100852,23.118105
-2.1709838,56.34779
3.8463466,-101.92105
92.524536,-11.274584
-49.14128,17.527103
-10.555762,-9.035264
-70.27772,8.00551
8.663872,80.46089
33.75391,21.171207
-33.106205,56.78897
81.33512,30.577585
20.757698,-90.205055
85.35941,-27.364656
84.87821,-32.635735
-29.761532,112.6175
82.57259,-34.727055
71.516106,-54.588997
-83.3437,-29.539604
-73.95099,3.7974722
-81.89563,-27.357965
4.0851912,-102.12216
45.93406,17.778595
59.546284,37.599083
8.118533,-80.36705
94.57493,-29.409906
38.905174,7.555859
51.98609,-101.19094
8.726141,-80.2304
34.16534,-98.62402
73.86907,31.408861
-6.3725076,-97.728424
73.680016,35.499054
51.69378,-102.24682
-87.59961,-6.780074
-31.49012,56.082085
94.60352,-66.19506
-78.221306,-43.75983
87.828186,-25.415989
-38.95355,24.65161
-52.586617,-87.36812
116.18825,10.401848
18.132181,105.55532
66.322716,67.039024
94.58574,-29.422981
11.308895,96.03207
55.949417,-16.323002
-38.062027,-92.04662
-36.61924,-35.215412
-76.54902,-32.35079
44.532295,-82.21486
18.925436,114.24146
67.138535,-55.886612
101.231255,-24.474915
-18.154243,29.810177
9.834856,103.43988
71.30925,-17.376968
-19.589031,37.92362
41.469856,8.058984
35.795376,54.93975
-3.1084566,37.423706
27.4245,9.376788
36.57305,-51.555386
29.523209,21.705107
15.607151,92.403786
-28.506313,-94.82767
-90.51492,12.511568
13.696294,43.359196
78.28422,1.6359272
61.54811,-61.788784
-9.7057,-93.68171
25.766508,97.24397
-0.97301155,55.439014
5.717656,88.72945
47.34621,93.734276
32.86786,-2.685572
-43.062794,-50.325726
-9.867627,-30.722311
-78.93738,-39.92066
-15.573637,-49.14499
14.019357,-7.4141064
54.421017,78.75935
11.057671,-82.091835
63.340656,73.25113
70.657936,-18.776379
-44.502045,115.48568
23.57625,-85.04945
-38.397488,96.86372
-20.218618,77.786446
-23.65893,69.5871
-13.2645,21.721283
-58.375027,5.94576
82.48943,-14.7842045
4.176858,100.2794
-50.337456,-36.35327
-3.519153,-35.990143
-86.882835,-11.439412
8.605548,-88.39845
-6.782473,-46.1005
-25.702269,86.74734
-36.92107,113.666885
53.126755,-80.939415
0.1677472,101.18627
-67.50368,8.604375
-2.1533172,-96.59624
45.26435,57.20921
9.159442,-55.214733
23.42619,-84.401115
55.49731,-97.14986
5.37524,68.55382
28.761477,-1.6934112
109.361,-20.12753
96.66111,-3.9666328
-10.266357,-27.316479
-12.445951,-50.551155
-27.256464,23.117947
26.145351,-63.398937
90.69977,-28.7304
-4.092396,-71.64506
-70.08588,7.590334
80.78544,29.14034
17.126,1.8513318
-2.628656,-82.538414
-89.21192,11.857408
30.46593,-91.73988
-45.809288,-87.38853
21.706562,99.35871
22.021217,-45.67684
-0.49569586,41.577522
27.178928,-42.361782
-75.78671,-8.449262
95.76869,-7.16305
-73.45897,-10.106374
10.774826,-45.7627
-95.95514,33.833828
26.039513,104.29095
-38.997673,111.98189
7.8505354,113.21867
27.064005,-6.8636384
6.8844523,101.41809
27.692228,104.586426
92.222855,-32.51765
-67.79736,-3.7561648
-91.74985,1.7409648
11.63076,-24.270206
100.81467,0.5127444
-43.24684,-53.602543
29.358137,-38.84608
81.62054,-33.58363
-17.592863,-95.61077
-36.53973,82.121056
5.0967946,71.321205
-5.6971216,-8.109082
0.47048107,-109.776306
-79.41841,32.043507
-92.93288,10.472636
-47.893448,-43.479996
23.816761,98.17288
-38.770695,99.95756
89.68667,-35.95137
72.13343,-66.63196
-27.031796,69.156265
-26.63304,17.203701
-98.14608,-39.422302
-100.78312,12.917383
27.254208,-9.14798
-1.5886214,-75.759094
-95.1952,36.459213
57.87782,33.235924
83.0321,8.91127
-52.42147,-89.59361
14.583773,-8.485639
-94.05004,13.839618
10.447183,-50.25898
-8.0194,-47.57307
21.465595,46.979015
68.79428,-52.11124
-88.645424,-38.555454
24.329733,8.961024
58.713104,35.99738
32.690796,-92.30978
-111.093605,2.9155061
-64.80176,92.71193
-76.59068,37.51677
-20.883179,75.96948
30.077435,-6.3288183
-25.767157,80.041
-22.88956,67.52809
-85.96959,-5.514433
84.065865,-28.329725
9.749817,103.4688
51.65877,80.76594
20.120367,11.477199
-31.48035,66.38714
28.372158,53.422237
-84.095955,-3.3715208
-65.65607,-0.8166441
76.954346,14.484099
25.553106,108.833885
-89.86069,-31.715816
-86.02742,-3.6999104
-72.398155,32.582214
-92.91698,12.375677
-40.671364,-83.08526
-93.067245,8.908064
-3.5966613,98.7399
30.383408,-99.96977
-15.804325,-111.1672
36.836155,22.405218
27.352036,-3.8804321
78.80522,30.773478
-13.357708,-55.37155
39.465755,-99.77096
-60.86116,-2.1345549
-34.140247,-34.873753
-50.64095,47.588802
81.51805,-17.425056
14.276615,96.10775
32.791683,-94.78141
109.0119,-1.4436845
-41.727146,-34.11303
-28.91534,-43.71203
28.055525,96.4858
-91.53115,-13.202325
83.5449,-49.894733
86.293594,-26.347061
-30.779154,-96.63867
-101.04338,-35.847874
112.370155,-14.153549
12.051451,-78.380104
57.4503,40.95738
0.29583728,-109.45996
82.10992,-34.10951
2.639767,-76.25564
28.122824,-46.69372
-95.06425,16.004162
-90.91077,20.474361
-89.80367,-42.41229
106.38463,-22.54974
28.208485,96.220184
-71.67895,-13.097682
-23.973572,-74.84975
2.8060746,110.14845
-89.87666,37.594223
43.588905,82.45487
22.05964,45.326164
61.766056,-8.829946
82.52248,-14.764792
83.73154,7.327795
-27.910835,23.55516
-64.73078,4.1728086
75.75479,8.804165
39.567135,-86.464516
-31.344471,67.27316
13.664205,-93.72079
-67.69291,95.91715
113.544525,-5.5913095
22.623022,-60.607788
25.366636,109.03059
42.3227,24.331074
-90.49076,-31.548819
-9.463923,27.25313
-36.451675,104.07749
110.545006,-21.461378
-67.48159,97.26607
43.588905,82.45487
18.487267,103.29814
16.986788,43.024086
-31.742966,97.94422
-33.11765,-99.30879
-79.4305,18.121271
16.956,36.92325
83.52971,-29.675922
-39.51942,-90.553894
17.58876,113.81369
-61.660923,15.09683
-11.195139,-92.20059
51.69381,-102.246796
106.62129,-19.44449
-43.25979,-52.964134
-59.214096,98.320496
29.007725,-1.0059371
47.64208,76.2554
105.60249,8.298793
-57.4591,93.69847
-29.14888,-96.502014
-19.52892,-30.722103
-100.86112,-35.06627
72.14664,-17.965307
-21.568567,76.57171
46.56861,-77.13781
56.897045,33.67625
26.49572,-3.6511497
-57.073578,6.613806
-57.404385,92.24793
14.273463,40.96734
-32.562904,4.648434
-83.66375,20.61757
56.34673,-97.414856
8.174207,-86.07987
40.898174,63.036957
69.56216,-63.555706
49.99357,-101.49813
-13.156889,-107.29771
81.67189,-32.45318
51.764606,75.20143
77.922264,-13.948717
-10.493176,52.87065
15.588445,-92.126465
-39.68919,-91.00121
-101.22275,-30.976412
25.762447,-37.19133
-15.6302595,-111.80998
4.403586,-102.22208
-59.39062,-61.493587
-89.62624,37.36579
-10.251643,-9.632092
80.89325,-33.14001
65.10578,-2.7670472
-93.06201,-9.077041
-25.537579,73.685265
55.06879,-14.051266
6.2080965,63.9601
26.5584,-4.2577586
-98.05262,8.422463
-4.7281933,-83.121735
-9.983821,-50.15482
-37.906506,-34.645496
-18.457167,-51.729618
17.325058,-44.33347
-2.211362,55.577137
70.54596,32.136875
-30.394293,109.40264
59.112705,73.25451
110.34928,3.6416025
-44.00723,91.050964
-36.01217,16.09619
79.762825,-0.39422068
115.97292,11.440767
67.25345,67.01005
-30.197884,4.7514577
-25.252861,69.60255
-100.87786,41.93202
-63.769302,7.9312305
-71.73058,-13.1469
28.725647,22.69885
-73.86464,-9.843741
-61.673046,15.119947
-48.127594,114.20861
13.926503,-22.472921
-31.891933,111.43183
-88.21357,37.34574
-7.2277737,-38.702076
42.8876,-79.243385
78.84419,-46.475807
25.925474,99.55982
-69.94289,37.991028
21.85484,9.909315
14.204217,-39.6952
-64.772514,8.673042
-88.60672,-5.5963206
-25.90115,78.7522
-61.55135,7.869424
25.248238,55.40996
-38.119003,98.740944
64.32313,-6.941478
-0.08513151,42.959236
61.638683,-63.888214
26.883354,-3.0010579
39.35853,67.18009
38.430935,24.526718
78.96072,39.232807
48.090393,3.8272212
30.196033,53.773514
-29.681696,-93.97419
103.49617,-1.5572429
16.426811,37.883606
-89.396576,-39.63863
-58.673023,-0.23154289
91.06156,-25.46051
53.106537,-81.1859
6.6210504,103.23129
-8.323827,-101.01889
-63.54681,-65.91526
-19.359589,37.015133
34.43587,-98.10973
26.443777,-59.28752
-30.886738,10.602565
-10.74177,42.16133
-12.96032,-55.571575
-34.420387,-39.666183
-28.719688,-43.60251
52.155293,-96.871445
-84.08683,45.823574
58.87838,36.13307
-87.114655,-11.626144
-12.8935175,-48.696507
-84.169716,13.377628
-32.396812,77.07154
67.19372,65.72637
-31.108397,55.9838
13.880616,40.14673
-59.545593,-49.683826
-10.129919,-12.862449
105.25374,-1.583796
14.325085,105.27919
-85.15909,19.989014
1.1004586,-100.10655
95.98507,-67.295654
-59.876923,-46.37095
-31.337776,67.24042
-29.314146,-46.63003
93.547714,-29.505926
58.83086,-101.3167
80.74196,40.992016
-77.3871,31.8405
-13.912524,92.15341
20.27592,-82.92099
6.930203,49.72717
87.83997,-25.421904
17.771585,37.672676
41.227688,22.878647
-40.34807,91.85101
-18.990229,-37.347347
-73.649826,7.3037233
22.37892,32.86258
39.603256,4.594858
20.315868,30.06931
-6.9557085,49.368195
22.823462,-46.075836
71.450775,47.740734
28.290829,28.241898
51.87055,80.58595
-28.806604,-35.963875
85.51208,40.254707
-62.307777,0.736852
27.692228,104.586426
-94.59549,-24.964182
-67.9526,96.82407
-44.30788,-83.33258
50.422527,-80.61187
-61.833385,9.035309
28.842848,-3.608091
77.04811,32.747936
-44.41859,-85.83693
-64.78366,95.23645
-57.18094,-6.789161
67.55379,-51.90616
32.0911,-87.91356
-16.553118,-27.49689
-40.23836,24.149643
49.669632,7.820346
-59.034687,7.936276
-57.058025,6.619179
-23.20116,5.1267247
-47.617977,48.666126
2.9892528,-8.945414
-38.87163,16.881638
30.67233,-49.77031
-20.255604,28.409552
18.14308,34.42503
25.828024,102.36427
-83.28482,19.563665
59.6036,36.67367
-24.790909,68.76779
-15.838865,24.781155
-59.912395,-63.20983
-12.409394,-52.380333
80.78062,29.354347
-66.40055,16.76616
49.39643,85.52677
-6.0067844,53.571857
97.77489,-3.6720128
23.92508,10.436404
-19.590952,-56.88717
-3.1578212,100.17326
-61.61126,3.2954533
-29.797897,-30.353725
7.750107,53.431698
61.837955,43.809982
76.18128,-20.952118
20.984398,99.2186
14.172973,92.41803
-15.564082,93.742714
-56.62299,-65.08907
-90.85,-37.64175
19.584631,4.3756886
94.25235,-60.291405
-68.63378,6.71945
25.827059,-7.6738977
-33.70895,62.285965
12.672362,94.91565
46.974625,76.97306
1.5232124,-7.218296
-66.79433,89.40829
59.32669,-101.36927
-25.716139,69.685814
-15.028139,93.19617
27.822899,104.347824
24.752882,8.274024
105.79167,-20.797585
22.739347,-60.488426
-30.661526,68.81357
92.2201,42.18852
85.46258,-30.389423
-29.765682,70.70296
50.672874,79.12434
78.49566,-50.046078
-70.34317,-30.268797
21.563656,-87.52422
-38.22077,-32.264904
-50.419727,90.63135
43.857838,62.286682
82.52148,30.429903
87.48752,-33.535297
21.127226,0.931764
-25.794281,-2.8735507
-67.55614,94.13612
86.41659,-58.706112
-94.27131,-22.584108
87.54196,-17.137959
65.09759,-2.6022155
90.99617,-20.753143
-18.488932,41.916595
-15.551374,-52.866108
25.037277,104.312675
62.80893,41.601933
27.429783,9.368354
-24.00119,2.6087136
89.80273,-20.148466
-74.07118,-3.5692353
-97.851715,9.7824545
73.42689,36.025146
100.297905,-2.9403322
-76.04721,-10.610358
-29.427258,73.62445
43.922733,81.017044
-32.40729,-37.68811
14.960828,-92.81713
-39.853268,108.772316
-105.34465,-35.221783
16.88114,-18.98041
89.159966,-36.692173
48.527565,22.944708
-8.346435,-29.501957
-40.12781,107.93473
34.107388,21.180082
44.45477,78.154884
8.492335,114.42947
79.03328,12.732556
-23.610548,4.118419
-77.17524,-0.3458003
-65.07935,-24.190075
26.191711,-52.48411
-18.682499,28.517643
-91.26749,2.340022
-10.495346,47.12213
13.288203,-105.237114
-36.160328,-90.32883
-64.7159,97.41905
-19.795872,-57.11412
-108.274864,12.700109
-9.647147,-99.85487
11.549159,103.34046
71.330986,45.12566
51.685352,10.619671
18.421883,114.17433
8.592004,80.10894
26.516449,-9.391551
95.0752,-8.898922
29.406277,19.766901
-21.048641,75.925735
56.54927,69.64986
4.2495627,-102.19638
-91.951744,43.687164
54.57505,-98.7019
-73.73381,-9.97603
42.285206,-100.84016
-42.082397,-44.56108
19.824783,4.459053
-37.73976,112.04371
108.9618,-9.885952
-103.867874,4.0796328
-40.266327,-32.24645
67.39609,48.244907
25.348642,82.32972
39.107914,-88.03382
39.632114,4.5621414
-42.9865,-47.59084
26.540972,-58.434395
66.178276,29.555674
98.20414,-57.206795
13.003131,-92.17763
53.215954,-94.20849
-41.660366,81.09938
89.80168,-20.146978
2.6443152,-6.54937
-84.05427,-3.3072126
72.20761,-64.06734
-87.3121,-7.364806
21.235497,99.4615
0.19017917,100.73098
54.41377,-97.211044
9.642724,-105.908585
91.67884,-26.745367
27.041048,-57.54865
50.422527,-80.61187
-20.019474,78.512535
49.294373,4.6353955
68.15965,42.124325
-92.66304,12.753183
-42.32138,-60.192455
52.588814,59.29782
-9.667376,-27.658812
-66.16855,18.87201
-11.111125,44.925457
8.118533,-80.36705
117.12588,6.7101693
67.22639,-56.633854
-107.599266,11.582293
-5.6685905,18.784122
57.418747,59.615185
-50.800716,-89.65847
15.559906,102.53129
20.449774,98.869194
-67.50702,-2.498454
74.246605,-19.404942
-26.662888,-3.2943995
-21.84083,35.257866
-3.781169,98.368225
-15.241455,89.884705
11.301562,-110.26684
93.57709,-61.887707
50.442703,78.94895
-32.54686,10.377125
-42.62987,50.375126
20.84937,99.047554
-50.909367,102.93017
31.442125,6.509659
-11.848867,-25.121586
3.9778035,-25.91781
28.576944,6.219349
-32.438,-37.654682
-33.065994,-94.78657
-103.721695,3.169899
21.276764,-86.644325
45.983673,77.93768
108.9618,-9.885952
9.24473,51.029808
117.42536,6.377117
43.323715,-90.013115
-43.23475,-53.67769
-11.988155,36.896362
-60.195637,-70.14947
82.759636,-33.443447
-58.939053,-44.9179
-5.134631,-84.21874
-37.6984,81.15467
54.48809,-10.65857
40.213505,0.79879373
39.375023,67.86217
22.018219,45.131184
-25.508537,-78.81116
-23.159517,-1.883312
26.380547,104.16263
-75.60386,39.35924
-40.1997,-85.12614
72.44668,45.88045
-0.56330025,40.86372
25.323214,15.068099
-52.270393,-38.687206
-32.378685,-32.188705
26.976595,-1.697907
92.49108,-32.789608
67.98808,70.94299
-21.219353,-74.46961
76.83974,30.645006
-30.963696,64.271194
-14.633519,-24.910267
26.191326,104.078804
28.320211,-7.2903438
-5.4129143,20.208258
53.572243,18.241774
-32.573387,77.49015
-46.417606,-87.14602
17.81813,46.997223
-22.711525,-0.07465257
-44.183002,52.9192
96.47072,-62.233376
-67.99113,-13.577432
54.707752,77.53246
-32.78507,-28.94041
27.603168,20.286142
-40.27213,24.188517
71.60107,2.4206278
29.250698,-39.03608
-103.845345,3.6928167
45.07396,-82.100334
85.2722,-50.266117
-10.15616,-50.276455
-33.0248,-71.11657
19.100487,7.689453
94.9118,-28.092554
64.76876,-7.6502185
-36.694206,115.03169
3.3280523,12.546873
61.837955,43.809982
89.159966,-36.692173
-6.006727,53.571865
55.26126,-13.411908
-37.210957,95.12457
18.890299,3.0806403
60.556416,-16.096468
-21.795824,-36.890835
-66.475685,19.356712
-88.70996,37.274868
-87.12368,16.443117
-76.43467,-31.784525
-18.725058,29.973644
-84.81936,-36.58308
-1.9959699,39.42225
49.295593,77.9097
83.77872,-4.271601
-9.148138,-90.971
41.778053,23.815897
27.96691,-45.552135
-63.72466,98.36068
-12.569429,-50.456158
-85.19337,17.534075
83.29602,30.62261
108.80409,-8.727199
-24.355349,-74.57045
53.027412,-93.91697
-36.622776,-35.220448
58.76119,-18.018822
-95.04918,47.11773
83.64221,-14.496511
50.71155,41.34682
45.3875,57.046707
-46.77157,-95.8378
71.37797,-62.730743
-108.289604,12.713003
83.16979,9.515852
54.303978,-98.753815
-3.1225677,37.4379
-94.15782,14.179643
21.67031,35.222836
50.75216,2.7056587
-21.196432,-57.077057
79.08342,-59.74591
39.348145,66.0263
-40.412334,107.84323
-9.588595,-14.15869
-97.84735,-39.470043
51.493614,2.3739626
-32.73971,-73.209984
25.998293,-8.4570465
105.70466,-22.201061
-62.094627,-9.152583
-12.528679,81.095955
-94.9351,16.226831
113.54908,-5.592257
66.96789,-57.424767
-11.619999,28.812292
-97.69175,-53.270992
108.68741,-18.377443
40.519558,7.6318254
-18.416567,-29.406395
61.3202,-9.11238
-10.087874,-96.50665
11.308999,96.03205
-76.01186,-32.40601
-38.44285,-93.73197
-44.933655,-90.85099
74.84153,-8.073061
-15.583441,93.649185
-68.40795,15.869148
-32.593403,77.52448
3.083472,-3.3235514
29.830523,-0.090633675
-56.178696,94.66659
-46.07179,49.932518
-93.91673,-25.65245
-40.66113,24.143148
15.623192,-91.543076
79.10736,-46.781322
30.50617,-42.818714
-38.530872,-32.299587
-85.09056,39.94733
-90.963875,-0.7843123
12.797491,-47.480553
24.734276,5.2870846
-45.30201,91.02301
12.660976,-83.90268
-3.3194165,36.92425
-19.88609,32.140858
-49.350346,-88.99328
91.04927,-26.507168
9.31331,-112.65255
-38.340942,-94.404854
117.140205,6.951006
-17.68303,-45.591217
60.372143,-13.930978
-105.04198,-34.932697
19.567623,98.41794
21.636663,33.78742
19.713898,110.79132
-14.9269905,25.338348
14.278211,40.912796
-29.438547,76.12251
33.465572,-89.70555
-23.059626,-56.695126
-33.414497,-72.073235
48.301746,3.6710894
-1.4186728,39.906216
69.80027,31.267992
-33.179646,-75.06245
-3.5015948,-36.00771
-19.892454,30.535027
-82.870415,-29.20923
-16.163418,89.84204
-22.626648,82.16369
-39.734142,105.457565
47.64208,76.2554
-41.31608,-47.511555
-22.886213,-79.52649
51.823193,83.18464
56.75258,59.62933
30.316957,106.58201
-51.498386,102.95269
24.32897,-5.168624
21.72547,-4.461715
-59.592598,8.174213
79.26088,-50.22297
53.323654,-94.64159
-6.485982,49.781113
86.60372,-59.18689
39.29427,-81.27696
71.434166,-66.3908
40.098576,-82.55224
-1.7678828,-81.99049
38.817802,-6.1679335
21.796738,-86.67269
28.386715,11.43252
8.58436,-88.37764
10.4074745,-88.009056
67.0735,-34.13249
-78.490555,33.13478
57.717976,-17.612429
42.06771,4.354944
-9.6617,-27.672924
40.440975,7.1168623
27.326275,99.98722
-59.11344,-70.08084
-24.49588,-37.148228
65.41756,-62.53847
-87.20334,-6.555466
4.950665,-2.706481
-20.791906,81.01527
-7.126691,20.105877
111.210434,-6.3632936
-72.59844,-12.819853
-85.42318,-31.185646
0.8163795,42.84906
64.45824,29.041399
-92.87781,-34.74758
-89.875244,37.595905
-45.475056,-41.78757
-29.216948,23.800222
83.57907,-76.97049
-16.837217,-112.16796
-11.121687,26.137753
70.636185,-18.797453
-56.420464,94.53717
-19.704042,-33.909992
-13.195531,27.181492
53.64057,-105.07873
-9.455561,13.016393
-60.876236,-69.7119
19.749084,9.2433815
18.163864,-48.909874
-28.801636,75.50906
19.734512,108.5146
-15.479477,-25.04644
41.725533,8.6100855
60.456,59.747795
34.32409,-90.7934
116.55903,10.541217
-73.25823,-9.83177
71.467636,3.5899487
24.846296,93.56248
-91.33294,15.3213005
56.814007,65.195465
24.608603,82.727844
110.66131,-11.009118
-21.377865,37.084225
-56.62703,6.0456357
-93.04903,36.888622
84.344124,7.1978087
52.15979,2.120933
-2.3877525,-82.57801
-68.63643,-25.111774
-106.80977,12.734232
-25.677261,-78.78961
39.05724,-105.48091
-6.113567,-45.139496
14.421254,2.0429947
24.753101,8.30512
-42.310696,81.71595
-87.20006,16.49219
24.95929,7.606455
-79.41411,-40.195538
-31.613747,70.7709
-26.84428,82.36096
-27.425514,117.21603
44.23064,79.518524
-28.665932,7.04758
48.089127,6.048845
21.101187,4.2033033
17.74453,37.543934
-100.726906,12.8169775
18.85067,-47.690186
-81.16194,-24.395779
9.265982,-112.98927
86.59647,-20.004406
-45.99685,46.065006
81.749535,-16.455599
18.719105,-47.794014
59.80251,35.6632
107.625145,9.605396
71.834465,-63.97896
5.180302,102.88846
90.76963,-26.495564
104.79284,-22.677902
82.85346,-34.862743
16.008263,39.101856
17.695938,-20.527855
-57.285538,-44.198826
16.639576,-24.04991
-30.818321,-30.04429
-8.325985,-14.525348
-50.68663,-42.27525
3.1570141,107.46378
-18.785936,41.03918
-76.5927,-33.987915
93.59352,-20.59218
-77.55063,32.079994
-61.908573,97.56099
-45.811726,28.569498
12.150454,-75.39387
-11.1277895,-96.76218
-7.7319546,51.494453
-52.795467,93.04724
-7.4499564,-38.175056
-42.456535,-84.45708
87.327,-15.500711
21.630165,-46.34713
17.77503,37.670845
-32.76145,78.14158
86.27,-61.94444
-85.03424,32.339607
83.26506,-34.912766
68.15965,42.124325
20.130802,80.4411
-82.08423,-40.927784
78.07744,-60.638634
-31.778452,64.491516
-45.969936,-90.37518
76.19351,13.94358
112.2704,-14.174045
-85.93863,45.179356
-30.376776,5.5414915
78.974785,-14.834285
90.489265,-19.65994
-61.760513,-67.39124
-75.04647,7.6733003
80.69972,29.269308
-3.7910478,-72.92243
8.961425,67.24217
58.627804,-10.669086
74.694115,-16.329273
18.301914,109.02503
29.03123,-9.0076475
56.216766,91.30957
-81.1675,-40.583565
55.32518,-13.33665
68.48186,36.537136
-6.3891635,20.501993
68.77369,66.554794
0.50735724,83.73001
14.8411255,101.61103
19.055103,106.99475
13.320061,102.40474
8.006235,-3.613795
-16.594402,85.71805
34.730415,9.950797
26.462685,11.545802
19.522032,8.516981
-81.75478,37.611305
6.777912,98.69549
24.523129,-6.039758
-3.3220503,-81.738846
-38.966335,81.40873
-20.780413,34.505257
28.63836,-38.775143
-13.636088,76.78844
-9.80139,-56.462452
41.507397,-100.849365
-27.767532,9.116439
28.18026,-9.188295
96.45065,-20.021069
-27.29561,17.186792
85.78653,-50.523857
-20.250502,-56.76445
99.84628,1.1413447
60.928173,60.95883
111.487755,-10.443456
10.903011,-109.5512
45.489964,-81.58114
-7.826569,45.57936
96.84435,-20.616045
53.54945,59.810123
26.182339,104.496826
-26.203196,70.594345
-83.43211,37.955315
-50.12605,92.16521
99.2185,-58.75466
28.38283,9.78852
25.300117,16.319891
-10.95399,-26.994684
51.981487,-101.85498
-25.639185,69.814476
27.300379,-5.3693686
32.335968,-97.35538
54.73616,-100.6543
-17.592688,-95.60936
-71.12006,33.88817
-40.463074,-82.496735
14.587868,-93.64966
29.934052,53.72277
-63.902885,35.138763
13.83337,41.402832
23.80317,98.16165
-42.92683,-47.68681
-8.322205,-29.497883
-11.2641945,-53.087284
-8.946809,19.067757
89.507225,-63.461662
25.40099,-63.94931
-76.75662,5.598205
-35.816902,16.580276
32.2564,-5.191992
14.020839,41.280624
-4.541377,-52.957977
91.56285,-14.26878
47.625744,-103.005615
-82.77742,-3.3033054
-25.008804,-38.385273
-86.53209,-40.48015
56.359898,67.62113
77.30971,-51.964207
-70.69407,-24.466476
-10.5851,-97.51938
3.2427242,-77.03171
60.012802,36.926697
61.585175,33.755657
2.6250813,-111.25094
-59.592598,8.174213
-50.24039,-42.310886
1.8934357,72.45404
28.957487,-99.7817
-8.262815,-96.90479
20.30669,30.060427
-0.44807807,-96.41155
-100.319824,44.843014
-4.864249,-12.500465
-59.819607,-47.64053
92.17508,-27.250114
-84.70307,-30.928288
-50.909042,102.93001
-108.84906,1.6486689
-47.160248,46.618248
-69.10661,-13.269011
84.57225,30.432955
-8.223247,-29.556955
7.888754,-113.7746
-95.10455,20.016853
-39.48169,-90.6728
-32.27175,64.50545
32.99423,8.89006
91.967255,43.385147
-56.118298,-36.453094
-55.466805,-88.31383
26.249891,-48.25744
-1.2822407,73.70843
81.62931,-16.370125
12.233579,1.8961319
56.309338,61.778675
46.660107,-2.5245469
-21.676472,34.803226
-77.3871,31.8405
55.067043,-95.8094
-86.85352,-6.41715
84.39752,11.733686
-94.20526,-22.315983
50.049805,93.056
76.55395,32.846058
109.3799,-3.877754
25.695757,-6.093407
-0.01080979,-103.55056
-19.006752,38.055794
0.4411006,100.94251
48.541042,42.49178
-9.667296,-30.748325
-25.888805,73.37305
46.256393,-0.9341219
-19.30016,-36.29391
-100.803986,12.899024
0.21270129,-109.36015
8.552058,53.776485
74.67597,-16.311798
8.326327,65.45979
66.785095,67.27147
-32.33148,76.63334
81.56915,-59.495228
69.969,-50.718826
52.811836,-95.29593
-41.296383,114.00085
51.36912,73.41665
33.38326,-59.024254
-19.89009,79.348724
-23.843676,-82.306175
71.54382,1.9696882
10.853437,-81.3563
-74.71742,-32.157883
-36.59859,58.98654
-75.917755,-9.495247
13.610596,-85.38585
41.69577,64.0449
-5.097638,-51.303772
-1.6706212,55.79852
-34.267273,102.5797
54.315605,60.6334
-55.743263,1.596048
-91.70877,14.97565
-27.013964,115.48277
5.376375,107.161316
-34.70238,-35.167908
-20.0329,-36.71546
-1.2822407,73.70843
30.767435,-50.914085
-13.199444,90.209755
-82.82264,31.930096
-27.612305,-36.866558
-7.405799,-37.416103
51.108208,-101.61825
-7.068227,-34.59364
-45.021194,-57.892113
84.38007,-3.709087
-67.63502,8.662653
5.4073267,49.493694
26.548195,103.407715
-12.864839,94.48902
66.09951,-50.150124
-53.853848,-90.44204
-63.671097,16.5328
-1.946554,39.424816
-64.8174,16.067633
51.327,89.05916
-77.94011,-34.70504
20.897919,-89.20431
54.161903,44.343327
48.31926,5.6557593
2.6734617,111.56299
55.9604,-16.686182
-107.76634,10.072699
13.117694,48.19852
-8.726371,-13.416321
11.888871,-110.241745
-56.682907,-16.048119
31.278753,6.075333
-18.008448,-105.88664
-15.641113,23.945942
11.640739,73.13207
62.96835,-10.2019005
108.9455,-42.74137
61.585213,33.75585
-24.424637,-79.760185
-53.348183,-92.53148
-78.221306,-43.75983
-44.121864,117.052444
-67.13147,-3.7270594
-15.081767,25.421087
52.752083,-102.32011
63.931717,-62.641254
26.467428,-3.8413918
21.046986,36.162647
-43.782608,-50.99854
16.417856,-24.546736
47.454105,4.999984
-23.068184,-82.05631
-27.391567,14.812869
-86.30489,-4.715919
20.32173,30.072443
-20.158087,28.294868
-30.779043,-96.63682
11.623949,79.66433
84.375595,40.503605
-69.14664,-10.096752
-22.733528,-1.6382021
-48.561264,-90.43735
116.69474,10.014269
30.863552,-51.960953
87.52146,40.62778
-8.7688,48.705227
-24.093725,-82.27863
-44.33034,52.683365
34.562862,3.7204833
-23.184248,-0.73881507
36.231216,-89.20855
-95.234634,-42.292706
-48.91269,-34.98911
17.58876,113.81369
9.641952,-111.40103
-89.31748,2.2463274
81.779526,-3.9562879
-29.80013,-30.35846
46.69463,-103.525024
-4.3987255,-81.57429
-27.933561,23.502914
-85.40209,16.771973
95.68416,-20.423206
42.26601,-79.8023
50.64807,57.977795
-28.158463,86.978584
48.014244,42.930695
54.11592,78.0751
117.12164,6.7694154
-3.7298892,-98.09193
20.610432,-82.98363
-9.908874,-56.539246
-32.32187,65.56301
-4.199683,55.728565
51.555912,57.48164
-32.73872,-37.830086
-6.1496234,-9.489178
106.27331,-19.367071
78.14144,-49.33668
13.197796,-46.53555
-11.969129,-107.023026
110.71436,-2.8070016
40.14615,1.7684034
51.45138,40.478863
-0.5910029,-96.98765
-1.2487999,43.92874
-8.786014,-28.85578
-9.340881,-30.454456
-22.859596,-35.522366
-96.98881,-39.112972
-44.611256,115.72874
-87.37446,-35.38313
90.20181,-35.25089
47.35167,57.384563
50.94875,90.19986
-29.08385,86.25613
48.888256,85.89534
-65.63148,-1.1671559
-34.140293,-34.87371
78.04174,-48.502033
52.084427,72.68056
16.507423,68.50205
39.022366,-105.393394
38.078445,40.494087
81.8572,-5.1621566
19.93589,35.657566
55.98541,-16.123331
-27.21358,-34.920525
78.57071,-13.759497
30.429813,-49.398712
-20.20511,-33.434437
-2.7745733,-83.99978
-27.037697,22.981829
18.467854,103.31681
28.072243,12.083194
-83.39025,19.619701
84.02426,-32.98224
-10.261128,-57.039806
-59.942043,-45.45568
-30.269138,12.49944
-32.627472,117.98062
-38.347984,99.50127
21.956654,-5.246218
-36.312496,-24.003872
-20.460344,77.46269
-22.980185,71.35117
4.2792606,-24.817427
-30.326265,65.595146
-72.212524,32.767776
109.94915,-4.114601
1.2792889,-13.119487
-48.351746,-40.187668
-81.95507,-24.916252
-89.68855,-29.927
89.69993,-60.497322
51.317425,10.602678
-70.21222,9.010016
-87.79847,2.1709533
-13.061154,90.210106
79.609764,-29.41457
111.71467,-22.074673
92.67781,39.915302
10.365928,-105.861916
8.762393,114.67729
39.909645,6.127435
-14.91944,30.53607
51.857616,59.08761
18.784475,-23.423187
-84.94101,-0.1290009
-55.13333,-88.517044
84.407486,30.794615
87.08888,36.985344
-49.379807,115.44778
83.1018,-28.969961
-58.471825,93.71476
-83.62497,-2.5565915
-14.438512,-53.914684
-50.59019,102.70363
95.24748,-56.938606
-74.134056,-1.0040652
-35.661465,16.048138
11.57204,103.32905
73.67427,-57.311275
-104.971146,2.0361402
46.292263,-76.85142
89.42277,-17.98154
-103.844124,4.008747
36.57293,-51.55538
14.27285,40.931072
96.667534,-3.9647253
-79.28439,-39.12379
-59.61899,-64.99299
-70.60466,-24.13977
84.27601,-4.691345
8.492335,114.42947
42.007423,4.386571
13.603383,43.197475
-67.979324,-13.575646
58.759914,-18.01861
-3.5326912,99.474434
-87.041016,-11.559834
-95.69204,48.515846
103.53941,-23.772781
-91.35952,44.988724
4.90621,-79.76752
2.791483,110.15218
-89.11642,-35.013176
-29.074245,13.267981
71.99186,-64.51668
-74.54516,35.966244
22.623022,-60.607788
3.95746,-77.231
-46.141464,-49.316086
-41.502308,-47.622112
71.52167,-55.63939
76.90415,-21.947165
20.800411,100.80903
-43.49148,-42.519894
-9.908979,-56.540688
-99.03962,43.567516
-96.159966,-33.398106
41.35857,-100.56267
-28.635723,-40.740215
49.35984,4.253316
26.882896,-49.238255
-81.8995,-24.740126
63.87356,41.420258
21.914484,34.9789
-68.24017,96.576096
-8.8168545,18.740692
26.427109,-3.7218966
-33.042007,11.397789
27.265385,-9.127959
25.346968,109.41828
69.90957,-19.056507
-65.93891,-61.37893
65.25324,-3.5700977
-43.677525,-51.176975
113.5436,-5.594344
-54.876286,-89.93963
-27.656904,114.826965
92.498825,-32.77459
-5.079338,-51.307964
-63.32472,-25.54957
-90.59319,0.77885133
22.772417,-86.3333
61.76387,33.293957
80.87557,-33.15213
-58.6861,-48.72242
9.486561,-111.73662
67.08456,48.187153
79.186424,-51.301533
-84.941605,45.148415
46.927593,-99.960915
-28.372732,-37.14728
95.135475,-10.195822
-91.31722,21.119005
-31.102892,-37.266285
25.867006,102.38265
-18.5198,-37.265812
52.533955,59.377193
-21.067844,29.153698
53.77591,59.511417
-76.3961,-31.937572
-24.541561,71.089676
39.881504,-79.239525
7.828104,113.21536
-16.694069,41.408497
76.28263,-20.977137
28.957489,-99.781746
27.541494,-9.460833
38.592037,22.632433
-33.8418,-93.55516
-66.206436,18.980047
50.518726,41.443233
-73.649826,7.3037233
46.810978,-83.9219
7.368098,-2.1005654
19.713404,-58.795803
57.162613,59.818253
-1.2686954,55.79176
19.210207,-47.55099
25.34676,109.44025
25.311148,94.296364
-5.9277825,-44.986473
20.852884,-89.129036
109.75835,-1.7376626
-43.84587,-87.632996
20.54131,-88.778885
20.306902,30.060385
-107.4246,1.1852854
26.540972,-58.434395
-13.718525,93.688354
-111.17411,2.0346732
21.504774,-3.6239378
-20.855055,34.291233
16.003033,38.513424
18.255177,-49.0893
-72.22039,5.801107
76.45083,-23.63235
-57.322517,-65.401474
55.76621,74.978065
68.63356,-6.634482
-76.88142,0.37633708
95.44707,-62.67012
-12.030582,-107.00572
47.36685,-102.84183
-79.89396,-40.25445
-74.17885,36.978252
53.20665,-94.72241
50.209442,7.910667
30.1066,106.428276
-33.66663,-28.593283
-1.713649,55.686714
65.49767,65.49918
46.28184,-77.0595
-74.63512,4.5878835
2.6131804,109.89241
77.07762,-20.636969
-61.57674,14.119892
44.849667,-82.13695
28.254261,53.518272
-7.752572,45.544605
12.505454,-52.634148
-42.341736,52.772198
-31.50406,56.087673
106.30405,-19.336914
79.70201,10.448095
56.892715,36.45644
10.491987,-45.044216
56.54927,69.64986
-43.188377,25.169754
-10.67694,-92.34987
7.368088,-2.1005785
31.105736,-51.423355
-35.566555,-35.38387
49.80169,34.7284
81.672356,-32.45331
-14.005081,-55.607033
66.28224,66.05763
6.392665,50.29729
-26.240206,74.55623
54.298508,44.53692
-92.70894,13.438486
-89.44544,-12.369984
-5.097609,-51.305603
17.389149,106.04273
-2.8743958,-97.48044
11.24503,-80.76533
56.315113,18.438377
73.34564,-57.217583
-28.411413,-47.29569
-93.007286,12.416042
18.56815,34.05483
-31.11055,55.98247
8.890922,-88.1043
7.3626723,99.686455
30.383408,-99.96977
51.910168,82.9981
18.245695,-48.002243
81.626884,-16.358557
17.768711,43.17302
50.850094,75.84354
108.05064,-1.4814954
82.39829,-59.65798
-91.609375,2.0109797
40.24539,0.7870993
5.2024603,64.28128
-12.787696,-48.41719
92.38017,-60.91933
44.664417,-82.862144
40.137486,8.94749
-0.7310663,73.95768
24.952093,6.5629764
-13.193441,90.19826
-38.62537,22.533222
110.43947,-2.5386376
-30.125198,76.99534
32.374695,-53.981777
111.71285,-22.074726
-15.949715,22.247805
67.45088,-6.694811
-0.77008474,-46.851227
-27.915361,33.01623
-28.664469,117.666245
47.042282,77.198875
57.327793,36.881016
32.604507,22.281147
49.42122,85.89531
-23.094383,78.84051
32.09098,-87.91347
-29.378983,85.53343
-83.88574,-39.435165
-0.5552478,-107.15875
-39.06556,110.1702
49.875957,12.34293
-11.057714,27.30258
-2.8162591,-97.54882
-4.1273274,-53.099384
-3.6502707,-98.04338
-61.7601,-67.390594
12.627398,-83.90293
-29.188957,23.997421
70.61521,-18.337698
-20.8093,81.01999
57.43424,-100.34316
-3.748356,-86.52454
56.592846,-16.582355
-45.853703,-49.89608
27.973087,-48.767597
21.533897,-61.59974
81.020775,-24.182528
41.595234,8.407761
80.21107,-46.688828
-3.0356634,-82.55461
-11.983267,77.99741
-29.248476,-35.05973
110.70608,-7.865055
-4.6153817,-54.512886
-28.354784,-37.147896
43.729553,62.241833
-23.048544,69.69384
-64.54194,34.103516
-20.820076,81.26135
73.15383,45.144016
96.28635,-19.725237
10.638881,-47.19474
15.073473,-23.147482
2.5462322,-111.701164
74.46066,1.5901649
33.28713,21.562946
52.434402,-100.66103
9.59458,-25.071722
-29.789566,56.791073
86.49455,8.878666
-84.8418,16.309286
-9.863105,-10.4937725
116.687355,10.004879
12.097762,-55.663166
2.6739626,111.560326
-15.031382,-105.53086
2.6240602,-104.064064
-36.49742,57.561256
-10.626337,26.22032
94.9783,-9.662726
85.23604,41.101387
-22.969439,-34.4277
24.151325,-39.82664
-47.20157,46.62434
-17.157362,-53.39535
56.224735,68.37965
46.878986,76.56771
73.41366,-61.358955
-6.8399253,-39.37708
48.954525,-101.33816
47.06299,94.23194
-94.27131,-22.584108
58.506996,35.880318
-31.076962,55.955334
-16.37892,89.73798
85.82517,-60.20317
-10.153343,-11.588499
28.173334,-49.015484
-7.644013,47.142654
-72.21993,5.8011355
0.653302,42.38674
-8.172865,39.228615
15.614069,12.42415
53.323654,-94.64159
17.522554,35.781837
20.925009,-36.934734
53.566685,-95.022804
55.125767,-100.41606
94.67849,-28.077393
18.12818,34.43272
-24.412596,-79.733055
49.507668,-79.968185
22.061535,-61.671654
66.39597,-52.141323
35.941807,67.07332
-100.84513,40.75086
-21.380844,37.084034
4.817809,69.716255
-26.66971,-76.144875
-29.640715,76.62892
21.534016,-61.600006
53.430386,78.91779
-9.598475,-10.72406
7.7313795,114.969284
92.46321,41.829712
107.45477,-20.59561
-26.147802,74.23161
84.54177,36.616276
36.57123,40.326416
-53.35943,-51.853767
6.6320653,100.740326
49.88068,71.215355
-5.9896846,-45.017094
73.98906,51.078285
56.058907,-11.842716
-92.63546,44.98108
89.67596,-36.09641
9.9329,47.036156
-39.93102,51.135162
82.53133,-60.20795
-12.632886,-106.63694
2.3421986,-109.10985
77.553406,-48.985733
-94.1121,17.476564
89.26191,-64.138214
68.42774,66.70892
-24.808672,112.93634
8.698846,53.829376
60.193848,74.87943
68.42774,66.70892
-74.10121,-3.5464013
66.075714,-50.276318
-34.04182,106.33279
-27.284533,87.12974
93.43872,-13.428451
-79.13338,-41.569252
-31.790693,65.32732
-100.79854,38.407658
8.550351,68.106415
39.350086,-88.22329
46.10983,-78.78183
-63.560204,9.321871
-18.485764,28.614346
-6.76424,47.96171
-90.6524,-0.052369744
-31.431824,67.619675
-9.44574,-30.41536
-0.7314072,73.958595
-17.283747,-53.635525
-20.838263,-72.40237
0.18659326,101.20166
20.507812,109.81944
47.18024,76.951706
108.87192,-13.734913
-19.059805,38.03465
16.514187,-20.33791
25.17159,-4.0634923
25.293613,107.39313
103.82155,-2.1448646
9.8823185,78.806274
-58.059456,91.92226
-20.504288,36.33401
-3.090329,37.31557
-28.374409,-47.418724
-95.10805,-51.056854
88.861,-18.59816
94.40941,-30.248983
9.5738125,-49.91251
7.8674707,53.541656
55.822365,91.30187
-19.689302,-54.410942
45.632675,78.12761
-8.8357725,-88.11086
-29.519403,-21.942427
29.168379,0.323133
1.2638084,-7.477491
9.964655,97.73568
71.38024,-63.75847
49.93143,5.700842
-65.68678,-62.297226
-74.08472,-3.5801036
-21.29252,-33.6632
-40.43882,24.146194
-27.397896,-29.90304
-11.4981,36.912647
-95.76131,18.99498
18.832533,-43.884544
-91.813614,1.416256
-56.773457,5.7751427
-94.1509,14.168869
50.383778,70.88218
-70.27203,9.0044565
88.46042,-25.783632
72.29615,-57.58467
-25.907099,-38.11929
-21.922434,78.724045
51.14564,-96.58205
39.34988,62.6931
58.85873,73.16974
33.152153,6.210873
52.88659,80.7197
59.37935,59.514862
67.8478,44.97298
-9.505356,28.003021
0.8700364,-84.63117
50.937843,-0.013841639
-105.344406,-35.22103
4.8612604,-78.881905
-0.8644105,-75.999855
51.242,2.6342576
24.071226,-59.628826
29.250793,-39.035995
-66.27928,89.689384
-84.89576,-30.48536
110.34889,-1.809234
-29.270103,74.31445
18.785576,43.2758
-66.976036,38.990086
-46.465763,-86.73166
87.96048,-17.56222
-7.689193,-72.75268
49.701576,2.0476964
78.58601,11.113202
64.26309,72.866035
70.23968,-54.497562
29.020563,-100.90678
-61.586605,14.150422
-26.878437,82.3148
-87.59575,37.67645
-64.70126,-67.15368
8.577579,-80.8275
18.45788,103.32817
-26.301842,82.186874
108.988014,-9.854196
55.35667,-11.226786
-42.22764,81.32791
53.74336,19.363865
58.00105,-16.991465
49.372044,81.494896
-8.939842,-13.513988
70.50228,-55.974865
-3.93902,-71.803
11.516518,98.33332
21.232208,99.879105
-82.114876,-39.687603
-29.375216,19.514765
23.495129,-85.12112
73.45461,-7.64774
81.67246,-32.45309
85.24719,-50.41925
95.93258,-61.28781
-72.92125,7.6413307
104.79284,-22.677902
-7.634569,-32.252335
97.56604,13.8552065
-48.585083,47.076324
-20.361725,30.376072
-40.40495,-31.860453
-11.893207,35.774887
-30.50277,-36.95507
-64.76683,8.667053
-6.849269,-8.275235
95.32207,-17.073074
16.787386,48.464863
-17.425787,32.909912
73.34555,-57.217613
-79.94048,32.282745
27.615038,-58.614838
-82.738914,-28.60892
26.073996,-9.870452
-29.425554,73.617516
-106.499954,0.24006674
-47.117405,-91.29657
51.61469,-103.512825
-5.9896846,-45.017094
-82.98305,-25.376413
-30.409868,5.578788
-74.0624,-5.40424
-31.693401,56.192486
28.081339,-46.673916
110.35105,1.5901116
-62.16414,-9.949223
-94.14792,-24.909512
-86.80191,17.285685
-1.7393647,55.232555
-83.91592,34.16422
-10.107363,19.048548
67.693954,44.732807
10.8749485,-19.300894
-24.050823,2.1722975
116.75818,9.3498335
-3.3374007,41.551434
-93.80625,-21.72355
-11.216693,-93.47391
-7.2277737,-38.702076
-87.06264,-11.547031
-18.534685,-29.381435
-88.02091,-38.9647
-32.91589,78.45117
93.226746,-4.686592
-73.79572,-13.40729
56.45312,72.67995
-57.88213,93.249825
-42.968895,83.11494
-30.347052,-44.375813
102.29106,-24.315243
-15.400245,93.51411
29.591282,21.489796
87.81743,-19.978392
-19.34799,28.407288
11.312298,-84.06062
111.85556,0.65075797
-15.535922,-24.619698
-29.952763,0.5781423
-37.67787,81.13983
52.870857,-103.63507
18.487265,103.298515
-38.68236,94.55585
59.32215,40.607265
-0.58849514,40.82593
-86.906845,-3.1261125
30.48515,106.66345
-70.61576,-23.227722
8.486994,113.33174
-100.840614,12.782371
60.09037,-54.136097
-56.251286,-65.15937
-61.63259,-47.742916
93.45947,-13.44294
-58.72885,-65.28097
50.672874,79.12434
-32.435207,-33.727943
-42.214,25.832397
44.40405,-2.920796
-12.19792,-50.27139
96.3377,-63.804237
-83.568436,-29.814339
-25.914236,78.055534
68.01105,72.69184
-98.70119,-53.63894
5.903909,99.0895
12.581523,47.187412
-20.761814,37.776657
80.17999,-22.466572
60.167454,-31.003162
79.41505,31.161213
32.762894,-52.28462
25.526974,110.07675
-57.684402,-6.3345037
-30.934093,11.222139
-18.784992,-30.162447
29.889845,-42.269
-3.4934647,-74.69374
51.11479,57.111378
26.682562,-59.287926
83.25622,-27.762218
22.654358,-50.83074
100.8771,0.41138956
-14.164086,91.08563
-44.372047,-57.664417
-44.316696,53.109074
-23.507849,68.17619
-11.388361,19.138021
27.417543,-45.01745
-91.16431,44.70425
21.142626,-61.48521
2.5453706,109.55343
77.4988,-14.08278
-64.785645,95.232025
111.28625,0.26660314
1.7800038,-109.6609
-89.99224,-39.735493
-33.154858,97.63636
-25.272284,20.101635
53.753864,-98.85089
3.0070868,12.456644
-32.6521,9.855662
58.502346,60.675182
26.19835,-61.12667
-28.697016,-43.69999
77.02492,-52.182037
34.951633,4.996953
-65.221634,97.08952
3.547947,107.529625
65.31787,65.304436
6.494255,88.01495
49.06175,85.99601
34.527042,-3.2660458
47.54981,93.41527
13.563621,43.38911
51.09838,85.365456
-25.26098,69.615776
53.16498,80.238396
18.27942,2.0976593
-50.6886,15.934917
50.383778,70.88218
49.294376,4.6352887
55.846603,-15.785572
9.385369,-112.74836
-28.268457,-3.6272228
-25.31307,-79.04214
25.769424,-8.151711
50.172653,78.71483
25.06367,104.310776
-65.72727,37.512745
1.3259795,-101.82867
-33.81508,110.20659
-11.678399,-59.714825
20.861109,-77.127365
61.58516,33.75679
3.0847871,106.79536
41.371677,8.050312
61.305897,-9.342741
-10.893128,29.86062
-12.11076,-93.56876
-50.673267,-60.57629
110.86731,1.2702936
-94.60046,20.340868
-14.039129,90.37689
111.748276,-5.84163
-87.19791,16.513262
32.59144,-61.421333
-79.8721,-41.311752
27.266464,-62.43413
24.932304,108.56833
82.83595,-3.3378801
-85.00299,-0.07459352
24.379395,82.584915
-25.547134,73.94717
20.537777,-82.814575
106.70424,-2.870288
25.192423,55.143448
63.91085,-30.534512
-14.949586,26.1792
38.52731,5.856804
-10.185224,41.789425
51.841713,-81.31458
-22.304924,68.92987
-66.720856,19.352953
38.947243,23.29287
107.96178,-11.460162
-40.474663,106.86672
106.40525,-20.274939
-9.130083,-96.775116
7.722576,99.0998
-4.1144185,41.56929
44.310192,58.02556
-98.92953,43.760605
35.3898,-1.6608812
-2.6119127,34.994675
82.69308,-28.763296
-4.9276295,-86.40773
19.150682,-41.163345
-61.384277,35.17915
-6.812739,-34.858074
-33.297142,60.413647
-83.517944,-37.603626
-98.28456,-53.569725
23.93183,82.97017
-37.552513,81.56989
3.0688922,101.420815
-87.40318,-11.789205
20.428879,30.128237
-17.08797,-58.41267
-59.626324,-1.0160401
7.0005574,107.97056
7.8196597,-91.195465
-8.490237,40.077583
-15.616527,-105.0976
-18.495502,-57.32235
24.738998,5.303696
30.772827,-64.9895
21.115362,9.529093
-9.668962,-99.84675
-30.434834,69.353355
78.17638,0.3895729
3.2767282,44.444653
-48.467545,-43.311707
-77.83009,-41.813587
27.246302,25.701042
76.5004,1.5220709
10.789656,-11.573222
96.84452,-19.79123
42.72412,8.019089
-65.76348,-61.235485
12.198244,-106.35832
65.71628,-59.81865
26.412668,-47.705063
-45.10584,-57.85195
-0.99799705,-48.262833
-20.484247,76.94172
-83.738716,32.00278
2.1331313,108.78898
88.34162,-61.300682
75.370926,32.36633
83.63012,-14.304804
-11.047379,41.91689
33.395107,6.1256523
-13.618394,-49.09536
-65.3287,-51.403217
52.34885,1.9414124
-11.229455,-93.85298
-108.873344,1.6495769
-89.44479,-12.369805
58.87827,36.13291
11.451768,-54.546402
-33.693012,-31.022457
32.985626,-62.59802
-9.101719,-13.515921
47.549828,93.41433
-19.075361,-94.84836
-9.751062,-100.152306
82.53478,-60.209732
-92.71361,38.383686
-21.32795,35.413258
25.479698,15.393798
35.210567,21.968708
-67.85907,97.59808
0.60847825,-110.07195
-92.87801,-34.74877
-23.921331,-82.3034
-68.0863,92.08802
-20.95626,-32.749363
80.74202,40.991825
-52.770092,-92.86321
48.262672,42.630413
-27.013964,115.48277
-40.029713,49.75155
-65.74717,-2.6779609
23.524893,-84.93691
38.59219,22.632967
-15.54971,-49.12294
50.023045,74.84413
106.46935,-17.97265
9.240906,41.130833
74.33606,-57.41176
12.967442,47.87056
71.84083,-56.046104
-15.350128,27.44574
0.8602337,101.33651
0.23951228,-103.91561
91.40409,43.967064
39.104137,65.47354
25.434496,82.28168
-52.642326,-7.882338
46.20128,-78.71527
-26.559956,-76.13352
61.415543,-60.141655
-56.64742,-15.852803
78.33482,1.7873548
-30.37674,70.03506
-83.64774,-30.892939
-9.165601,-89.605934
95.45624,-17.132948
-14.291072,-24.821358
-25.890442,78.76313
-25.223574,-76.75711
19.032356,7.3857074
-15.238134,89.88694
-28.950037,-30.135881
-22.952324,-34.448776
85.400345,39.921574
-93.34224,-37.873844
-29.574936,113.369995
-20.925343,-75.096115
7.058966,107.687256
-16.855202,-28.609304
-80.5118,-25.3402
13.838665,41.38805
42.111073,3.8996546
14.273208,72.314125
6.5560265,87.88113
-52.16901,92.771385
56.856144,42.32986
15.67339,9.503872
27.548338,-58.770584
32.82297,-87.139824
40.045097,-80.34546
52.959164,-81.00476
56.696243,70.98079
-89.443535,-12.383131
-10.15163,-11.942537
51.60128,10.460089
75.93403,-23.818172
-33.671165,65.173615
36.825626,22.385494
20.274944,-83.35116
85.171906,39.307888
6.500457,72.55508
-45.53345,76.33775
110.34705,3.6412258
3.846023,-77.08591
-58.35639,-42.698334
73.45208,-60.482384
-8.305766,49.54077
102.43688,5.4873238
21.88214,46.262154
-42.181114,25.57992
-83.35064,19.61889
11.169308,53.106495
-36.172493,-90.37168
-30.338455,116.227356
53.895958,60.194107
85.78444,7.1292005
59.57051,60.19958
-29.009842,-36.21513
-107.58172,11.574512
-7.560006,-49.465816
-99.03141,43.570507
13.039416,2.2497275
49.161785,8.432798
112.518654,2.655551
-65.27091,-66.98488
97.89879,-3.6515405
-91.35593,2.212889
-8.9351,-29.516499
3.792342,-77.13806
-19.328882,-38.341583
-55.795483,93.473114
20.92271,-47.73584
-94.261475,37.45563
81.95371,-17.704428
-29.189157,-1.3775802
-18.274887,-57.612392
28.842772,-3.6080785
51.83896,2.4790194
-27.048462,69.15104
28.954447,103.671906
-96.25784,-36.338203
-31.119207,-42.710335
-15.187919,27.056364
-15.666758,24.677742
-59.61899,-64.99299
14.055364,38.813778
-46.013668,48.505924
-42.36164,25.613026
91.82537,35.556858
-33.76605,-93.63308
22.416496,32.92652
-29.322224,-30.267525
-2.4750211,44.47691
103.72191,-1.5280102
-50.099834,18.324596
-82.77758,-3.3031461
-107.72289,12.588216
-29.98096,64.03023
86.0953,39.922646
-19.326092,37.056248
-9.74201,-95.39286
-21.048632,75.92574
10.761897,97.8153
53.492065,18.299116
-75.61227,-4.0900083
-46.402084,-93.39482
-31.583408,117.89732
-20.16718,-33.453094
28.739738,53.604145
61.59483,-59.95692
51.369343,73.4159
16.597681,104.05845
35.845352,7.8543935
-61.27348,8.716858
8.9862,113.91604
60.24523,-6.5304255
79.86232,-61.34648
81.514465,-31.89384
7.745825,114.96628
-53.949764,102.794655
55.086872,74.209435
86.98832,-62.151493
-93.792694,17.459337
74.12929,-6.827453
-57.199425,-47.23548
-19.909212,30.55831
32.018158,5.4534206
-65.59211,34.99422
-4.816304,-98.726944
-92.6496,38.717342
46.28412,-77.05939
105.78862,-13.461448
90.04113,-35.48378
-35.405178,-29.58852
-15.949615,22.247763
-96.621704,-31.916216
85.6322,43.46999
-38.178432,98.77452
2.49777,-101.95013
-104.85834,2.0999844
-45.32395,50.694374
60.554447,-16.09611
82.76757,-33.430267
-6.5965247,-46.14318
67.0737,-34.132603
108.69298,-19.984764
-91.784355,-14.744087
83.40928,30.61913
-28.870617,113.950584
14.99096,101.636566
13.176543,-105.35129
33.634274,4.086593
-107.69717,12.747703
53.199993,-80.59293
-4.8252645,-85.71127
67.07392,-34.132614
-48.38573,46.993076
105.70627,-13.496308
-89.40147,-33.13568
23.855713,9.424274
81.94182,-17.704765
4.865743,-78.91106
72.517166,8.242889
-31.990143,-24.839966
68.94083,49.36634
-16.548426,24.211145
20.844936,99.07022
79.325325,31.977325
12.19483,-110.298225
-10.42941,19.26684
22.534632,-60.690426
52.518066,84.28578
102.43214,4.7638445
-26.371262,85.01254
-74.39689,-13.326153
-65.578995,-1.5839919
-30.878002,64.317726
26.520231,8.404138
68.76686,-51.97951
46.815094,-83.8854
68.02862,-4.7690835
-48.347218,47.07799
61.522728,69.750854
75.8647,-20.952911
2.483862,-76.14577
30.818472,-52.287846
42.300888,-100.82739
40.335556,64.43668
-71.63298,37.3033
-25.521946,73.9663
67.27496,48.041416
-40.281837,92.28328
27.822899,104.347824
-12.063651,-91.9396
12.673256,38.62421
87.63991,-33.967808
60.85171,-10.3013
59.494858,40.733017
-22.021933,78.93754
25.300117,16.319891
52.523384,81.13357
63.05585,-10.109145
103.05719,7.0119314
25.727442,-8.164854
-33.487877,-28.49811
60.81989,-100.32671
-10.325492,19.210226
-59.940544,-1.6680522
9.350177,-112.78114
54.821903,-10.693808
-3.3835607,41.960114
110.94707,-14.189349
53.11091,-103.2467
-20.87428,35.06263
109.790886,-13.508325
-37.936356,97.08351
-12.521598,-105.535034
39.22356,22.278202
-76.07306,-32.57792
87.5247,40.628952
91.57438,-14.300417
69.12814,41.310024
64.32322,-6.9413424
29.582087,-0.7459986
-58.469536,-41.337894
90.650055,-20.245907
109.90735,-20.212305
28.365175,-9.630582
-43.79812,-89.68177
-64.33376,16.238836
-41.61374,-90.4504
-106.657845,0.40248775
83.54799,-13.370353
7.0006504,107.97081
108.54802,-19.060223
-30.33672,5.786641
69.97098,-66.34755
87.697754,-62.19479
10.0580845,70.03239
33.745598,21.175402
-94.19581,-23.842756
-27.05048,82.29563
26.556599,-4.318134
53.950268,67.599396
-72.32788,34.45635
23.839815,98.17059
13.700938,72.54508
51.20499,72.252205
75.25662,-15.856121
-43.96788,-84.839775
49.988678,-83.11016
13.015288,2.2751024
46.430687,-76.41669
78.16797,10.22107
-29.356281,-93.424736
7.8464494,65.21217
33.99862,21.183598
-86.918274,-11.434959
-90.942215,-56.24968
-32.562893,4.648366
53.641254,18.742554
51.89962,-102.1465
-82.271164,-25.581682
25.108158,-3.3146505
47.6558,-83.51495
-50.146187,16.173521
-37.042633,95.213646
7.8464317,65.21134
1.6338149,77.88966
75.473785,-59.20044
54.680813,59.017563
-31.476183,116.36681
-68.88705,-25.215925
-48.043518,-90.71171
25.226568,55.447014
-16.970152,-49.39312
-83.59008,-30.37348
48.262287,42.630543
-43.59107,-84.027016
-4.541377,-52.957977
34.73245,65.782166
25.513475,-63.90962
56.976547,70.8521
-64.44795,33.982388
-18.568628,38.253544
9.350089,-81.60191
24.573341,-6.193907
15.665832,104.991714
37.837963,22.883654
-45.81636,-58.024353
-68.38495,33.207253
74.71486,-16.32961
-93.44023,36.879433
-20.637413,30.031538
-4.275347,-81.68692
77.20568,-14.334404
38.84876,-6.208766
75.21556,-58.93762
-65.185875,34.63829
58.502346,60.675182
-34.664337,58.343407
79.718666,-29.41864
-50.15726,18.369555
-26.670086,-3.2718694
26.962902,105.874344
-31.911652,65.324036
103.72183,-1.5277956
-61.382874,3.5590842
-0.6154278,-96.52168
-63.73894,97.75268
-21.08873,80.386566
106.31582,-20.780828
51.90419,72.64013
10.10754,42.141483
-85.04699,16.662096
2.6076913,77.61878
21.786064,35.553913
-65.240204,4.966782
77.932526,6.493424
-44.250168,115.685234
35.3898,-1.6608812
13.125934,48.183033
-84.901306,40.057907
95.83426,-68.72008
30.710178,106.78449
12.299718,-46.8524
-42.291317,-60.238667
30.948004,-65.35444
13.341649,102.4892
-62.118305,96.59794
44.74474,-3.9433706
47.79217,23.26996
-83.58631,-2.3991983
-59.626446,-1.0161846
-16.668003,89.55897
-32.01701,56.455036
16.914291,2.9341564
88.7352,-25.850578
25.048763,-3.6747425
60.157482,-53.979702
1.5683167,75.03156
-15.35497,27.409222
6.6088967,103.26567
18.289886,-46.991734
29.358047,-1.0192616
-92.46966,-13.396826
-98.70119,-53.63894
-8.71642,-101.24032
-49.104057,-44.563843
25.244572,-59.55935
102.20264,4.4539695
-31.277676,64.04318
56.38928,35.196148
-49.079456,-89.85029
54.365456,59.02955
-91.53115,-13.202325
-83.85462,12.209006
-7.378782,-86.584564
-15.695893,24.591618
32.78669,-94.72092
103.5744,6.760355
75.89625,10.937483
57.68281,36.405308
-0.8455587,-106.20782
-32.627472,117.98062
-8.597788,13.547505
84.91852,-50.080215
93.23883,-4.6401086
32.11092,-92.31195
73.48588,36.102512
3.9045053,-3.211191
20.27108,-83.360794
46.438423,-78.10708
56.86597,35.598526
60.40304,-100.30194
-64.38814,5.740966
-82.99777,-4.355605
107.77729,-13.750337
-8.145036,-9.626297
-64.273,-10.187601
-55.084904,-89.84191
32.43077,-1.75522
15.155943,49.18858
-12.011488,11.51485
82.49755,-59.53247
12.861614,94.891304
-94.47342,36.941917
-16.640759,85.638664
-42.846813,-47.509438
27.722277,105.89847
-41.51278,91.44231
-32.71988,56.6656
83.023926,-49.793343
-70.12848,7.392196
-11.535762,-93.262726
-1.723291,55.251255
-14.156424,-98.349304
16.216553,37.945595
32.148876,8.001025
47.77556,57.20458
65.87087,29.04179
77.34317,-13.987667
-85.191574,18.347513
101.54157,-25.50342
41.40375,8.053041
5.7495904,78.94151
11.792896,-44.970116
9.430448,-111.94778
-81.67547,-38.803993
-85.85605,-3.484125
-45.66523,45.969383
-80.727066,-44.08513
-13.91387,-98.23967
-22.970123,-34.428535
58.46505,-10.836276
-41.85212,-48.136658
16.417856,-24.546736
86.06062,-0.56033456
67.097,66.85149
-67.958206,97.14932
-28.555696,-35.943798
55.72916,34.597004
27.950016,-1.9454175
-88.79582,-12.817737
46.145863,-101.04658
-41.07009,-57.221703
2.7243974,101.06195
-65.70992,-70.59482
-29.422089,-35.061302
-32.841663,-34.27757
4.2161565,99.90634
-88.396126,37.216526
95.93944,-69.43675
-36.57392,57.506554
0.70897245,-99.47232
-58.84193,91.99627
-90.81595,-32.84212
-108.06307,13.06066
67.19372,65.72637
13.140759,-53.127533
-36.457382,81.64108
77.32593,31.95754
-29.621761,56.843033
-34.38309,-30.923637
-36.61915,-35.215828
2.6250763,-111.24961
-30.325867,2.9772232
-10.052872,-12.909042
-97.66757,-39.574368
1.3811021,-82.06743
-17.881393,-109.102646
6.627694,64.80379
92.27772,41.109596
69.16082,13.242069
5.9256177,77.99743
78.99934,-13.905043
93.242874,-4.637531
-37.932877,17.19996
-93.01684,9.285302
25.910305,17.652706
5.179784,102.88544
89.70198,-28.145523
-19.89229,30.535177
2.6645539,111.5509
96.31996,-61.599274
-28.370504,8.68142
-68.1494,97.49691
38.56073,24.356443
54.4937,77.49532
-28.194,114.24825
-25.546522,73.68126
-13.832529,66.67543
-33.930664,-28.529884
89.00328,-18.595192
25.17279,-5.598617
-65.826645,-70.6895
-26.074236,-35.767845
96.92165,-62.16621
20.02095,110.58609
10.712072,-48.973648
39.444324,62.77176
-58.448265,-41.65554
21.534016,-61.600006
87.67067,-33.943176
-41.306015,49.491955
-7.4527855,-32.909065
-92.64077,-8.170937
10.913487,53.407467
24.408329,4.595755
-27.214495,114.92378
39.97535,8.77858
68.02857,43.255634
-1.2822407,73.70843
-18.024178,-105.8867
7.8271284,53.418743
-41.980083,-81.4325
27.366615,-49.47601
-49.37772,-55.779785
-100.69374,46.25706
-14.750782,-40.36107
-14.132088,90.75701
-31.3677,67.64679
12.649812,94.91595
-18.484632,-105.832405
-18.78501,-30.16247
-102.95187,-37.067204
-30.323706,-96.732666
66.311844,-59.90994
-43.15943,-84.82499
108.713135,-1.2435783
9.85146,-112.69295
-13.814654,94.502426
-44.990288,91.03408
-0.5000144,-46.027214
25.52761,110.08813
31.884153,-97.204735
-56.970795,-44.281986
65.184265,-53.281395
-63.818943,7.9225283
-12.192082,78.153076
-30.621,2.3827941
11.245414,96.04317
35.686428,9.48542
106.78915,-2.3476882
-38.448315,-90.782036
-7.3361683,-88.59517
-65.871475,94.59606
-12.013235,-59.71697
-13.287192,-107.58582
75.225746,-5.740988
-29.699648,-21.995047
-4.11171,-74.26001
96.29529,-63.468998
-6.845206,-46.396748
57.13435,34.446327
5.1591167,102.869286
-106.60581,-36.905277
12.645906,-16.917416
36.43799,22.522203
11.952645,-55.58731
-79.4653,18.263329
75.8962,10.937741
-9.305825,18.835243
-55.03219,-64.16352
19.603401,3.213797
40.17464,0.75832963
-10.897907,29.865322
49.162712,10.093091
-67.65127,8.668537
54.072727,77.11483
23.555693,-83.31099
-25.201723,69.35174
108.90504,-1.3824949
66.3233,65.86801
30.312557,-91.58484
82.27952,-34.98647
4.1306405,-23.08185
-18.046408,-105.902954
17.73405,113.820595
-10.5398655,-30.667578
33.029808,-93.20028
-23.070004,-35.539715
3.0107849,12.492687
-6.953361,-48.941532
-36.350506,-33.82724
-44.419544,-84.89969
-30.953724,-34.002544
-33.060024,-39.09951
-3.1571286,-83.21757
22.295353,0.78521293
39.351,67.09525
-23.41429,0.53371966
23.813494,10.14659
68.600945,48.192554
-65.66327,88.836464
-16.684586,32.479206
-93.95323,17.45996
48.048378,76.122375
-60.120052,7.463574
36.55584,-61.41712
41.408802,-68.8329
17.870508,106.4191
21.395702,-41.84528
-13.2378645,-51.27762
103.82604,-2.1469781
59.50611,60.07618
-7.8209395,-12.37281
9.754425,-19.573433
-27.389065,14.576152
-33.29083,63.01862
9.319451,-112.62059
75.651184,-59.46705
112.33169,2.7140744
-32.673977,77.87749
-25.751062,-34.80925
-11.961526,-51.689407
-25.591532,87.49478
-42.95159,-49.48389
47.950596,6.4220347
111.45684,-10.457142
-76.016106,-10.155983
75.66594,13.435015
53.526337,-94.92652
-83.854576,12.208811
-81.290535,-32.672157
-84.07431,-3.3423405
-8.699662,18.929018
-20.460344,77.46269
87.49303,-26.567444
32.787228,-94.72218
-89.16239,-38.143017
48.129116,5.96475
20.800346,36.063145
-77.19513,-0.3606469
0.21749848,100.76551
16.401987,68.55061
-80.55982,-34.8313
110.853325,1.2826421
-16.837261,-112.16688
102.579926,-24.10526
-31.152954,-37.290295
-63.20628,95.60168
66.69321,-54.999626
-1.9512591,80.5282
-40.996437,-90.39892
-10.314946,-13.462676
-10.893128,29.86062
41.934204,-100.89446
45.257,-84.9956
15.121484,-55.263283
86.23195,-15.276454
-71.44203,37.746456
-10.129916,-12.862446
-67.75189,-3.6222484
-108.1126,10.479507
63.838535,29.316473
-98.02056,8.404718
-81.36641,-24.595129
7.851376,53.539936
-7.8955417,51.380157
22.414337,32.93219
-60.863052,-2.3474612
18.85659,44.60515
-101.02444,-36.734726
78.50921,-24.648937
-20.367388,37.762157
18.969984,114.24343
19.28134,4.185442
-99.68147,46.70559
16.246317,2.6049414
-66.30344,18.644564
29.125183,-8.831963
-61.981514,-9.420307
-37.391335,-92.48539
-76.680786,-31.57761
75.684456,-16.871004
53.530285,-94.96839
-9.586751,-49.77872
-50.71127,-92.37194
6.2261906,73.07294
-65.88613,-70.77963
19.134813,-60.10512
-34.82148,75.30785
58.7877,-16.08538
-9.279886,-91.249275
25.79587,99.315796
9.111982,-105.37407
-84.944145,-30.955135
-32.7962,-36.553665
22.465334,34.089363
-92.663086,12.753026
70.75704,-51.224224
-77.11948,37.774593
24.466013,82.81521
24.73229,5.294861
96.19994,-63.02705
7.563747,98.23779
4.2850404,74.093315
16.26466,48.068844
85.090996,-50.111477
77.77446,11.441786
-44.68563,75.694885
16.032555,50.182434
108.44377,-19.739706
-62.49762,-22.303032
30.863653,-51.961437
13.574543,42.954926
18.09474,-61.07602
89.42269,-61.87634
86.44471,10.895695
29.9454,53.724964
0.6749848,42.424866
20.532541,-88.85238
26.145227,-63.396545
-93.049286,8.905865
93.99529,-61.874218
-78.12527,34.170856
9.998075,-88.30777
9.264317,50.97277
117.143776,6.969721
109.31922,-3.9060032
-27.269524,-37.7214
-43.098404,25.433163
-42.072124,-48.1059
20.774134,-88.96451
2.6303518,-76.24066
31.675465,2.478576
-48.511086,-35.65682
-30.320984,-41.636116
54.05531,74.781845
50.959896,-96.67504
-70.13272,-29.785326
-91.274475,-0.60980195
-17.069275,-53.27286
-56.648857,-8.789324
90.67218,-20.266308
71.214294,-66.065186
24.339392,4.4720488
11.664031,-110.27241
10.390104,-106.1418
-89.11417,1.8485261
89.387886,-19.024445
0.38177994,-109.34227
94.87953,-57.247047
34.833073,-3.784305
-32.353653,76.681114
82.90461,-14.547962
62.211864,44.227123
57.98034,-15.676856
51.502186,-96.70196
14.058007,41.260254
61.44649,34.13546
20.741138,-76.4743
32.754852,-3.6572597
-30.059393,4.9966407
71.38024,-63.75847
-31.650215,-32.87594
-86.40652,-4.7407684
72.27302,46.554832
-88.50686,-35.045025
-48.749924,-87.39753
-103.19275,-37.508724
-17.967844,-105.771576
109.79784,-16.613264
20.040907,-82.195656
92.49036,-32.790577
-13.230396,29.916986
44.26205,79.383194
-6.8565884,-39.35059
78.21087,-24.333254
-32.690147,76.44353
57.745518,33.976612
-5.394038,20.245699
-10.048792,-10.530512
0.7868453,-81.87835
51.506306,10.081406
-16.727028,-27.752312
-15.987504,32.609303
-39.720997,-93.701195
-19.514835,30.61144
-7.1120076,49.000626
52.303436,-95.51366
-65.963455,92.3649
-83.86574,12.088599
-39.614212,24.53395
9.26426,50.97277
0.11739775,83.69692
-5.733545,20.487593
44.534985,-82.214966
-90.5128,12.511531
-11.959943,36.913914
62.68336,73.59864
35.730503,22.049017
-37.982132,16.265213
-8.935101,-29.516373
-25.446915,-38.733612
-20.294104,-80.03659
89.7667,-28.39319
45.07396,-82.100334
-64.89156,96.00414
116.63824,4.486476
0.8635681,101.33038
4.3446493,-78.172386
13.8362,-23.916412
66.07629,-50.27613
72.456474,-66.33107
-11.184075,25.624046
-32.762455,78.16295
17.08136,-41.57649
-48.07455,15.701193
-34.492653,118.53626
60.16416,36.96919
25.684021,-53.678497
58.658607,60.50397
28.30502,-42.181313
63.52602,-62.52981
28.045458,98.27419
-97.38299,46.7438
22.226158,-46.6257
38.784344,-5.296199
-28.858015,-23.697058
-24.118605,68.56106
11.157634,-88.33417
-60.61864,7.389437
56.889114,34.34221
-33.50816,60.331104
-25.255306,20.08509
56.359898,67.62113
48.000668,6.7332253
23.740059,98.794586
-91.813416,-9.636691
-23.841198,1.1538544
-28.245558,-43.290123
21.399694,46.497894
-20.853693,29.886982
-85.10626,-31.124674
-29.94556,106.59398
16.03218,50.18255
-85.22013,17.497036
-60.24378,-46.454884
-80.186066,-38.38087
-76.82521,0.3986863
-11.613909,-58.003872
34.217243,-58.103386
-19.062265,-29.007765
69.978226,-52.42211
-24.592329,-0.5605509
-5.6170626,-43.348736
-83.18391,-1.1874332
-27.844168,1.0983132
-8.605024,13.547124
-18.720003,-29.000242
24.380737,-49.324657
-44.30524,115.97501
61.81307,33.161385
103.4676,-1.4345347
-25.685436,80.358536
-25.55768,87.649475
89.38784,-19.024405
-8.478473,40.115227
54.960686,-12.8432665
-19.062363,-29.00811
25.69577,-6.093423
-12.240471,36.558693
-83.770676,-39.210182
29.399189,19.494797
-26.942314,9.257907
-28.78567,19.073225
10.702523,-46.60517
100.83435,6.1129136
-5.179383,-34.24618
-9.79475,-56.42672
11.18588,-55.85386
-15.323089,27.407913
82.70288,-28.751541
-67.72629,-3.247233
-28.354635,-37.14732
26.457071,-39.61485
-93.12491,9.201116
-23.697863,7.4216256
-49.001797,15.0047865
6.8465595,111.774925
-88.734856,-11.145426
25.231558,-63.8877
21.443703,-36.38129
-111.16429,2.0481675
-15.067241,90.213585
-8.181829,-10.4716215
89.81534,-26.090464
18.304905,-48.761887
20.682281,36.1665
15.982165,-88.646515
-30.636856,56.46699
-50.30569,89.613785
-51.462746,-53.123573
32.633484,-5.1313996
84.25004,-4.7587485
79.83734,53.68714
-7.89862,39.559902
-24.898722,-0.80333614
50.715363,-81.05188
8.610311,50.166027
-46.243176,-90.06058
-32.591488,71.52272
-15.119331,-40.501904
-103.18845,-37.508698
-83.70743,0.058572385
-8.175448,19.614838
12.893945,47.268436
-32.962486,57.044216
26.500305,-9.387139
-83.72936,20.806452
102.885605,6.804341
85.20386,8.643738
27.206335,-62.57367
-49.009174,49.444042
29.542837,-43.429966
-56.376324,5.835369
-11.960432,-93.666725
15.628578,2.1229994
-30.307882,-41.90882
-89.99233,-39.735863
50.674957,75.35768
79.20598,-51.489758
9.317371,94.77441
-56.591824,6.13296
30.786842,-49.89497
34.595146,-3.8187904
54.46322,78.81633
-32.390915,-38.94559
-46.7485,48.36465
-1.5788575,43.53207
46.71707,3.2847378
91.57618,-14.2789345
-30.968737,68.84095
68.51765,36.594543
48.22707,57.668385
-23.334467,70.13043
83.3816,-76.837395
88.39193,-25.760506
89.38397,-65.21222
33.574432,34.93381
5.512129,70.314896
46.092766,-2.898136
26.312151,7.2772202
-77.08918,-0.4834515
-74.965935,-10.224172
-12.548078,81.05176
68.21009,68.57588
10.624612,-47.03264
-27.017118,22.939785
32.342735,-4.9948387
-78.18476,-38.813072
18.298885,2.2213886
-74.02872,-1.5111327
-91.53097,-13.20233
-39.507336,92.90135
51.942337,82.70833
-56.345673,93.478226
-28.809128,86.726036
85.86039,-60.02115
-74.46274,4.713526
24.905174,-4.6007276
101.49287,-25.514524
14.322455,-22.45223
-21.914886,-36.900185
39.705708,-81.69444
-59.968193,-65.14052
-31.337763,67.240685
40.576614,0.26074362
4.379195,100.56224
15.106351,39.39665
18.164022,-48.90998
25.783697,97.298004
-30.447824,1.0117028
2.4735222,110.99548
17.805758,43.173836
-16.549143,24.213917
-83.23502,-1.1112065
-26.814499,22.777159
78.94985,-56.819904
71.29525,-56.293606
54.194935,44.38004
-42.058636,27.51504
55.723434,-14.868145
-0.9935772,-75.91521
-93.48468,-26.307974
-92.70443,45.099716
74.36679,37.52598
84.979004,12.446
61.155964,-58.92919
-13.486746,-25.034023
39.61818,68.377754
63.186466,41.488422
70.873695,-17.901882
80.46837,41.086494
10.447183,-50.25898
-15.654445,32.701088
-59.11392,-67.254196
78.19236,32.28122
-11.144058,19.759336
-20.800167,81.01495
-43.483143,83.07715
59.950436,74.98267
26.611452,-5.371242
-39.66127,106.32197
-84.19514,-29.566942
55.74838,74.219444
-85.80581,16.72501
-81.212425,-32.26373
105.790665,-20.824072
68.21012,68.57591
-89.86037,-31.715528
45.78851,17.66154
24.408329,4.595755
-35.39193,101.83153
32.2988,-4.3865314
20.360037,46.31726
25.901726,101.98131
-90.294685,47.512577
11.035033,-43.377666
28.952232,-100.21576
-14.911191,-24.436838
26.682562,-59.287926
40.166195,2.2132788
108.73731,-18.261196
-17.359428,42.818005
76.15174,34.706646
61.51742,-59.747173
-72.931145,9.52251
-83.86878,12.215056
10.853365,-81.351746
8.309438,50.790524
-0.78995514,40.609432
14.12879,-93.01228
-12.73814,20.690456
-66.28572,16.836689
19.449692,8.350651
51.871433,-100.0709
-24.169325,74.2237
-8.876023,-49.0217
-8.117884,-10.5727825
-62.987545,6.7678156
48.670483,1.5389591
28.84382,-3.6068861
-106.069046,-35.55575
79.27718,-19.05849
-9.951768,29.072248
39.40233,22.321003
7.2811694,48.658188
6.2136188,98.60763
26.71143,17.655985
-63.61812,-66.7317
17.750372,37.53668
23.391964,-3.1243155
-0.17611372,-84.52648
1.3022397,74.71544
78.05684,-49.366924
19.567415,106.75234
61.344826,65.336624
-28.91534,-43.71203
-11.507784,36.904137
-20.732718,37.73908
113.25937,12.716331
-31.187717,77.636185
-77.12263,-0.4460596
72.99365,36.870224
9.226498,-88.120575
-0.016867014,41.68412
-64.14419,95.04648
0.84585977,42.689205
-12.109988,-51.963963
21.23237,108.84374
-87.66475,14.986464
-46.87404,-86.98117
-7.4421206,-36.990818
-31.52127,65.24187
27.365377,-44.820282
79.27314,-19.051954
17.290476,-17.941648
-67.55607,94.135956
-82.723656,-28.784878
-30.422554,-42.022507
82.03426,-34.36384
2.0918913,90.64729
-30.456472,69.294266
88.05692,-16.22812
-27.915361,33.01623
25.988728,-48.850887
-94.7562,36.714264
40.594875,63.339794
89.700516,-60.49961
27.746504,106.20626
-40.440144,24.145346
-14.98517,-40.697136
-83.86205,12.131613
12.474636,-106.92435
26.322079,104.1647
-95.44119,47.68194
28.29212,28.246042
-83.650795,-0.7360855
29.754416,20.229414
-46.286842,-74.549126
104.88298,-12.038366
40.128426,8.952044
73.26384,-18.932669
25.215328,54.8775
-11.19538,-92.20068
-72.571556,34.586952
-83.48518,19.94139
-86.90079,-3.1011913
-68.02897,96.944916
-51.984795,103.641014
26.72776,-3.156511
67.19209,-55.588554
-30.13409,76.77815
-20.966663,79.721565
61.506313,-44.707077
-64.247795,16.302212
79.58449,54.065163
-48.126747,114.20868
12.1705265,-110.302956
-63.784843,7.9313364
-68.098076,97.03595
3.0847945,106.79549
-27.421385,-29.973711
-20.190823,-57.048985
-96.937485,-52.39974
-6.417031,20.527945
-9.148118,-90.97092
40.166195,2.2132788
-83.656845,20.534657
55.268147,-97.26335
29.007435,-1.0057923
-86.89925,32.872097
-38.331047,108.67636
-33.316963,63.026363
23.228144,-49.143875
-51.688824,93.52548
-50.141872,91.8747
79.1443,-23.74664
94.714325,-28.710804
84.078064,12.862076
18.85522,114.27833
10.52775,-81.52803
-3.4533482,99.587105
-5.859937,-9.239969
-47.83333,15.321465
102.86494,6.772963
70.24,-54.49619
-29.873808,72.13546
76.23462,-15.30667
-93.01684,9.285302
78.57392,-25.535759
-32.291172,60.44306
-40.498096,49.756947
-45.015038,51.343525
82.69313,-28.763655
-90.788055,20.489794
-59.898624,-1.6318651
99.51249,-25.64183
55.49731,-97.14986
-83.6512,20.569994
79.61373,-29.415016
28.263197,97.83423
2.3844843,76.88315
40.61095,0.2564821
25.444742,13.545136
66.24009,-49.88053
-67.80679,93.952354
85.39065,-15.252804
-72.92338,7.64134
-89.437,-12.404916
20.394783,29.960918
11.952674,-55.58729
-83.900154,34.604057
-20.222668,77.95645
93.169,-27.609331
-95.17952,36.42417
-12.876941,-50.850708
49.15916,8.429249
-46.20752,-42.288406
9.575086,-49.912582
42.48187,-68.61019
-4.1298604,39.764206
12.794479,2.2464566
14.860043,104.75062
-64.23002,9.333152
2.7846763,110.17308
-33.529037,60.342537
-17.669767,-45.618675
73.057785,-62.821976
76.06701,-15.568652
17.811388,106.306755
53.089527,59.55677
100.567665,-2.4200983
-87.030136,-11.538119
51.259167,2.3010933
-11.784964,-106.93188
75.51893,8.628588
54.31524,60.63348
-94.47701,18.255535
-65.80441,-70.691414
-58.488117,7.4338546
-31.187717,77.636185
109.81046,-4.5503464
6.717428,107.50573
-111.17515,2.048053
-8.339793,51.233437
3.223473,12.450069
110.950134,-14.180506
-108.16645,12.490855
-103.84445,3.6928291
6.5827928,109.26725
-74.97392,-10.234094
-63.808235,94.72891
-40.109726,111.47298
-11.215562,-93.5292
1.4029919,-111.498566
62.131664,73.90518
84.82701,-4.9735217
22.544456,-50.48787
-75.94591,-9.460603
-34.432186,15.436809
-64.74068,4.2060733
35.23014,-14.544545
104.78672,-1.4430926
-13.442448,29.799803
61.50638,-44.707462
-72.28719,8.398614
74.58554,-57.145878
-26.614841,86.52138
68.108215,-20.722052
26.555777,98.98284
13.896384,40.081276
56.69557,70.98048
86.697586,-15.453795
46.230587,-102.68798
27.72726,20.10757
-3.335344,36.931137
-95.10479,20.014177
3.7743893,-78.23589
-106.78834,12.73536
-36.48865,-88.20587
-18.386826,-57.727562
93.753746,-61.787758
-42.855385,-85.023796
-38.604816,94.78066
-22.903427,70.60144
51.252712,75.10219
-36.96511,113.70037
9.24473,51.029808
50.874157,60.5759
-32.591488,71.52272
-12.601937,-48.621754
7.0232487,51.187
32.835514,-95.013016
4.049386,-25.496906
6.5836344,109.26274
-92.90015,12.353305
110.91211,-4.4050894
54.886032,61.222076
-56.192795,-64.31373
91.58328,-32.64317
67.13871,-55.886513
90.37202,-26.267708
-96.81418,-52.08861
-16.881989,-28.607096
3.1391478,110.61153
3.2180638,12.447114
-54.356323,1.3367009
9.402623,-50.168587
25.368256,15.074417
97.74844,-57.405422
22.682257,-50.191433
-86.906685,-3.1262724
56.182186,34.64887
-68.8758,-25.090605
-72.710754,-13.038223
-31.558004,-32.646393
39.776985,-79.466515
-82.83859,-1.8631228
85.151,32.47688
-34.520195,99.30464
-13.8734045,67.772545
21.911995,-46.223965
-4.9442787,22.777775
-10.115424,-12.936574
-1.2687622,55.791847
40.63057,-89.50055
-18.09311,-107.940155
-8.754747,-87.90587
-94.20579,-25.087519
-29.37716,-1.799239
-7.098107,-36.06361
26.335484,95.2474
93.901024,-27.987204
78.9985,-25.370136
-66.97617,89.54955
29.869667,106.303474
-83.39027,19.619785
-62.887707,-10.203256
73.83988,-7.3852415
51.689056,79.74735
-44.502045,115.48568
27.072435,-47.466393
26.61291,-5.3585715
-32.153275,60.62625
3.957563,-3.2862062
-44.061607,116.828636
-103.02499,37.972126
-2.0886636,-12.934492
-67.8793,92.14901
-66.923096,19.437614
19.150646,-41.16343
60.15484,-31.062075
32.32266,-4.212372
-97.47184,10.417337
81.27182,40.528503
-31.809484,97.82132
-2.8887043,37.829723
23.47262,-3.085978
-73.61423,7.3601027
77.61979,3.338851
7.0230947,51.177723
53.011463,-80.42355
-27.161684,-34.884792
17.575424,-19.023485
-61.43358,98.324554
-68.407585,6.9117117
-30.897715,-51.400993
-29.914701,56.682632
47.95125,6.428298
18.890299,3.0806403
-47.530293,49.161827
88.165245,-50.191093
-85.45269,-4.5593586
102.11911,6.101399
-92.17973,45.082417
-93.37316,13.063746
-88.75049,-12.792098
91.07524,-28.818518
106.700775,-2.8443608
-16.73011,32.47401
96.94379,-60.25484
-16.724749,-70.467804
-30.383211,-24.70736
14.728253,36.229435
54.319916,76.15852
-103.3845,2.6227458
55.635845,-91.82186
3.0362809,91.626854
-7.720257,51.506454
85.204384,-30.82231
-20.82945,29.879744
82.87714,-76.72675
-80.90681,-32.02127
85.18309,-32.8399
-60.63686,7.3833513
63.002396,-7.73368
13.158822,-75.2808
45.489964,-81.58114
7.07894,107.69402
75.82837,55.37311
25.12494,-3.28454
-28.166658,-21.017637
-77.74329,-36.270718
39.05914,-99.617516
-63.902885,35.138763
-85.03138,-30.91257
-15.653064,24.68175
10.280978,-12.228131
48.888256,85.89534
46.718277,95.24763
22.253819,33.20227
26.075045,-8.573889
70.019295,44.982517
103.57396,6.7604704
36.08207,-79.19701
-34.000435,119.74966
2.5663047,-100.11456
-103.0528,-35.803165
-91.09318,0.913485
82.52148,30.429903
48.4606,76.17338
82.93486,-14.536532
23.448246,-38.64994
-44.372047,-57.664417
8.585002,113.70567
108.556755,-13.972791
77.552704,10.498854
108.84378,-1.3867354
60.651653,-16.040833
-91.03165,1.567252
25.743263,-60.205456
-0.3114673,-84.37691
-77.19649,-40.29131
29.830523,-0.090633675
-40.584293,49.72357
-92.37411,14.123552
80.653336,-21.050444
-29.277626,74.29936
-58.422585,7.4974413
28.728182,6.198924
83.08174,10.288582
-51.02744,92.860725
-73.722885,-9.919743
-104.249306,-33.813988
-33.151363,63.854504
0.8142692,-110.2106
57.55508,33.31446
-70.13268,-29.785324
-82.86236,32.02419
53.467564,18.303375
16.302149,41.22893
-64.40503,5.8009243
-91.62081,43.957226
-90.882996,-0.1207113
55.69138,-97.28387
-3.4153204,-74.82661
109.89125,-4.596954
-14.404809,-53.994396
-64.75749,97.94544
-26.365482,85.02036
-25.779222,80.05044
-61.186398,-35.960186
76.28596,-23.674204
93.59111,-20.592375
-42.15917,-90.09771
23.563578,-83.067085
84.11884,-49.924347
-33.459938,-39.500656
87.98704,-16.247469
37.959873,53.756546
-21.073729,76.48799
32.2528,-59.707134
-16.870718,-70.45708
-20.248768,77.91389
103.50073,-23.779646
67.24786,47.799732
-107.38927,11.353806
-10.687891,29.500889
7.2494955,-110.74491
22.823446,-46.07588
111.487755,-10.443456
-5.0433254,-34.28064
48.426453,-83.28162
-58.076565,-48.673843
-92.857445,13.246369
-54.156555,-39.598713
-12.785879,23.597584
32.08746,-88.55541
-46.986458,-75.56489
18.422081,114.17438
33.095173,-93.19947
-10.105329,-96.55865
54.49515,-96.08662
-22.767487,-34.368595
96.17927,-65.58836
7.1867294,104.03102
2.4212115,-103.93062
-42.90986,-46.774925
-21.243122,34.43358
67.90595,49.085747
-5.751999,19.735382
27.541367,-9.460747
13.334054,102.52278
-14.76346,24.879904
48.39064,10.413232
69.23734,13.272352
83.55464,-13.363605
110.947235,-14.189436
71.05311,47.56006
108.95678,-0.5017466
-9.279418,-91.24421
21.497852,-3.6282475
17.59227,35.476425
-25.778358,-76.57823
-3.6109684,-86.60957
35.8738,55.209324
-65.00401,11.710688
45.545345,-84.68601
-20.89849,41.691086
-67.77738,-3.748738
59.741825,36.768845
-79.30457,32.013397
-22.676939,-34.30303
89.7454,-28.393553
71.19479,31.105652
-77.22261,-40.06575
21.005087,0.6067901
16.741165,37.216045
13.664163,-93.72068
-40.47592,106.86567
30.75953,-91.86839
-93.042656,-9.082419
97.54206,-60.072132
11.4621935,-109.66604
-12.603337,-106.639015
-40.411167,-90.22944
-18.205818,28.743542
-7.349715,-37.565594
82.63081,-29.48938
77.82157,-58.0932
96.61696,-63.04654
40.65325,22.779348
-16.538868,-27.460148
-26.16912,70.46648
-69.09837,-13.26962
37.77409,22.967373
94.529854,-30.327103
17.253674,-41.56914
-74.21747,-0.6567269
20.656345,4.1300087
-60.076504,-47.99367
54.304073,-98.75869
-19.578836,-29.325611
-1.861291,-75.68692
-91.332985,15.321396
-82.99772,-4.3555746
-90.68141,-11.465807
77.80744,3.420634
25.226557,-60.320633
72.67933,-60.471066
-7.8789916,51.386833
105.700035,-22.223207
-21.7715,81.751945
34.117508,-2.8683312
-83.157906,16.604137
111.61667,-10.169738
74.86353,40.284756
94.879,-28.097559
-11.152191,19.28336
59.949615,74.98288
89.35789,-25.866224
109.89716,-4.5786757
82.74,-28.868084
-28.658218,-37.292355
40.82076,22.860464
91.5086,-14.766085
-40.717403,51.46098
79.40376,-46.989468
-6.8229456,47.335457
80.06407,41.922768
0.693136,-81.867256
-56.66301,-8.7814665
-89.1472,2.0345948
-32.540882,9.558887
-36.519867,95.1786
89.70037,-60.498283
84.902054,32.313892
9.932259,-74.86119
12.008616,-55.801994
-67.98845,-13.577344
58.83086,-101.3167
-20.905596,-77.06843
18.307816,2.2490034
-27.546673,-33.620934
78.97141,-14.867107
13.461044,-104.934425
-5.943785,50.45252
25.448769,98.38221
68.02862,-4.7690835
-11.248065,49.44474
12.14031,-106.32823
-38.392673,95.08714
-19.24443,30.79452
30.171904,-33.076775
-82.21534,-25.81477
76.31041,14.4046
41.588356,22.676723
92.27758,41.10934
-13.368297,-55.38222
-76.347145,-31.771763
49.075172,75.35951
-68.38495,33.207253
-48.440006,17.392511
-8.076552,41.44189
-16.043928,-104.63323
108.99243,-5.1112766
46.230587,-102.68798
-14.019553,-105.53603
12.737892,1.6579568
-68.55165,-13.333828
32.66396,-86.992966
80.235344,-59.672947
-67.65839,94.10012
49.98864,-83.110176
50.502293,-80.68256
9.834869,103.43989
-94.02123,20.832832
-25.521946,73.9663
-74.51621,4.9759727
-65.07935,-24.190075
29.482018,23.252415
-62.75137,37.57136
85.6322,43.46999
106.24809,-22.161299
17.981016,1.9273964
-20.955872,79.66943
-37.567345,81.56971
-84.89572,-30.48533
85.4432,-30.422483
117.690926,6.338323
113.15487,13.846014
-15.554335,-24.623682
-90.669235,-11.570699
58.816647,-99.72832
-68.67658,96.11506
-99.816246,-53.924114
-48.8523,17.209332
78.58536,-13.762948
65.54756,66.51726
65.16562,-54.46008
-49.230835,-35.29136
-30.098848,23.567411
5.888788,99.065025
-3.1568682,100.14849
-21.883093,-36.900654
11.266185,96.03427
-7.1272645,20.106455
51.87055,80.58595
13.952948,-77.563194
83.97399,33.03195
22.158487,45.138634
-9.2885685,-95.93807
-2.812276,38.60968
46.385204,-78.34578
11.142229,-83.31891
104.79284,-22.677902
-81.27741,34.306004
56.96532,33.724506
13.700883,72.54057
20.742687,-90.15544
78.45222,-13.643867
-46.756042,-73.98959
-12.543144,81.02967
91.51981,-14.722988
62.100185,73.96893
81.079155,-49.2949
-32.435493,-33.728592
86.3636,-19.931915
84.679245,-29.006655
9.671218,-80.46559
-52.754272,-91.11853
58.57194,-100.18568
70.13904,-51.061184
72.08309,10.517206
1.7347324,99.92548
-39.78617,-33.537857
74.350365,40.215504
8.701475,66.738945
-89.425766,-11.923724
-23.324028,70.56765
21.677155,99.72326
-30.128386,115.22192
16.032394,104.322876
-95.08753,47.021862
74.11797,40.13353
49.281975,4.650724
41.385586,2.8594604
7.094546,63.876575
-6.6623583,-51.63283
50.8417,-97.34024
87.67067,-33.943176
70.63478,-51.561405
-40.37679,106.71603
-14.381,32.023617
-62.64138,9.231558
-40.14538,49.863487
9.248292,78.89168
80.29043,29.777857
-4.657551,-83.31596
3.0889783,101.46855
8.545826,-18.42517
-39.707134,51.031223
-42.891953,-50.47389
-12.787666,-48.41735
87.817505,-19.978514
75.21009,32.81592
24.564314,-6.1469116
41.588356,22.676723
96.02046,-67.41748
-62.862682,-10.217792
-68.611015,6.7295933
50.848675,57.00837
99.557976,0.05103285
11.185847,-55.85386
32.252697,-59.707172
-83.84158,-41.02605
-2.9469726,39.07361
6.566013,87.88487
58.182987,59.020134
-36.42852,95.04273
39.251804,8.173798
110.599724,1.5455345
32.935623,-61.894844
-22.29692,-80.63186
-26.674644,11.0237055
-63.155342,37.99529
-4.537045,-51.06036
20.343044,46.322186
-62.11441,-9.430638
23.61841,-82.96135
9.215048,78.83138
-0.30165708,-103.09713
-5.6110926,-43.324356
-96.454926,48.202118
26.962902,105.874344
71.76434,-62.80428
38.433285,-48.916626
-52.805397,-85.64133
66.43672,-59.733673
-15.320813,-104.14758
-72.69537,-13.192948
-82.302795,-39.623943
96.35437,-18.60156
62.58569,-10.08867
-30.451185,-42.02151
-24.584492,85.84079
-37.546593,82.30346
8.1257,-80.35936
-86.20274,-5.790505
91.47967,-29.211056
73.34677,-61.46792
-54.712753,-39.310257
-52.367477,-88.41232
-34.658833,99.54758
-35.052242,-28.906607
-38.575962,94.82231
-69.7127,-25.865656
12.314794,46.33516
-40.256428,98.95114
25.202631,54.953354
-90.87424,14.4014435
6.7192183,108.17611
46.528854,-100.0441
-36.22502,14.170892
20.397808,-1.7113587
-43.53543,-82.65578
3.3267994,12.559156
55.117947,59.16103
-12.1643715,-73.83003
40.361557,64.02981
-86.53147,-40.480465
19.982313,-35.296455
-3.9466116,55.486168
10.96897,-43.712437
51.734093,8.205471
47.29274,93.88564
-48.37566,47.02973
-44.382545,13.975105
-5.892679,-44.722466
-15.348566,33.0034
48.263294,42.629276
2.3870866,76.36554
-64.61958,-10.222654
13.30671,96.51491
1.4438053,-6.5607343
109.93026,-4.2346253
-35.309353,-35.925335
-67.70792,39.590054
-69.092155,-13.274575
-57.066277,-44.620876
7.389667,69.1181
-65.96847,97.783165
113.11171,11.580254
9.782294,103.45712
-14.170554,91.09941
-85.52867,16.5843
6.717447,107.50431
-27.560488,-3.5349274
-20.945911,37.663387
47.34621,93.734276
-31.61363,70.77108
-8.0765505,41.441833
61.344826,65.336624
26.949684,105.87594
53.94953,67.59979
71.56197,11.450083
2.8008773,110.152084
82.92921,-59.56092
-1.5732956,-13.436517
87.35289,-15.489601
1.0997161,-83.89429
-74.3877,4.5838513
-7.3359823,-88.595215
-25.909584,73.267265
-30.015287,71.08873
32.66407,-86.992935
51.45138,40.478863
24.543604,82.67484
-32.325394,60.442707
14.815237,104.78132
28.779139,103.989716
28.78928,-57.804043
-66.02373,96.931946
90.39961,-66.8378
33.030422,-93.19974
18.923546,113.995926
27.013353,-43.793316
6.094874,-24.443113
21.534445,-61.59997
22.465334,34.089363
-65.727325,37.51236
-111.09322,2.9154608
94.1286,-60.515934
18.559916,34.06973
18.894001,44.63786
-60.087402,100.956024
32.0146,5.35308
40.203133,0.7760482
85.86149,-60.020622
-42.56024,50.464508
54.039772,73.21765
92.044266,-15.162185
-25.888136,73.35709
9.890999,-20.232058
63.186153,41.488987
10.951233,-48.882492
51.367153,-105.44638
19.338713,9.242343
-33.331223,97.19377
74.47849,40.198616
-4.419062,-98.444595
46.65065,77.30967
-32.68425,76.01265
-52.25809,103.82226
-46.883446,-42.464725
47.981262,6.7251515
67.67873,45.097836
-49.942688,-90.00052
-97.321686,-53.084023
26.447973,11.587219
-39.40607,109.33157
65.92585,-8.702525
12.475549,-83.923676
45.84818,-3.06106
77.30971,-51.964207
30.160305,-50.025993
83.64224,-14.496753
-83.67438,0.19652116
82.48949,-14.784231
51.20462,72.250206
-46.175667,-85.577324
23.57671,-84.35752
48.00453,9.677073
27.992546,11.889779
109.450325,-20.141264
-12.849978,-45.158367
-110.90611,2.002463
6.5686674,87.90713
-4.825209,-85.71115
47.64112,4.9945188
-61.975174,2.722366
-61.67084,15.13624
-27.129389,-36.842533
87.2365,36.51822
117.07028,6.981373
-23.049463,-54.81833
-10.170317,-96.66051
81.28178,-16.151693
-3.3601606,41.54527
-48.38128,46.99924
0.8688918,-99.85315
2.599263,-82.31999
19.943396,-35.42824
110.3181,-2.4491231
47.913513,11.896241
-104.25842,-33.81257
-62.70296,96.466354
-11.048976,29.910452
87.47484,-33.514793
8.286292,-81.125084
52.11565,82.178825
94.87823,-12.080507
-60.25192,-45.870052
8.653718,91.99101
-14.809009,30.839527
24.380903,-49.325
105.47676,-20.671167
-8.741938,48.718105
57.215775,70.82778
30.997274,-64.93076
-63.560535,9.321863
22.504164,9.25622
-32.28805,57.846504
-18.56724,41.83006
12.973612,47.81931
-13.510938,65.98331
88.460434,-25.783579
19.975882,-16.35679
-10.820053,42.31533
111.487755,-10.443456
-8.716205,-101.23908
2.2034385,-9.9069
80.05967,-51.789566
31.877213,-96.966545
105.85943,8.475558
48.14687,6.7114363
-23.331724,70.60305
76.84403,55.17297
-54.99379,1.2797079
50.810234,41.232235
-28.69609,-75.80869
106.31187,-20.797365
-18.333397,28.689363
110.909004,-4.3624673
41.874233,23.264414
-37.628647,111.904854
56.94661,65.78636
-28.229023,13.799677
-40.700783,51.283558
-52.879295,-7.152186
10.595205,42.036366
-12.317875,-106.95539
8.442993,-25.05982
-8.312048,23.916817
-74.84738,-6.755657
105.70033,-13.496047
46.27581,-0.94511
48.06871,3.8085535
-30.722317,116.571304
-62.600807,0.3945281
-73.74022,36.76434
89.889626,-65.522675
-86.81314,17.32314
111.74782,-5.84182
13.647411,42.21472
-3.2344406,37.04577
11.074005,-106.02878
79.13469,-13.97384
58.759796,-18.018814
-65.80643,-61.703156
-7.9097137,-96.67307
44.180202,58.178036
-17.281607,-58.313446
25.98361,-8.400584
28.168045,-58.242435
-11.825503,-51.509106
2.4068463,109.087074
1.038272,-8.168943
-96.98858,-39.11314
20.77375,-76.8377
-5.1798987,22.658062
51.469738,2.3882458
-10.943492,29.919706
-23.958092,112.72502
4.182295,-23.118408
73.26091,-62.1141
19.033335,7.419232
54.4628,78.81535
38.260647,23.856531
17.202173,1.7619087
68.04792,-20.57449
3.7218325,-19.785425
30.818533,-52.287895
-111.166275,2.0426483
78.186615,-47.19321
-24.146673,74.23158
34.19526,3.4992945
94.71673,-28.822262
6.393315,105.599464
-32.409863,71.362015
20.34306,-89.651054
38.12437,-80.559494
33.004105,8.9400625
-55.44306,-12.645152
-91.12075,0.7826423
11.561542,-53.62045
18.950413,43.953735
-17.592888,-95.60856
-30.503325,-35.6612
95.74161,-7.2133794
87.66342,-19.849306
-2.8584666,74.868126
46.69463,-103.525024
103.72209,-1.5279948
-33.638195,-28.614801
-0.845547,42.666004
-94.476776,18.255579
-84.431496,-4.0883536
-65.02928,11.798262
41.576935,22.674946
67.46127,46.670425
-20.210396,-33.437145
102.62778,5.687865
-89.64039,-33.055676
91.519615,-14.7228
-7.699811,18.693819
-42.59747,83.28876
17.85911,106.440735
-31.523092,65.18954
11.238613,98.55255
-35.379612,101.60133
-34.991386,74.04842
0.42421487,100.936844
8.531713,-53.11739
-91.53243,39.137787
56.99441,72.587494
47.34292,4.383354
38.139206,54.480175
-90.42875,-29.225733
40.0906,-69.68249
-98.82494,43.766228
-21.322674,-33.654236
29.01046,0.520137
-62.289993,1.3689804
-21.038996,76.005714
-76.17291,38.066544
72.15868,38.984787
29.715572,-99.955475
-32.761425,78.16292
-47.598793,48.48245
72.14425,-57.514996
-32.33148,76.63334
74.16719,34.38342
2.406502,-6.7537236
-49.516193,116.3915
12.963296,48.31256
14.276677,96.107796
-8.209424,-32.07316
-66.138336,14.739041
11.183001,-55.853737
-76.987526,37.64256
-0.66610914,72.92697
-29.429016,73.62322
50.035843,-106.63661
-32.89532,108.38003
83.1055,-34.367897
-27.367153,14.839099
-74.250755,36.9837
20.20728,30.265484
41.69577,64.0449
49.29658,77.910225
-9.1268,-96.790276
-9.488255,-30.725855
25.208956,98.74442
-1.7463204,-75.73242
-90.91401,-0.9002891
-13.323006,26.615814
-58.552956,7.731429
3.8596804,-101.97888
79.07313,-50.681183
19.459982,98.31868
84.172356,7.086366
27.23601,-9.059051
51.383595,88.846664
-8.821105,-88.123604
-94.20579,-25.087519
45.90618,-84.39234
63.33716,-61.34593
-70.23909,35.85773
95.924736,-68.662994
-81.65897,-24.816034
76.18108,-20.953749
42.16294,5.1547294
69.233765,-66.05698
99.39141,-58.77699
86.412605,10.912004
-29.54013,13.047766
-90.66561,-0.57904357
-104.12477,4.497989
-89.634766,49.26089
112.377144,-14.147453
-14.574601,31.656927
73.44996,-60.482376
10.65986,-20.160055
24.695591,82.70144
55.554546,-97.29556
-5.9582977,50.439697
-88.79799,-5.539925
-70.95022,7.537857
57.313183,34.521652
103.46163,-46.49536
54.886353,61.223274
73.34683,-61.469414
4.9042673,71.07229
-33.426556,-31.156654
-34.04207,106.332825
54.106625,93.25527
-60.01658,-45.648235
53.499825,78.38893
56.990574,36.60078
-76.8814,0.3762937
52.71305,-100.61899
13.293294,-105.23154
-2.914991,-3.6165373
-19.879107,32.147675
-43.75074,-41.825512
51.33529,10.617754
69.65752,-52.2305
14.402369,-93.658485
-28.801834,75.507904
95.47791,-7.608356
-0.72303575,40.67461
109.12217,-5.5989804
39.682648,-87.86444
-11.487343,-51.011486
81.33512,30.577585
-59.739853,-64.10414
14.910919,37.51734
-23.894901,74.60698
-90.32587,-39.83771
-5.8270574,53.852867
111.64536,-21.844435
-12.206518,-107.098946
10.186419,-74.93553
95.00947,-9.628058
-42.379875,81.55322
9.567415,49.734047
-80.056335,-25.448494
53.62244,76.715965
-24.168957,74.22371
-14.155708,-98.338005
-7.728838,-38.40239
-31.425022,-42.07814
71.14169,51.832264
92.68143,-27.499813
-67.796875,7.3032894
-100.77062,38.55724
-93.7275,-7.042987
90.921,-20.656487
109.797745,-16.613253
-9.13433,41.31505
66.28224,66.05763
-64.92512,7.9866996
35.41663,8.6480665
27.583702,-45.659893
17.322868,51.71992
-49.426544,-54.877293
-86.72043,-6.1915507
42.14567,5.157665
-84.16975,13.377607
90.650055,-20.245907
26.991846,-57.54226
-7.7128425,17.99093
109.79165,-13.512712
40.198235,-82.14714
-56.824646,-44.791683
-12.303397,34.761192
61.916862,41.14083
10.702442,-46.605198
-53.14404,-60.646027
-92.95163,10.475786
-22.546703,-44.435627
79.013115,-58.700108
-82.71355,40.310696
-96.3616,-38.6856
-27.445984,-0.3550319
-2.4795492,-96.29069
-48.08947,15.156083
0.057759028,41.8015
-92.90744,-37.516964
58.801292,36.05234
28.5822,5.729997
-91.12043,-1.120446
92.763885,-66.58173
110.079155,1.1673135
8.502756,-2.4359386
12.463825,-83.78055
-4.146066,55.748596
109.63703,-2.7965298
-67.52046,-2.4420276
27.561619,-58.678326
-87.58671,32.037544
83.642166,-14.496523
51.941135,57.42267
-15.4387045,90.233635
96.70526,-62.29923
-8.2429085,-96.78886
7.488285,65.659096
-4.363357,72.47816
-90.1774,12.153502
6.289799,77.35423
58.73237,-18.049833
80.24015,-16.766586
-20.831404,80.72193
21.346378,1.4588068
-0.2583273,100.94527
68.083374,49.69578
-17.159842,-58.397278
-43.860497,116.513504
-83.11316,-26.206377
60.05587,35.908062
-38.626114,22.532467
94.978096,-9.662962
79.953186,-17.733381
-32.770237,-37.866364
57.43855,-17.336117
-80.11463,30.754827
-75.050156,7.674361
-10.271601,80.85448
76.67912,30.347282
-63.818733,7.922422
11.424316,-5.895894
12.673275,38.624664
50.874157,60.5759
-0.5910029,-96.98765
8.249495,38.128365
6.6567492,102.043785
-41.87796,91.486916
48.541405,75.170975
59.253426,60.772217
-32.691166,77.887825
-39.74884,-32.861362
20.322393,-47.2022
-40.305115,-32.09684
95.21159,-66.78153
-55.623104,-16.559864
-56.689137,0.33668575
31.523867,6.5219436
-91.7835,-13.588283
100.836044,0.556545
-22.886106,-79.52438
6.5891867,109.27337
-32.658714,-36.155502
-0.10804627,83.47651
-52.54552,-60.673336
-17.159838,-58.398792
-54.030903,-6.546148
-36.28318,94.98755
-77.36393,2.4085226
48.634094,42.931656
-77.36693,2.4048142
-4.1273274,-53.099384
27.361513,-4.341819
7.8464494,65.21217
26.479074,-3.7713768
-4.9276786,-86.412544
38.05426,-80.730225
25.365013,109.058266
26.843163,103.76441
29.405386,19.502432
-23.894224,74.59308
55.65226,-15.300387
96.66708,-3.9647267
51.817036,-101.59386
28.637955,-38.77459
51.6712,80.78963
-82.723656,-28.784878
61.293518,-58.361324
38.591026,-5.128571
68.108215,-20.722052
-90.051735,47.573868
36.1343,67.52553
-39.73823,-32.38845
79.15446,-50.95516
-81.380806,-41.96257
-40.210705,99.00415
-23.772501,1.0494599
-2.1863256,44.725067
27.485304,102.74367
-89.640625,-33.058693
-0.6065455,-96.50942
-94.1437,20.680506
8.495077,114.43776
-7.063562,-10.884416
-74.51549,4.9755607
32.70156,-62.768856
-97.25054,46.73841
4.2697825,8.939129
-29.07262,86.26975
21.002417,109.243996
-12.151905,36.715096
2.6249654,-111.24888
-13.009022,23.70758
3.012915,12.466276
-22.70356,-56.601242
-54.292664,-60.84898
-88.440544,-39.638412
57.979004,35.706272
79.00445,-19.129087
-41.744236,-34.121613
3.9845114,-77.13579
18.85659,44.60515
29.889845,-42.269
58.940735,74.28149
-67.42191,89.98032
81.51026,-31.790485
71.05661,12.865311
-15.148881,-104.89498
10.854815,45.909897
-77.73164,-41.501904
-24.969711,-79.644035
-47.015717,-75.774826
98.7556,-58.18575
71.151245,-53.813107
34.58209,-55.71452
-60.30963,-47.882187
68.02857,43.255634
-56.728764,-15.807977
10.638839,-47.194683
-57.684315,-6.334457
-100.408356,-35.574306
3.238678,-77.004
39.479687,-104.11538
87.96748,-50.387383
-87.07337,32.72864
4.3453627,-102.21146
24.640467,82.62247
2.4292624,-9.486357
-67.64675,-1.6642224
13.565897,43.43822
-2.1709838,56.34779
21.145227,0.9334259
55.74067,-97.33362
-4.1143656,41.56927
-50.836388,-91.27669
41.277794,-6.257505
-1.8770946,-13.109146
2.6240602,-104.064064
83.928345,13.004775
113.50842,11.643857
-9.133724,-94.091835
-82.67659,40.165077
79.586914,-56.072872
-9.377341,-30.374552
10.638467,-45.47855
47.416126,-82.4267
63.67999,-61.679325
102.563934,6.5543995
-24.471735,2.186335
-9.459378,13.012751
-29.356281,-93.424736
109.31922,-3.9060032
-18.435394,-29.446426
80.62724,29.140646
48.649384,10.072048
55.442974,38.43452
-32.525387,64.75555
46.235744,-2.917139
37.66566,22.871527
11.748047,95.95108
89.41524,-19.020954
-7.848756,-73.45812
-92.57633,45.06474
18.817614,44.604874
-66.52557,96.842705
50.853867,2.07113
-62.10181,-21.270035
38.94907,-88.62663
-75.625565,-4.12113
112.5188,2.6555645
65.26945,28.873882
80.67003,-20.985025
-30.370113,116.57576
-51.487957,-90.41505
90.06473,-20.397217
-20.633343,-57.092297
20.965597,-36.242615
13.832881,41.403584
-29.28093,74.26309
111.62929,-22.134806
80.171455,-22.422113
11.199214,-5.634142
-72.54354,-12.687363
38.57681,22.571798
-9.79475,-56.42672
79.232155,-19.956366
-6.0807934,-45.213795
8.054501,79.99047
-83.55,-24.788876
-3.3975303,-81.72605
-14.999375,-40.727577
21.677198,99.722626
50.607895,-80.61988
-59.804974,-1.2629828
-24.450855,-82.4071
-11.891237,-93.63307
93.3291,-13.456103
78.35777,-60.936172
-37.493694,95.18583
66.06243,-9.96942
79.2724,-19.05257
28.033672,98.30655
-32.658844,-36.156845
41.11466,8.356983
-88.02863,1.7292763
-27.563293,0.24088758
-26.708763,-3.3020418
13.690078,-93.87457
56.813774,20.602745
-15.212398,65.52298
-24.916075,86.08894
-2.3707483,-83.407
22.205475,50.625126
-93.049286,8.905865
20.663633,36.176346
-67.80742,93.952576
8.144047,50.85012
-74.06075,-4.8957577
3.4754605,-102.17279
79.83672,53.688065
12.262137,-55.4793
95.13544,-10.195976
-83.56913,32.669456
-6.1095324,-45.134476
-89.16305,-38.14071
18.434381,114.16373
-29.79797,-30.353104
-33.04215,56.692932
19.359142,8.117929
-84.949524,16.485542
-7.743306,-32.4006
-29.873808,72.13546
23.903175,-49.074684
-67.8268,-3.7212048
111.396736,-4.7152705
-67.443214,90.18248
-1.712307,40.63947
110.70043,-2.7805138
0.038539536,72.42912
-7.781708,-51.424923
30.316957,106.58201
-91.73815,-14.760116
-20.76826,36.99335
19.883041,-88.1179
-66.3146,18.624174
17.541079,109.01485
-31.090881,-44.453217
-59.360588,0.40563378
65.344315,-51.81188
107.94325,-11.457222
70.407036,40.224876
7.281765,48.658745
17.535759,35.825054
65.18303,-50.493855
38.0621,53.72334
-26.813677,22.777866
-2.697386,-96.01946
83.97273,33.032043
24.225445,-62.178562
4.6165686,73.0236
-32.008823,56.580986
-30.448244,1.0117328
-83.71874,18.099743
2.383245,76.36479
-83.484024,19.963533
-3.2253897,-82.555855
54.151737,-99.30925
-13.907301,92.01931
79.43542,31.957304
69.07454,13.28179
-40.22023,98.95508
30.454393,-42.822533
-11.845392,-25.12403
-7.33444,-89.19248
40.68805,-82.31403
-61.97512,2.7223158
56.33526,65.45763
-13.915822,92.024536
40.203133,0.7760482
-60.15099,-47.559814
79.74216,-18.414675
48.4606,76.17338
33.39152,6.1536984
-19.317636,-35.415104
85.10824,-29.947138
27.992546,11.889779
16.781172,2.0120318
-13.1799345,-107.30503
56.17227,66.605865
9.83484,103.439964
82.73641,-28.87356
2.5446622,-111.633804
-16.490562,-27.032434
-44.00214,116.472244
35.15276,21.975788
71.216324,40.31231
9.3125105,-21.261044
60.26057,34.892838
8.092936,114.74297
-57.177135,6.5904884
-64.12584,15.47165
-70.23928,35.857887
-51.956726,-10.9082575
-32.73962,-73.20963
117.10119,7.3879056
-10.5981245,-27.063105
53.76825,19.43053
-34.17225,-39.42024
-110.90624,2.002786
87.5062,-62.192085
-65.66251,-0.97435665
52.16707,11.23889
59.51694,-101.192375
8.325362,39.44457
-87.10845,-11.615892
-9.488715,48.677647
-12.981225,-55.55389
-49.379807,115.44778
-2.1747234,56.344837
12.356007,-106.6369
-89.91159,-37.179848
-11.692475,28.94212
-60.998386,35.598648
28.854374,-3.6406379
-89.81066,-29.78707
116.612434,4.397556
25.13877,-3.344237
-57.82764,0.063706554
88.00598,-50.724743
-25.793798,78.53632
0.19031578,100.73113
9.554828,-81.59428
23.556976,-83.20463
-12.468081,34.41286
-40.518818,50.274536
-83.14446,-38.970566
-11.623411,36.737587
84.49056,30.322191
68.851494,66.771095
-2.3779616,-75.521866
24.031452,4.2506638
-31.499378,-38.697056
-28.541183,8.481074
-94.45277,17.199293
-93.702194,36.91408
-2.2813609,56.380238
16.21641,37.945618
-79.26982,-39.500706
12.43457,102.905075
-1.7302463,82.78704
4.90097,-3.212077
4.9069414,-79.77584
-44.328434,-88.82188
95.09351,-10.183894
23.460445,98.21548
112.32309,2.7064922
-8.172389,-13.018984
18.064754,9.029802
-91.21921,44.894966
-21.095528,75.89572
-56.698833,0.3179764
59.832047,35.410084
47.08475,3.4879537
107.760826,-13.758164
-49.942818,-90.00047
109.12953,-17.545847
-83.484024,19.963533
-23.055616,70.17254
-65.91528,89.893814
18.784475,-23.423187
-50.71127,-92.37194
-67.656715,-1.6769146
-17.31599,-95.909515
101.42774,-24.374546
69.14374,50.645325
-7.139978,-49.55997
4.6187215,-23.533064
-31.99439,70.72113
-58.35623,-42.702446
57.96719,-17.896812
8.587453,-80.82744
-33.07007,117.965355
116.6913,4.495702
-16.389784,-26.29797
15.753924,-90.36354
-0.21999758,73.482635
51.777397,89.64715
-43.15957,-84.823814
-32.305912,3.5275466
3.2877672,78.79875
-44.289894,-41.577473
53.995,77.13703
30.948597,-52.08619
27.095528,-2.2516763
-20.99029,-36.914177
-3.7155094,99.4034
117.15153,6.9508953
-72.54354,-12.687363
-72.71584,-13.02736
-83.04531,19.43497
-76.07306,-32.57792
20.467068,-83.01925
-20.60536,-31.254726
-30.004383,-42.538433
-10.221112,-27.386034
-96.459625,18.834875
46.079605,-102.51131
46.974625,76.97306
27.479296,19.435835
-62.118305,96.59794
-31.613653,70.771095
11.412062,-53.453808
72.14425,-57.514996
116.17562,10.392908
-20.732552,76.88134
25.18534,-5.5598783
11.561542,-53.62045
-38.642456,-89.88162
106.31582,-20.780828
-43.46751,83.08899
17.255383,-43.082054
117.66507,6.3306446
-85.104095,-31.12429
25.965,101.44677
-6.858045,-85.18884
-13.502505,-25.025692
84.19082,7.278044
40.09919,6.9359994
2.844774,-5.0415883
-90.30616,44.307648
38.693665,-6.4870396
83.50493,10.786611
71.57619,-55.704334
39.957905,6.3570557
-2.5920663,-97.232895
-34.827087,-29.12934
66.603134,48.04057
14.035081,-54.838436
104.89062,-12.029202
-28.997847,87.558846
-15.483449,-108.46959
3.894086,74.94721
-70.24689,-9.641088
-77.84985,-34.378105
-21.242325,41.3295
-37.354626,14.762495
-30.016356,12.675887
21.656914,-50.712803
-33.461678,62.93044
-27.257687,23.12121
61.83733,43.806515
36.975945,-58.393734
-56.591824,6.13296
99.64533,-25.945862
-26.253815,-76.660255
80.29209,-17.063595
50.58157,14.112341
10.518135,-49.067104
18.443312,114.162895
-86.90733,-39.997375
-15.730512,32.589687
-24.970554,-0.57446885
40.61095,0.2564821
-6.693052,-14.207347
-19.215292,-94.73848
38.45023,-87.710815
-14.794991,30.958282
-58.455685,-44.30693
-33.42532,-31.158886
13.403025,-85.13643
89.68946,-28.130936
-76.89509,0.3686626
-25.042953,86.47661
89.68212,-36.10264
-1.4213294,66.333595
-44.77257,-48.894627
18.45788,103.32817
-57.19287,-7.1386514
-58.118423,-48.615776
80.06559,-16.546303
-9.489574,-9.832158
-84.05668,-29.279593
28.390562,11.426083
-42.629845,50.373924
-43.372997,-52.855583
12.633885,38.66172
-8.196028,-38.40459
-6.9354777,49.384857
110.90021,-4.383531
112.26178,-14.1779
-74.073006,-3.5632958
-22.835167,-35.50808
65.061935,-50.97022
-105.639366,-37.122585
19.789875,4.357283
80.34467,40.603844
68.92008,66.79354
71.63691,9.623131
52.88659,80.7197
21.536795,-42.870487
20.91805,-1.330096
25.308372,94.2918
-5.7899694,-44.065426
23.737577,-2.9054735
-69.84412,7.9891863
25.115538,-40.249187
1.031562,-110.44982
24.033365,-50.107944
-38.62537,22.533222
110.04314,-15.96945
-0.3422358,-84.351524
27.505941,-46.49999
15.218552,1.7852308
25.308317,94.292114
-79.61734,-24.935003
45.19338,57.157185
8.972391,92.46175
-92.70754,-37.947674
106.322266,-18.613935
-80.183464,-38.380405
-72.95116,9.52328
38.61975,5.868327
7.590687,101.17006
-80.318886,-33.67057
13.794195,39.525433
24.96031,-7.5715823
17.575424,-19.023485
-33.92992,-28.5253
-38.38701,95.49414
-9.976306,-99.130005
7.094546,63.876575
20.07539,11.462767
-40.11481,-32.85927
-92.131355,15.285396
2.5476234,-111.42406
-101.671074,11.638868
67.701614,42.851227
21.395895,-41.846638
-12.974028,23.678036
80.45514,-47.130928
88.62931,-25.821735
-34.194298,-39.471413
14.979175,-92.8703
-86.821495,17.294683
99.04007,-56.902977
-60.86309,-2.3474686
-63.66606,16.520927
44.014797,58.417595
-97.667015,-39.575005
-36.695526,81.84777
72.332,-67.70406
-3.3243682,-82.5524
73.15383,45.144016
25.128708,-63.802074
75.659035,40.118534
-69.25343,-10.553987
26.344545,95.228004
102.3353,4.5945
-41.82516,25.69714
88.43833,-25.754963
7.3987417,107.53114
-93.957344,17.460844
75.79362,35.1191
-62.291767,0.759844
45.49012,-3.3659174
75.73897,-5.3622994
109.75843,-1.7376723
9.814027,70.1461
-82.87707,-3.3496094
5.9133825,99.341835
53.126755,-80.939415
36.330467,23.229342
-86.101845,16.573328
62.21754,43.825596
29.405369,19.502415
117.45607,6.371798
71.77246,-56.944996
-14.633368,90.01837
-33.302822,60.417645
39.781567,4.3384633
41.56952,-5.7534986
-58.563175,-48.89845
-30.318882,70.10698
-28.080938,33.16119
-94.14504,-21.972855
-2.3721883,-82.57325
-27.678875,-92.914314
-21.075937,29.169004
-13.689467,9.91672
-6.77294,47.90171
-15.126894,25.708225
12.277499,-106.5045
-25.680313,86.759796
31.545588,-0.23750162
50.79299,-95.96931
-1.6706212,55.79852
34.32354,-97.77293
50.346523,41.2262
-25.543839,-73.7519
89.90764,-35.44548
-94.15061,17.794863
25.470467,-36.01024
87.90637,-50.30174
-11.636155,41.4103
-43.344204,82.61843
6.3296685,110.462006
-44.557816,75.88946
50.595856,14.074737
18.527008,34.086273
-43.163223,50.429955
-15.643996,-111.789795
110.299095,3.7023067
-15.489323,23.537745
40.047935,1.8771604
-90.96389,-0.78428644
-46.503796,47.821266
107.62963,9.605765
-13.350414,21.778675
102.56302,6.5553675
-30.477848,-36.94322
-5.029074,18.718618
79.01563,-23.565893
-88.41099,14.219251
25.934978,-47.74264
107.037544,-21.067575
110.10966,-17.619858
32.870785,-0.80568033
81.709206,-16.475191
-27.55992,-33.68428
2.685522,-8.80048
59.552246,64.42504
20.532133,-88.85192
-21.986094,-33.945732
11.798044,73.04597
14.040026,38.76323
16.057713,104.32042
79.081314,-46.76434
86.29389,38.468357
-90.59206,0.77855617
-1.6735499,55.788666
110.04423,-15.976113
-88.50547,-35.045063
20.377047,-89.6587
84.99074,32.557102
29.295021,24.046453
79.0138,-58.698883
-19.743826,-33.363297
-93.7275,-7.042987
-94.27131,-22.584108
71.57619,-55.704334
-62.9567,96.05536
-22.923468,-37.293896
56.29472,-16.10586
-70.23954,35.857876
-13.769046,-106.697296
-65.556145,-1.37443
-23.757877,-74.091225
-65.56933,-1.5890031
-31.10892,55.970478
54.413696,-97.21099
53.63369,43.42382
-47.991653,-44.517715
113.10685,13.854347
-92.367485,-9.285535
15.694501,-90.55044
59.474552,60.157127
-8.313601,23.959166
-64.44438,97.56077
46.56861,-77.13781
-18.12853,33.04074
-1.7114372,55.697502
-10.763176,42.157227
-14.479959,-25.814228
-87.205284,-7.00758
-87.52843,47.628193
-10.519215,80.212074
-26.634102,87.278404
52.50752,2.5814404
-83.6295,-29.890324
41.507847,64.227356
-83.70713,0.05859117
-62.29099,30.818703
-26.147213,70.07064
-107.59749,11.582591
61.504154,-44.702938
-44.26345,-88.85761
51.133823,41.375553
-25.176138,73.8381
72.947556,46.024082
14.014306,-77.56592
-23.211977,-80.77114
-13.907301,92.01931
-59.82083,-1.281447
11.167668,72.11824
18.627901,109.42628
85.38199,9.127135
47.921967,57.22863
-78.583305,-42.8151
-57.321438,-65.40079
-83.67475,0.22178297
-101.743675,11.6008625
61.813103,33.161377
-90.29025,-39.890057
-18.713802,-28.983555
71.29525,-56.293606
92.22282,-32.51751
-21.745174,34.834023
2.4021637,109.68373
48.789288,-84.12799
-89.94121,-38.965054
13.189915,-53.13157
22.183538,-24.970793
-9.194581,-96.279816
23.817059,98.17268
10.185869,76.65472
-30.364264,-41.95313
-97.69175,-53.270992
6.435393,98.681274
-32.562965,4.648403
57.327793,36.881016
-92.52026,-16.057516
24.518063,8.630486
-85.34723,-2.4246533
69.56131,-63.556427
-94.0376,18.129957
54.680813,59.017563
26.72081,17.648209
10.913556,53.40747
-15.640807,32.721558
91.72742,-15.421822
53.590866,73.65767
25.07115,110.01072
-90.64005,-39.48206
18.503113,-23.32639
-26.642044,17.925987
108.992386,-5.111086
52.927864,79.58218
50.53583,-104.76539
-35.162674,73.63956
93.44531,-13.443453
-57.181046,-6.7891445
54.886353,61.223274
-29.356281,-93.424736
27.270042,-46.870167
83.023926,-49.793343
-8.493074,46.704212
-6.119146,-45.136784
-90.7056,0.73556525
-67.51623,-2.467617
12.923881,-23.480667
16.351425,47.603542
-74.554306,10.258681
-11.901564,-56.89647
88.98627,-25.92252
2.5477808,109.564964
19.268602,7.7061486
-62.21217,30.822788
-41.555584,-56.892345
116.66885,10.013228
-59.9413,-1.6736733
-62.539024,-22.783848
24.21643,-49.382603
2.8523357,-82.3259
17.568089,-18.674484
-67.62065,-2.2426515
70.55922,40.29006
14.604254,-93.65506
21.937181,45.66123
-3.4393516,99.59976
-32.499126,11.897808
71.166374,-17.952377
16.093666,38.109375
-49.344933,-88.98821
-90.85,-37.64175
10.936562,-83.35469
-32.90536,78.42765
-9.30451,-29.278336
29.496014,-100.16509
20.833553,-47.000732
-17.094082,-70.96982
105.70709,-13.493952
9.782294,103.45712
-0.9838854,-48.7837
56.946915,92.68749
11.073813,-106.03358
8.0680275,114.75893
41.381668,2.8399723
23.685097,-49.67403
38.864666,-105.23313
33.164246,-2.5611365
-3.8008037,98.350006
89.418686,-19.043032
6.717428,107.50573
47.29274,93.88564
-100.98784,11.704519
32.987625,-87.20841
-20.18995,-32.66631
13.456887,-23.956526
19.210207,-47.55099
-35.814976,-23.838587
9.313082,-112.65268
88.888664,-17.239014
90.04113,-35.48378
40.21807,0.41850904
-15.969731,22.052097
109.36669,-12.193345
-51.173847,93.773544
-84.94659,-0.12905869
-7.6678424,47.137222
-45.73647,-39.42283
22.161287,45.06109
-7.75662,-29.604643
-32.28778,57.846073
85.818405,40.01968
-31.4081,55.960754
-95.26783,36.455666
58.320957,37.39864
-29.540407,56.860703
-52.270393,-38.687206
51.03655,85.299614
1.9164183,90.596054
22.681564,-50.1915
41.85615,64.45134
-57.213795,-64.24429
69.83448,-18.947845
11.303533,-110.28279
-46.369114,47.854954
-13.635741,-49.122063
56.52959,-100.3038
82.10492,-34.109344
-8.700444,-14.275204
78.95888,-50.264618
16.731367,43.036213
96.45679,-20.038864
50.03394,71.7206
3.2924705,78.79773
-25.10957,86.154915
27.730072,20.128145
10.447183,-50.25898
59.678596,-9.445445
39.375732,66.13905
37.75826,53.77615
19.492716,-42.195568
12.534531,-55.538258
23.923191,-37.590557
-20.250502,-56.76445
-12.11425,-51.770664
4.006721,109.47073
-7.3330355,48.55673
-13.8940525,-57.01116
85.1058,-29.985075
30.040216,-38.51263
77.23071,35.025505
-91.81781,1.4155802
-47.58743,-89.4156
70.81478,-51.655216
-72.92338,7.64134
110.8931,-12.029754
-97.52286,47.749947
-41.71888,-55.894104
50.880234,-96.62793
-56.992252,-64.43126
12.959041,1.9574265
22.623022,-60.607788
-12.041516,-91.91525
19.431973,-34.96198
-25.905033,-0.32162434
39.29428,-81.27698
-43.621548,-88.89197
-89.39505,-11.9232
-14.2806225,90.43901
-85.45073,20.12963
53.970295,-104.113434
-41.70792,-55.58312
-79.819084,-42.61526
-65.55124,93.048485
69.56216,-63.555706
3.4630356,-25.572527
-59.47613,7.6888857
85.108665,40.014496
106.494484,-18.127686
80.16148,30.410276
40.998886,-100.131645
32.663986,-86.99282
-7.3420644,-88.58432
23.496323,-3.2320898
-65.39771,3.7168894
29.017042,-1.0362692
-5.6177564,-43.347446
-62.11441,-9.430638
59.094524,-101.514015
-81.185356,-44.376194
82.94896,10.575884
19.63274,8.957921
79.42092,-46.65184
-86.14609,52.594208
12.963296,48.31256
-84.9784,16.596912
38.781647,22.455805
29.130415,-99.99875
67.61993,67.21376
81.70179,30.435238
-36.464413,81.64931
-6.1960745,-8.094802
-105.20381,-37.262844
28.662056,6.087424
35.978535,67.2519
-90.177475,-29.081005
-11.022217,27.725584
14.736356,36.213753
0.7485096,-109.4931
49.415634,2.2448964
86.0626,40.424797
-45.665493,45.97586
-21.922434,78.724045
2.6933436,101.03654
13.969225,40.91938
59.570465,60.199326
5.763351,78.17089
27.26537,-9.12788
-96.4634,18.838163
16.198671,48.328533
50.005005,19.41079
-7.518263,-12.23821
-91.53857,0.23030789
-12.117325,-57.886147
59.642414,-100.64965
87.52299,-26.985203
25.183794,7.1614194
61.83787,43.808132
19.737257,9.240875
35.82436,8.392398
-20.659092,-57.094498
-7.141393,20.084757
-53.157986,-51.843964
47.549828,93.41433
9.411256,-112.44961
23.681797,98.79929
7.351526,99.744995
46.361965,-1.0325884
53.566685,-95.022804
22.092941,50.939976
68.4452,69.193886
-0.43204182,-10.98973
71.425316,-66.430534
-30.672363,55.81874
-100.86915,-35.557255
-36.15217,-90.34396
-60.710735,-41.145233
10.343793,-74.978645
31.242237,-52.563118
20.720104,36.40375
-18.574366,38.252674
-25.985117,72.75608
-3.6570408,81.178566
69.80027,31.267992
-35.054348,-28.969997
-32.769737,76.6127
-30.727375,77.54755
12.820228,-12.45832
-8.722855,46.772232
47.7541,77.178856
-107.74699,10.10035
0.793995,-8.25834
-10.807558,29.781443
2.5026805,-111.17702
32.43269,-4.6572866
-49.209732,-44.80066
-0.02791561,-94.65905
-8.067481,-12.698614
11.499538,41.83777
40.2457,0.78705394
-105.451126,1.7543532
-84.09519,19.149137
-20.667685,-33.506397
-32.592426,71.52877
-51.375256,-43.349884
3.2291238,-76.98032
-93.13545,36.255135
-30.774155,-39.02585
-66.31382,16.826376
42.953415,-100.54373
80.584,30.004091
-100.92814,-36.402184
-59.51222,100.29195
-89.04735,-11.183651
-27.80318,82.11724
-40.489548,105.17057
91.791824,-60.566612
-46.510235,-93.34975
-2.3876421,-96.269936
-7.360172,-37.55567
-102.993034,-35.297897
110.91211,-4.4050894
51.75112,84.27046
-59.28661,98.02438
100.8367,0.5094597
-60.5049,8.787601
25.335955,99.4586
26.481558,11.932024
34.476604,4.0045505
32.822353,-87.13782
84.902054,32.313892
43.754246,62.305084
68.44606,69.19367
25.17098,-3.895089
-84.11337,19.14588
27.691715,104.60624
9.621194,-55.520695
95.90927,-53.73106
42.21483,5.2803454
27.257236,99.69968
109.37004,-12.18659
28.388636,11.434326
39.481014,68.235214
-31.32111,-43.157875
14.945199,102.889496
-19.897644,79.34394
43.191284,8.734762
-41.552853,81.10448
40.3157,-69.73142
108.76256,-8.852988
78.186615,-47.19321
-41.423916,-82.13047
-52.54552,-60.673336
-33.05448,110.93007
23.525002,-84.937065
57.620373,73.1658
-9.590456,-56.146183
110.29371,3.7081082
-36.213154,19.306862
-11.562563,36.729683
-6.003131,-44.961918
39.616234,-100.66983
77.64164,-20.35849
-72.51918,34.07721
84.93376,-26.440926
75.98376,-7.605086
28.574024,22.800293
50.602703,72.71204
22.53344,34.061924
55.854275,41.666954
-4.3855405,-53.57553
-60.51019,8.76891
65.06211,-50.970028
-34.986748,74.046936
-15.895936,32.52768
-31.696503,9.189442
-43.134632,-82.5271
-80.65189,-39.43569
-47.867134,-43.657955
-21.858013,81.88349
-91.53632,-13.201805
-66.59482,96.69906
-46.692856,48.95181
88.80424,-61.518265
9.26427,50.972782
50.843246,-96.558136
79.10097,-46.783382
-49.54695,-91.378105
-12.148443,-24.910875
-55.34709,-65.009605
-33.477505,-28.396471
-8.68966,-87.81724
3.0317855,91.76229
-67.259415,97.33052
105.78864,-13.461455
-4.514288,-82.54391
-17.592888,-95.60856
-97.20552,-51.65663
10.579835,51.707657
-42.01716,-47.53658
35.21033,53.70585
59.001743,-101.563515
-14.986194,-40.6412
-19.694113,-54.408455
-88.39474,14.258755
75.98207,-21.031673
-9.446564,13.075496
57.124653,35.573
19.425365,-60.244835
27.932203,-1.9580194
113.704926,-5.739833
-30.954115,-44.175373
-4.074706,-50.713207
29.785986,-42.383125
102.292656,-24.313858
39.375145,66.13849
22.059645,45.325962
-10.557874,-9.034549
-10.29179,-97.759834
-2.179134,41.66226
9.668707,-105.61973
62.057354,41.113388
89.23614,-36.730984
38.142887,54.346825
-79.87075,-41.310654
-24.38726,112.56773
77.002304,-21.691969
95.22145,-57.072365
-101.393936,-36.552303
76.73369,55.155716
25.116598,-40.25001
-7.7923837,-29.59859
65.71628,-59.81865
94.883896,-30.195425
55.117947,59.16103
-11.253208,-10.384787
-46.82157,-93.45589
12.409123,-55.76852
97.57255,13.838429
-91.36593,21.101957
42.39832,-68.59557
60.22185,-53.569134
-24.819056,-0.12187931
-9.32656,24.762993
50.54575,-81.35191
94.38263,-60.041798
73.579285,-59.55132
-93.06201,-9.077041
48.53609,43.26487
18.800304,43.272587
-32.32539,60.44401
-32.4957,56.46422
-39.906544,108.3587
62.85035,-10.036953
2.0803616,72.111694
-8.44004,-10.475187
-87.04458,-39.85741
49.527103,-81.836395
85.901695,-31.29749
77.12941,-72.55727
82.53784,-14.572118
-77.630554,34.651592
41.253048,-100.28581
45.405476,78.53457
2.7814221,-5.336435
-13.46309,70.9445
-13.43158,29.779943
-78.2407,-35.09837
-89.98241,-36.834652
79.83918,-17.622082
22.59235,-86.54581
57.211838,41.31872
6.5648437,87.882286
-25.59147,87.49469
-27.75123,115.062256
13.527527,-84.38198
-6.824048,-34.868443
-33.54215,117.34865
-5.1553,-83.95347
106.05072,-22.361813
54.36038,93.03368
17.58876,113.81369
106.77549,-19.08582
6.1651816,-24.49347
27.28544,-44.21483
25.312029,94.296165
22.308926,0.7821143
-72.260284,8.409442
-2.1198852,18.857037
92.209885,42.20833
-13.219803,-107.32001
-94.106255,17.756693
-8.175438,19.614845
-24.00119,2.6087136
9.248292,78.89168
-29.5184,7.1336155
-85.385056,-4.212388
50.46965,8.393803
-17.291252,-58.330154
-65.37285,29.731731
87.47484,-33.514793
7.8543134,-74.73924
-68.40795,15.869148
51.841057,-81.31844
-0.019987188,-94.66918
-29.613464,56.85195
-61.672096,15.13638
50.843246,-96.558136
43.323017,-90.013
-66.54421,16.676052
6.2135997,98.60762
5.4152412,49.492405
-78.718315,-25.477062
49.988514,19.418325
29.502531,21.751
-37.518505,80.89508
-74.079994,-3.6892545
-51.489143,-52.87847
-58.081707,93.75169
80.78288,29.141687
9.2810955,51.039886
111.664276,0.7321784
-69.78663,8.498625
-92.60645,12.249704
112.4709,2.6551633
7.0005336,107.97028
30.042645,-42.50357
-44.76522,28.528406
-22.319693,68.988594
15.106351,39.39665
61.51742,-59.747173
7.722576,99.0998
-51.39064,103.06993
-82.998604,-25.663776
13.306598,-77.78275
8.358999,-24.89477
-32.65564,-36.14626
77.96777,-51.55484
-30.886711,10.602456
-17.36147,42.821102
-92.0512,-12.833053
51.735428,88.91257
94.773834,-60.05865
-12.8789425,94.47707
28.905628,-0.14350678
8.678514,53.363472
77.1389,-52.01902
19.10115,7.385297
-17.319965,-58.262604
20.988789,107.47058
-76.384155,-33.355934
-36.71773,-80.06035
6.5687003,87.88849
-13.35791,-55.369644
-95.76847,-35.87093
77.992226,1.7687112
-9.464308,-30.703484
49.879868,71.21256
35.300793,-99.04017
-29.084755,24.684595
-72.92545,9.228947
93.95981,-30.7346
57.663364,-16.185467
-10.626047,52.7309
73.737915,-6.8591104
28.122824,-46.69372
80.584,30.004091
-84.86185,-36.419796
-18.63155,-30.457632
25.819267,12.590223
-27.030329,82.2991
28.29092,28.241913
-8.596789,19.367077
-28.194,114.24825
-11.276413,-53.107586
59.41903,73.39034
7.7145967,71.6342
-0.49569586,41.577522
42.038662,62.68685
-32.992607,-94.79394
73.27359,-62.198254
61.50656,-59.829723
73.51815,-7.5721126
41.77895,8.606048
-41.81318,-47.722343
9.019398,113.91907
-31.11055,55.98247
16.139536,2.205782
-81.79426,38.216225
-25.597094,-78.771255
95.871704,-54.086723
-40.380043,-82.638084
92.18629,-66.89988
-23.085073,-35.506184
9.402641,-50.169315
82.38677,32.631042
23.734669,-2.9051096
-16.23246,-25.56966
68.219025,67.224884
-45.182827,75.95759
-32.84235,-33.682068
-93.69919,36.91305
19.95906,98.5899
-3.232591,37.019966
-59.564404,-64.16359
-3.6002896,40.50464
55.923912,73.66987
-25.163225,73.84095
-29.076546,-35.995438
18.0497,9.11626
100.154,1.2512519
-88.693924,-35.1289
106.06688,-22.349033
-28.471985,-94.64481
16.057627,104.32054
25.670628,12.782219
-42.82041,-51.03471
43.06649,5.6381197
39.596485,-80.14945
53.1633,72.923134
70.201035,45.732937
-15.526034,23.560362
-29.463509,7.8662577
34.165195,-98.62409
109.618454,-2.830496
-39.862034,-32.602474
-1.4572395,99.315125
-42.92022,-46.96267
48.15607,-80.29362
76.52604,31.855284
49.05715,83.17921
-38.773373,99.97837
-56.041782,-64.50779
-79.31059,-39.004913
-33.255962,64.13439
-2.129933,41.70141
-6.281628,-45.40492
95.88828,-69.09345
20.887794,99.15195
-70.950745,7.5377426
78.6613,30.979559
-47.830288,-89.91312
-7.6962523,-32.548447
-66.45589,16.737997
-30.345648,6.1626735
-5.8175225,-44.750854
77.7764,-24.778318
-57.67179,100.04574
-48.920864,-46.368332
-62.094395,-9.152417
71.515884,-54.58951
-75.26509,0.07799026
70.6344,-51.56129
68.02857,43.255634
-9.122522,-55.850094
2.296013,42.5396
81.95371,-17.704428
19.971605,108.41775
87.52335,40.628525
-18.635752,-57.139774
40.413166,23.696318
17.419086,111.65826
33.583164,5.8712587
-23.22988,-36.91022
83.6788,7.63946
-26.208775,78.62068
-15.999373,65.967705
-11.958112,94.7382
89.42276,-61.87625
-36.231815,-76.43922
14.838217,104.77603
-58.423664,-41.732098
34.111813,65.572586
71.86527,-57.201912
27.756525,-50.330997
42.189983,5.212729
-59.48323,-1.0178385
-93.48146,-26.332253
47.23833,18.879698
13.673306,-85.280945
-99.14999,-53.45204
6.517671,106.55582
110.34705,3.6412258
12.496267,13.508918
48.918694,7.761374
66.07558,-50.276268
95.45299,-17.12447
-13.279147,-107.57471
15.373629,35.178272
-89.905876,35.731552
56.946915,92.68749
-52.90503,-7.26812
16.621777,-24.226793
-50.30569,89.613785
-23.10239,-57.57496
92.68179,-27.528982
33.903812,-98.34037
-9.189532,-90.833275
7.586007,-80.07906
7.3211417,106.495
-64.70183,-63.530716
6.892074,101.379
52.86256,72.96506
-76.062355,-10.631572
16.03218,50.18255
-3.4607916,41.90911
27.994808,11.890335
22.823446,-46.07588
38.139206,54.480175
94.50926,-30.318571
-29.303009,24.468363
59.2467,36.328354
-94.9033,17.298862
-67.1426,-4.380197
-6.429071,19.182625
-16.576366,85.88582
15.996578,-20.590374
-6.826999,-85.24204
-48.770924,-35.779953
-21.77147,81.75093
-94.934975,16.228058
8.542496,80.22383
86.50391,7.808175
-92.56655,-9.109708
-74.409935,4.706222
46.983166,3.5279822
28.503498,-46.727432
-38.849045,95.21109
-90.952835,-0.6346562
-55.436295,1.1540419
39.13155,62.986637
-64.036255,10.851176
-20.951841,-32.74695
109.71341,-3.3741758
3.155881,44.32414
-48.9126,15.000911
59.41902,73.39023
-2.1701922,18.801155
11.413047,72.670166
42.175236,-5.8395443
26.157133,104.4946
46.788277,95.36302
-12.78589,23.597563
-42.14883,29.779423
-28.966131,-36.236183
-27.197746,-34.91155
-63.11922,38.123306
48.000668,6.7332253
-59.8299,-1.2970936
96.549995,-4.1784725
32.178745,6.046731
90.851616,-20.565668
71.52341,50.722008
105.61106,8.318884
72.13745,38.910717
77.122284,40.278564
9.991744,-50.55851
19.749842,9.253942
0.9109459,83.96026
46.202576,-79.231804
77.71817,-48.93241
16.057512,49.264626
-90.437614,-11.795926
-40.418926,98.88457
26.639776,104.03982
91.48936,-15.049406
74.50935,-57.32788
-8.323635,-101.01964
-34.39174,-39.64659
-27.530775,-77.34382
58.182987,59.020134
45.487007,78.1579
44.180202,58.178036
67.631195,66.33117
-12.806896,-59.659134
24.268888,19.462856
7.7456923,114.96644
-22.50047,68.636
89.55662,-25.890057
-1.9617807,-96.69828
29.868864,106.30343
8.744056,80.53089
-6.6457953,-51.612423
-31.595755,70.76928
66.653625,-55.803417
32.564648,-97.59574
88.00221,-17.600355
100.51959,1.6030873
-16.65966,-53.223923
53.323547,-95.14895
28.202295,96.232956
-14.042216,91.84282
108.371704,-13.664561
86.597916,-20.002333
27.747993,106.206215
-14.598408,28.554268
-57.112595,-44.27378
-9.179046,-89.62454
-85.31646,-31.252363
53.751244,19.37139
19.692354,-18.191845
-24.552225,71.089836
-50.998432,-61.257336
24.933764,7.5974383
-23.332645,8.120357
-32.32383,60.44562
54.606236,77.518
-31.583626,117.90026
90.88898,36.797134
3.1617732,107.82283
11.805718,46.36677
51.734093,8.205471
25.47049,-36.01252
-55.1212,-65.64771
75.01351,8.496873
13.235815,-75.1521
-8.533563,-38.26571
27.259874,19.097996
99.18088,-2.9147353
-4.8252645,-85.71127
-64.68306,-63.47826
-7.69556,23.36274
57.163574,-100.29904
-28.79079,86.73912
70.12307,45.725285
31.152338,-65.37927
61.017937,61.07816
-12.119207,77.72884
54.36601,59.029457
17.84595,108.94213
11.508578,-51.904007
-9.149515,-94.0687
-21.285818,-71.83585
100.833626,6.1128893
-93.69919,36.91305
37.47609,4.691577
-40.209755,99.00535
-43.99472,49.251324
-28.471308,-76.11075
61.121243,-60.06322
-70.15297,7.9290895
1.3898771,-82.50709
-13.144252,23.164644
-96.937485,-52.39974
105.25531,-1.576277
19.22909,3.084294
6.848253,111.77115
-6.7151074,18.64522
40.624336,-6.1879816
-73.629395,-13.6140585
51.917664,88.990974
11.582414,-55.045746
-67.979324,-13.575646
-19.084818,38.007545
82.59471,10.570374
26.19835,-61.12667
-75.322655,-4.4417653
-59.280388,-68.46572
60.68101,70.265625
57.04026,36.017086
-13.193456,90.202095
-27.197382,-34.91112
-7.711745,18.72187
80.7643,-19.84146
20.387774,29.95788
19.102217,43.239803
-81.92313,-39.99851
24.215109,-50.013634
18.519203,-40.209656
-22.49773,-36.8499
-78.79656,31.994701
-16.499336,-51.067593
-93.536285,8.469261
-107.734955,12.587336
-95.68282,-41.685516
20.65607,-61.403046
-30.01891,-2.12243
-31.52985,56.078167
27.315966,-44.099613
27.754786,-49.266014
105.25726,-1.5881133
70.87717,-53.83958
61.560226,-61.218704
49.87818,12.364572
18.312664,2.2627287
17.830547,-60.670265
-50.958332,-38.855663
-81.820335,35.594116
59.569313,60.22544
89.26433,-36.989086
52.083298,83.20841
-18.048704,-105.91282
25.439396,98.3513
-77.95993,-34.112194
-8.5883045,23.898037
-28.85528,-23.689268
78.929184,-13.9194765
66.35969,-9.521229
-11.816239,-51.1444
-26.51843,-76.149864
-33.188488,66.36206
-16.221987,-25.090937
-32.628544,77.58685
105.03475,-19.558594
82.73744,-34.634235
44.664806,-82.86059
15.596898,92.36893
-86.91548,-3.1439517
43.595535,6.128456
49.444237,10.242986
-82.59805,31.893055
14.424815,-39.65865
-13.783612,-99.570015
-33.219395,117.49663
17.805786,43.173588
-29.458817,7.8026958
-62.246952,-21.744158
0.23079845,-83.190384
-46.186234,-74.334305
111.43926,-10.472304
6.0680323,76.66184
72.01603,-17.949762
85.90353,-31.30683
16.162964,49.826767
-37.101395,115.88742
-42.461464,-43.60577
87.81893,-19.978563
-20.74645,36.989662
-73.99205,7.2170124
42.446686,-82.84954
19.272465,7.6935883
-29.116476,-96.25613
34.64115,21.579868
-61.92127,-67.29354
-0.5787133,-45.432655
96.617004,-20.28509
68.975334,48.593052
10.573801,42.07374
47.377434,-81.47634
-10.711479,24.89555
-21.967552,35.16411
23.394136,-84.36672
-46.76893,-91.14546
-89.803696,-42.4158
39.91665,-80.648895
101.11436,-1.8324467
77.30975,9.480746
-4.5079784,-7.975946
-12.603337,-106.639015
-45.206486,15.56599
56.97246,-23.452745
-29.960281,66.909096
-40.5187,50.274803
-7.1169734,-47.573322
-79.43411,18.119781
-45.89742,-49.478363
26.318548,7.2972636
25.40657,-2.8833997
-20.977861,-32.763493
-67.69591,38.443214
35.206696,-55.795467
-14.982719,76.42267
-22.95959,69.70045
32.076405,5.9088125
17.308577,113.83149
54.789135,-11.327166
18.441946,114.16777
-4.1928043,-52.468094
28.173334,-49.015484
75.865234,-20.95314
53.163246,72.92311
-86.4022,32.48807
-4.114455,41.56883
-27.984236,23.611853
-14.401462,-53.98967
-22.315231,68.9767
107.67909,-11.395036
-36.76805,17.706839
-58.6861,-48.72242
89.9172,-35.452282
-83.7432,-0.25345108
-64.01515,96.80058
-31.972363,-37.588478
75.455215,-7.964555
55.268578,-97.267914
-87.13334,-11.642002
83.69205,-77.03926
13.735036,-85.48545
54.161892,44.343307
70.29215,-51.002773
13.942613,40.44424
6.393203,105.59746
111.19028,-6.354562
-19.298393,-36.28753
-46.420155,47.890797
-65.96286,92.36631
-67.65115,8.668635
89.90408,-60.591373
-88.49634,14.088946
29.49597,-100.16431
12.991402,-92.13661
-88.39074,-12.258415
6.6645403,100.74818
-54.15718,-56.843746
11.768059,95.947655
-10.352793,-57.120457
-15.961605,-25.25414
10.652869,-53.515156
-56.045815,-64.504265
75.86512,-20.952087
-13.929501,31.846699
-4.445578,-54.2113
25.18442,7.161364
-29.332378,73.79351
25.303192,-3.3180585
-5.2691116,-84.26697
-56.48318,-45.802715
-25.699064,87.1821
-23.603806,85.74471
-65.51473,93.21023
-100.191154,10.334141
81.705414,-16.49583
56.474552,65.754105
-39.09856,17.51082
32.576797,22.320707
-33.77082,119.909874
10.122731,-88.04464
109.92706,-0.95282376
23.08974,-49.138206
67.13839,-55.88661
92.315956,41.21656
95.15463,-10.748356
-80.21063,30.657133
39.351044,67.09624
11.229504,-106.05258
84.36206,-3.6619556
-37.07614,-91.98721
-1.1626956,-94.796745
25.269703,-7.8599195
24.09812,-39.441143
-5.952198,-8.1073
-74.89951,-31.896812
28.254261,53.518272
51.301373,9.488583
42.285206,-100.84016
-74.29941,-4.029022
-68.63208,95.69059
-12.102314,-25.052721
9.006034,96.33001
-111.09207,2.9154494
92.18904,43.86119
101.95624,5.5678854
-19.563759,32.5262
-76.850174,39.57668
25.360212,13.943805
-46.886307,-74.151764
26.318413,104.14381
-46.892246,49.471302
26.84743,-43.211426
12.243447,96.01563
-1.1839687,-94.80347
64.17215,40.013817
-22.94799,69.38689
25.205135,54.9673
-62.44492,35.445515
-59.819122,-47.639862
-48.044163,-92.54751
14.365801,-93.627304
-86.03488,-3.7520456
-85.34723,-2.4246533
-32.69083,77.8868
10.517431,-45.48803
36.23161,-89.2084
9.5738125,-49.91251
8.625342,48.18031
32.786736,-94.72087
-12.610259,70.23602
-20.09566,29.821447
17.732964,106.338875
60.34218,-53.4382
51.214603,79.399605
-73.52372,38.991936
54.248886,44.44592
48.081074,42.683514
25.684021,-53.678497
-26.642097,17.925997
-22.114916,7.1449265
-90.550575,-32.383083
29.366531,21.69615
-89.33328,-32.488453
56.89293,36.4566
-65.7135,-62.308537
-4.9088225,-86.48443
-92.87801,-34.74877
-42.312954,25.990707
-102.93621,-36.882088
-0.9051967,-48.549458
52.022667,11.045993
6.948749,38.438934
-55.593212,0.99143714
10.930857,-83.349724
55.08154,-100.468925
-69.50087,-25.063545
64.55974,-2.9327903
17.733097,-43.118397
-31.44509,9.138635
3.0106938,12.492566
-8.741866,48.71813
-30.448559,69.337326
-97.726654,10.323439
-2.8886936,-84.0802
13.385519,-85.130486
8.910557,92.4094
82.15941,-14.070418
-8.4969225,13.582611
-28.240225,117.76961
38.428898,66.38993
30.148077,-63.770916
26.405035,-9.054236
-85.67183,45.150085
-37.726475,113.12235
-28.406462,2.4785745
-10.155725,-56.966194
84.36384,-3.7237058
61.446915,34.135998
9.854486,-112.658676
110.53506,-21.828917
-3.2985113,38.48396
10.447183,-50.25898
-0.061270494,-10.886842
-61.940292,2.7828052
15.096307,103.02256
67.553505,-51.90579
103.828026,-2.173986
-36.466602,-33.840137
-60.60202,7.4042883
8.975416,-17.07327
-0.9896139,-75.918755
-1.3887388,43.79943
81.74533,-34.14891
2.4137764,-103.93686
54.318985,77.29849
57.683746,-23.888176
-48.883633,17.22872
110.34705,3.6412258
35.26963,-14.8042755
-42.20677,111.74034
15.269986,-88.743706
-9.253782,-91.25698
82.512375,-14.767519
52.523384,81.13357
17.312363,111.734085
-90.92013,20.486706
-94.32044,-22.208557
37.84624,22.860971
-11.068148,48.755806
95.94436,-68.83176
8.943706,-54.919365
-36.188335,57.923584
88.7352,-25.850578
-43.30586,-84.5032
-4.517743,-54.762035
78.95094,-23.57033
9.497544,-50.27419
49.161278,10.074959
2.4420173,-109.88539
88.108215,-50.52596
84.11884,-49.924347
74.9189,-58.75407
116.696236,9.99725
-12.432301,-50.510036
-7.5275908,-37.448006
-42.63082,50.375053
4.2850556,74.093895
6.644162,111.33284
-23.98337,-76.45869
-10.583655,-97.51731
-61.946224,-47.631367
-27.343166,-3.4858
47.825554,12.201247
-29.089672,66.72305
-33.22289,66.30351
-41.88607,53.193142
-101.11339,11.468719
79.95251,-17.733385
-68.540245,96.222916
-3.3374007,41.551434
-73.54746,-1.1485109
-25.223442,0.07191238
-21.0712,29.167915
58.763428,72.43696
-29.86558,72.166855
-16.40359,85.873566
21.01653,45.812237
-11.958417,94.7462
87.0882,36.985348
78.80274,32.246872
70.8028,-53.782978
52.278122,-105.8751
43.323715,-90.013115
84.0838,30.829857
49.368004,4.2565093
-3.6486404,-51.850063
-23.378464,-37.27684
-12.372868,-93.43149
81.93513,-3.9581213
12.75208,95.979744
36.523167,40.189655
-22.948925,70.94921
20.809696,-77.15904
84.19426,-14.704194
7.022001,51.179955
-68.098404,97.03579
-19.615028,-35.24807
25.253946,-8.070895
70.18026,-52.379196
-70.29227,-9.634618
22.204758,50.624706
-29.634275,-46.022728
89.264694,-37.000538
63.920795,-30.52918
-89.579666,-39.162624
-82.28684,-43.61326
-43.204483,-90.30637
47.04664,-77.14726
39.067368,-105.42898
49.281986,4.650726
-17.744942,-110.83448
8.035832,-24.83081
46.145443,-101.04561
76.322586,13.601397
44.455616,78.15414
79.64594,31.942024
33.204647,-2.5492663
17.818117,46.99791
-85.042694,16.603516
-106.28831,-36.9507
19.812763,45.5203
61.595856,-40.8356
32.2528,-59.707134
-10.855573,-94.552925
-88.81524,-38.38399
47.58725,93.30704
-3.6929367,-12.879698
89.155396,-63.8623
6.5648437,87.882286
-107.86194,10.193683
24.69143,5.0961776
40.61095,0.2564821
72.41213,3.157986
-10.129922,-12.862451
-12.667459,40.156452
-12.305933,34.77839
79.99558,-51.79088
79.44884,-2.914987
-100.79594,12.89513
23.686813,-39.35649
39.870823,24.04006
41.766994,64.42997
56.03833,33.993473
94.08879,-30.001186
60.928665,60.95888
-71.97533,34.477886
-92.204124,-9.203486
-11.473704,19.895739
-11.063604,-92.32607
-74.396935,-13.326129
-34.754883,99.50819
18.128689,-49.287136
9.381197,-87.3006
8.836243,92.253044
14.133321,-88.03283
93.717766,-14.160116
-31.108274,68.78761
56.892975,36.456444
-74.134056,-1.0040652
6.404019,105.6217
-84.85854,-0.5456119
-96.262405,-36.338142
33.76776,-98.38605
71.018196,46.46933
2.629879,-76.2405
44.647076,-3.054543
64.65021,-2.8578293
110.34507,-1.809151
-107.38912,11.353883
25.298279,107.38127
50.725998,74.83305
-21.885515,-36.847187
15.286942,0.29398227
-84.376884,14.729752
-32.39874,-38.90718
-29.26204,76.16067
-78.41717,32.440403
-59.034744,7.9362464
54.96009,-12.835505
-58.496574,-37.138035
-12.613021,-48.653107
-7.884618,51.386513
67.09216,-34.140522
82.51574,-14.270112
38.833652,-6.18319
108.44365,-19.73957
-61.66209,-47.93754
15.448503,52.092937
-11.387146,37.00699
32.80178,-93.43195
-63.847286,10.965006
84.00946,-4.2171493
95.0752,-8.898922
-67.52041,-2.4421103
28.952778,-100.270386
32.08047,4.61671
93.59273,-20.59163
-73.73426,-9.976151
-59.9413,-1.6736733
96.17347,-65.605484
-61.579147,3.3840942
8.174756,-86.07964
-90.589355,-39.441036
-76.46129,-32.149273
91.600845,-28.585222
49.957504,71.33605
-64.88105,16.045328
-45.969635,-90.37521
27.492222,-48.784706
24.327976,-37.01896
-60.4872,-49.065556
-78.38057,31.08414
-52.543205,-84.875465
102.115524,4.84122
48.347195,84.86986
-30.703997,2.6082757
-13.841049,66.38158
87.08031,8.260701
-30.459599,-36.94294
-7.2337203,-47.17287
0.8083436,-108.844345
-93.10793,45.081497
-33.219387,117.49666
-36.770084,95.207436
-7.927584,23.600164
-14.969902,33.45355
9.518568,112.482155
-4.6550326,-12.102238
-65.820496,-61.09708
5.9810033,-2.666669
-101.09837,-36.584187
38.626663,40.385307
-67.169075,-3.7267842
-42.180725,25.579937
56.020576,-16.53814
-70.248665,8.988516
20.838182,99.07074
-42.8427,-47.399155
-27.855488,-35.266888
56.36131,67.61884
-94.476616,18.255568
-3.8004944,-72.91663
14.4029455,-93.655914
-5.7335267,20.487366
-87.474976,15.193122
82.68229,-28.738619
37.14766,22.985014
52.179,-95.79477
74.377686,-19.60971
-10.179578,-12.0859995
11.266001,96.0343
33.00979,-62.09778
-26.388487,86.78552
-64.95097,34.86376
20.73342,-77.14624
-94.06118,17.475784
-11.934954,-73.02558
-24.838127,69.59708
39.433144,-6.1811347
-2.312596,55.686943
24.378891,-48.938046
79.43478,31.957323
-20.834911,34.250874
-2.3090441,38.84952
25.202988,-3.8862793
-74.054214,-14.198822
-37.779552,111.66664
-5.009932,-11.387852
79.44642,-45.528095
-67.9898,92.049194
43.97338,-100.09465
49.42671,2.2390401
69.65752,-52.2305
-2.6403959,35.01924
-32.225098,97.63066
-53.474293,-57.247734
-46.34692,48.132748
115.90208,11.522807
14.4028015,-93.65741
-36.183414,95.01681
99.5794,-0.19477496
42.262592,5.803794
-27.214495,114.92378
16.065401,38.107395
40.63057,-89.50055
-68.37222,6.9358826
-3.9556243,80.93162
62.120922,-62.08927
27.40085,99.07447
-28.46,9.05852
87.25705,36.163937
46.915768,-77.18601
68.52578,-33.838688
17.013763,-18.59584
-83.488884,19.962784
13.490626,-39.922333
-66.21152,18.991081
105.63913,-18.703978
-99.97147,10.004396
81.01752,42.6768
-97.523506,47.749844
-3.6848428,-74.37162
16.418633,-24.545633
-34.996384,-37.16414
24.171398,-62.23954
-41.87796,91.486916
-80.87291,-44.048492
56.18466,-96.65819
2.9186368,108.523735
-56.715656,-16.066164
-42.725246,26.684546
-51.42885,93.82228
13.776451,39.533283
-37.580746,81.58586
5.565686,74.88608
50.37749,-82.94297
68.28204,85.55975
-12.056605,24.960917
-0.5942237,-45.584774
55.6202,-91.7184
32.85574,8.685454
17.428719,50.93648
-79.939316,30.710943
-89.89305,47.18294
-82.11492,-39.68771
0.18747848,101.20133
18.852404,44.903267
-5.744336,20.957525
69.97129,-66.347755
-11.805664,-57.675167
-2.166588,40.203373
12.630897,38.594456
24.581024,-6.1606803
42.818768,-100.61904
-26.421064,114.82443
12.408241,-106.928444
-18.548622,41.842262
39.895527,6.0906434
-38.77422,99.97745
-102.93621,-36.882088
-101.44038,36.578716
-61.97494,2.722326
-31.12721,110.61737
-100.78647,12.184426
47.950844,6.421982
-44.34214,-92.032486
-70.08588,7.590334
8.113294,104.00177
-28.96168,114.72979
25.250546,98.75876
53.137512,-94.189384
21.931206,35.0536
-70.211296,-30.04847
-49.034607,-46.300262
50.19974,72.07594
48.30612,84.43825
-0.703711,72.95899
91.528885,-14.790143
59.95364,59.660686
84.08107,-4.7495375
-43.099957,25.424025
27.498981,102.7495
90.04816,-28.530397
-4.735124,-83.125984
-40.411167,-90.22944
-29.981993,-43.683514
-19.89229,30.535177
110.04828,-15.954466
10.75666,-46.42561
39.2772,67.43269
-9.6781025,-28.105253
58.901703,73.15817
19.790049,9.446313
-52.752945,-91.09799
-62.457783,-22.154953
-9.603854,-10.7242155
-97.47182,10.417306
20.670898,36.167244
72.170235,45.815838
60.648632,36.672726
-2.6813293,-36.709343
4.3438473,100.61503
-85.19102,18.298477
-55.746567,-65.39915
-56.345703,93.47938
-35.02941,59.3766
4.153746,-25.360554
-11.402556,25.654833
-41.304256,-59.75818
-88.09381,-5.5391
8.177854,67.6852
96.51795,-67.67797
3.242571,-77.031685
32.69135,-3.5827796
-91.53315,-13.202285
32.935806,-3.2350998
32.564648,-97.59574
60.54297,36.463943
-36.055687,-24.02324
7.8515368,53.539898
-36.733322,114.955
99.96584,1.1623657
81.43554,-16.372362
-66.303406,18.644566
27.319588,100.43153
12.565504,47.25767
-57.31207,-36.644997
-92.16434,-13.417
112.77811,2.8517127
85.3584,-27.36495
48.01237,42.711567
-14.67206,28.407227
80.29043,29.777857
-72.69076,-13.189837
-68.03695,97.01837
-49.432884,-54.8309
29.133078,-8.820002
84.3539,-3.1030872
53.804295,-95.151215
12.484424,-106.90021
-97.58267,46.81121
-57.859535,-44.0438
-56.421764,-45.78364
-84.137474,19.183393
8.005234,71.51777
-90.64005,-39.48206
-43.994804,49.251465
21.34305,47.048134
-94.99972,15.532646
50.75975,-101.788315
18.554375,-60.76085
-5.9277225,-44.986492
-67.80979,39.58999
-32.659203,-34.973446
10.628462,-19.515457
64.17215,40.013817
-33.24013,-36.681835
32.39149,-92.24025
-24.691475,-38.462208
-92.64772,12.286498
99.15614,-3.0543656
39.81184,-81.96604
-49.546864,-91.3778
59.394188,72.46015
109.77815,-13.505488
-33.018982,57.117035
-25.874743,-34.71474
110.461784,-2.6798642
-20.825748,29.87924
-18.386816,-57.727562
80.898926,29.133108
-47.838837,-35.228615
41.640697,-7.163183
-48.811153,16.216858
67.903275,49.02195
96.08746,-67.422935
37.406178,-89.88989
20.5047,110.40393
81.02079,-24.181202
36.517944,40.02736
-18.489307,41.939407
-69.14664,-10.096752
-92.292656,38.155952
-50.844017,92.39416
-20.719948,36.985844
-31.583626,117.90026
10.070146,-50.65131
83.125496,-13.525499
18.509031,-48.61536
-6.8590717,-14.273154
-9.121214,-96.78473
-50.054287,16.12321
-13.4631195,70.94447
94.97221,-9.606849
-92.90744,-37.516964
84.27601,-4.691345
113.55142,-5.596544
-105.20381,-37.262844
26.890656,-49.591236
-76.43467,-31.784525
-68.38495,33.207253
90.513794,-36.295998
76.15174,34.706646
-7.340977,-37.069916
-42.827755,-47.162743
-34.233395,118.788765
-43.372997,-52.855583
18.095335,-61.074917
29.020891,11.461938
-14.293324,23.702602
-20.689766,35.442688
56.464,65.77162
-108.063,13.060674
-13.90522,92.16069
-7.830945,45.556286
22.021515,-45.67653
49.960617,5.766134
64.40106,-7.0125484
-18.10708,33.024326
11.748046,95.95104
-57.605232,-44.014553
19.828228,-43.900772
-76.04087,-32.8849
-92.86546,13.253611
75.370926,32.36633
-64.232,10.550522
61.155777,-58.928352
94.88313,-30.106602
-40.932648,116.222374
-31.445871,70.34374
-31.469349,70.7008
-24.18125,-82.35009
0.77125925,83.858925
48.635513,-77.76394
42.039772,63.08715
-39.180336,94.18936
25.42326,-5.883721
99.21859,-58.754917
-23.603806,85.74471
29.806652,-6.341965
49.17588,-82.53519
-25.655127,37.503654
-5.7039213,50.64494
-30.571964,12.214026
26.977312,-47.521217
9.385422,-55.489204
-43.879807,50.045773
-62.488472,-9.664857
62.41857,42.86262
-80.81672,-30.875599
-10.375402,-95.35371
-4.1401896,-84.95734
-23.33372,-33.558456
-13.510938,65.98331
10.444719,51.433792
39.327564,66.926956
-92.852455,45.11931
110.242935,1.5092157
-0.25300285,100.9437
75.51967,8.631752
-9.945277,-27.946058
-25.212479,73.956085
-3.6576283,55.65891
12.521338,-16.954857
-97.97976,46.884964
0.8688847,-99.85295
-36.61202,58.98013
13.869133,-7.190771
3.1761758,111.05796
-96.524864,-32.495945
84.13255,-14.460232
-31.894466,65.600624
17.785727,-20.916237
75.83038,0.8898831
-51.018272,-36.51846
-25.735012,-77.537895
-91.002754,47.438995
-5.6706424,18.827538
3.1300552,78.57463
-73.04405,5.6036654
107.62963,9.605765
-16.231287,42.92803
13.103488,-79.08581
30.1494,-99.86257
22.644611,-86.46142
-89.83167,-31.365509
56.722244,36.40154
-79.26982,-39.500706
-19.683117,-36.426857
82.7765,17.290232
-18.279684,-57.608868
-81.92033,-41.285633
85.43952,-30.442862
-53.310856,-57.24714
2.7213004,-110.52095
110.4617,-21.363735
22.608776,-86.547165
-70.41272,-30.384491
46.386246,-2.7582903
-83.91741,11.960086
91.2954,36.108665
-58.836716,-0.5176243
-11.749392,78.17604
-48.927937,-87.6071
-74.09432,-3.7121093
31.838438,-96.85141
16.726318,51.554928
2.6584046,111.55649
-89.16916,2.0062392
-31.121569,116.38653
86.3636,-19.931915
52.318577,80.58786
109.38075,-12.163864
13.544028,2.224338
90.04367,-35.4797
95.84921,-69.70694
-23.77736,8.217103
-14.034538,67.819275
83.40928,30.61913
40.594875,63.339794
15.703654,94.12542
-67.8268,-3.7212048
10.478149,-48.485783
0.38177994,-109.34227
-25.260876,69.61521
-65.62398,-1.1275363
23.463547,-3.0870593
25.308302,94.29316
44.831116,9.424837
46.73239,76.97381
13.598639,43.218025
-22.029943,78.92981
1.6815399,-101.60314
7.171214,69.02273
-84.03796,-31.571123
-98.34193,-53.399994
20.588787,100.69405
-30.796686,-37.1939
29.607584,-43.36591
48.685764,-84.09146
-90.85101,47.162113
7.4145713,98.48145
-66.00969,92.23284
-7.486269,-38.28314
-18.693853,28.51072
-33.81576,79.085144
-67.8935,-3.2694924
61.25662,43.23872
8.955151,113.69262
-30.151995,3.8874881
54.11592,78.0751
30.588783,-33.98664
11.313973,72.795494
-16.13341,89.85399
-50.08998,-41.522167
51.41578,1.2217674
32.967125,8.740808
-55.455173,-40.753067
-75.8236,-32.626656
22.730217,-86.42623
-20.278557,-35.331734
-107.72588,10.1011915
-28.758663,86.76347
6.391312,105.49784
32.613426,-5.123132
-68.839096,37.2391
-9.362341,-55.99869
13.131148,-91.635826
15.096327,103.0224
27.704865,-45.65279
19.688719,-18.187538
11.704184,-44.18396
-21.001257,76.04174
-8.700421,-14.275222
-61.95964,15.363625
22.608776,-86.547165
3.4384072,103.59653
-34.34931,-38.241398
65.448044,-52.19265
-9.13433,41.31505
-86.87229,-6.5751243
-40.109726,111.47298
50.75975,-101.788315
13.046223,72.36441
-0.51776385,72.65722
-8.64259,-91.143196
70.39554,-51.825268
27.669405,-42.61111
109.41074,-2.7403142
-42.12562,-44.131474
22.505693,9.289184
-30.37383,69.85943
110.95001,-14.192321
-56.608456,-15.631215
-5.8458605,20.498413
-45.80668,76.5853
-64.49602,15.369233
31.103949,-51.42355
-68.1333,33.094513
10.550187,46.31863
6.21546,-2.936536
95.93053,-61.62776
24.823168,7.6881394
86.11435,-15.14743
57.620373,73.1658
62.395256,41.607014
27.639826,20.197792
-29.561768,-36.448925
-55.593212,0.99143714
96.68299,-67.71383
83.11187,-49.78842
50.92396,14.068027
-32.51157,75.65542
49.484394,42.215637
-21.592466,37.01482
-65.07935,-24.190075
32.96685,9.112877
-29.237959,-35.03911
37.476982,4.6915817
50.812313,73.04079
-55.881073,93.33949
66.18974,-49.919533
-7.449807,-86.71183
51.909306,-80.958176
-76.5481,36.653374
24.034933,4.2491307
-27.550426,-33.58549
89.383705,-65.21228
40.027084,-79.16752
18.06807,9.029826
30.73411,-49.88135
71.46909,4.573858
86.607796,43.365417
-92.50117,-13.727746
-89.34384,-38.062126
6.5836716,109.26112
-84.308914,14.297013
-73.02646,5.3049884
-65.567314,-1.3759559
-66.759285,96.53481
7.8163238,-91.18388
-38.520374,-90.71915
0.38177994,-109.34227
-13.747417,66.09129
4.006721,109.47073
-44.2998,15.189655
-32.55282,116.84685
-8.9152565,-48.191895
-6.9369893,46.78573
49.392307,80.95739
-57.030224,0.22068049
-64.92584,92.73294
-8.583594,23.878864
-59.06504,-45.038975
-64.96636,-24.136417
111.679054,0.7248314
98.09888,-3.5890114
-9.29494,102.45531
-2.4750173,44.47663
9.5738125,-49.91251
40.214798,-5.8183594
17.985325,1.9336483
-59.055885,98.67817
24.766516,-36.223244
14.019358,-7.414125
89.87972,-18.694221
-2.387729,-82.57796
-93.35618,37.024616
75.75479,8.804165
-65.76348,-61.235485
-41.77034,-57.72269
11.352094,41.772137
-46.89946,-59.801167
80.641754,39.861942
25.59394,-36.07862
-38.86415,-88.74481
15.664477,2.149233
-43.45785,83.01027
-102.69173,38.392918
13.333029,102.46122
-68.354004,37.61946
100.17191,1.2956159
-84.92497,-36.561474
35.13754,-15.096958
99.20086,-59.48546
57.162613,59.818253
11.35425,-17.401875
12.330718,-83.65277
12.73477,-55.580593
-23.332645,8.120357
71.42299,11.172059
27.70509,-45.652893
18.245695,-48.002243
15.775179,2.27802
46.73239,76.97381
-1.4144055,39.915604
-80.91454,-32.363976
-22.6109,-56.421196
10.804328,-51.06502
-29.84017,4.936328
-2.9469726,39.07361
55.067024,-95.80943
-20.92939,-36.910645
44.66152,-77.666756
-12.364276,-73.740616
77.898865,6.376643
-8.6471,-13.5374565
-31.944883,20.089314
12.051551,-78.37966
-20.833508,29.88049
96.98117,-19.449894
20.518528,-88.83832
-1.7463204,-75.73242
2.4733794,111.00042
-64.61798,92.48236
-25.12794,85.828415
-97.06056,-37.80682
19.9651,108.4728
-42.846424,-50.438988
24.480062,82.804
-11.17938,-59.833855
-43.28112,-42.868095
84.42523,30.458706
-85.9734,45.2707
-24.075659,-36.070187
77.84471,-0.12554964
-20.895916,75.95861
-110.90624,2.002786
-83.022766,16.410788
-39.31955,-90.8293
-54.23879,1.3628396
55.87193,34.62546
-34.37329,-38.267784
-84.171295,45.33539
-44.121864,117.052444
10.315667,-74.9293
111.235146,-6.3017507
22.38131,-50.941387
-58.51982,-41.26494
-15.736578,32.625572
50.346786,41.226337
-88.70223,35.12294
-23.921053,-82.30357
-45.759083,28.656277
23.565275,-84.74407
-58.059032,91.922424
-69.61857,9.055695
110.10966,-17.619858
65.184265,-53.281395
-44.22389,-88.921974
-17.592888,-95.60856
-83.213875,-2.9422731
-96.459625,18.834875
-65.07772,34.54122
-62.16414,-9.949223
-20.672531,30.0577
-72.70071,-13.0620575
25.208645,7.1713395
82.50002,-14.643668
7.9793777,-25.13154
84.83396,36.414898
-36.599083,17.83021
-1.4472953,-46.67103
8.626026,48.14263
-3.713547,99.41949
59.549202,59.982914
-60.087242,100.95333
116.69632,9.99726
-62.604473,-10.335809
10.366556,-88.0334
2.6796925,-8.798458
3.1040788,107.24982
-2.7240524,44.15154
-40.449852,115.52459
40.17466,0.7583076
85.63193,43.46995
-7.5173655,-37.43048
29.378237,-48.59804
79.98892,-46.652294
-67.70063,-3.2322338
111.14127,-6.106615
-40.348343,106.88084
-40.51877,50.274372
7.461563,37.15752
52.037197,-99.11507
-86.58171,-6.1127
62.419353,42.862556
0.71491617,-82.31809
-23.413874,85.73351
-21.078917,80.410446
-89.99224,-39.735493
-86.72613,-35.030323
38.07841,40.4941
27.217714,-46.973637
59.112762,73.254326
104.75732,-1.4283893
-58.3456,6.148234
48.428066,74.85028
-10.516957,53.217976
20.149124,-61.51923
24.014479,82.99564
-36.602238,24.826874
-79.84758,-41.862392
-28.97389,-44.19004
-8.070627,-88.40498
-61.74107,-63.00988
-47.870304,-88.66175
-64.76588,8.667034
-4.1298957,39.763985
-94.739075,36.432194
-27.128094,84.528564
17.876055,-60.60896
12.673326,38.625126
91.02223,37.492924
-3.0112455,74.86514
8.118751,-80.37017
11.801545,-17.043749
-92.34635,-9.14856
54.73114,-96.42323
69.05489,-6.6533537
83.128334,-50.14037
102.96993,6.122482
-13.240673,-49.014896
-62.987625,36.22663
78.73764,-25.272713
-82.78229,-3.3156512
83.59248,-50.02573
85.65233,-3.5396135
-25.674797,87.19793
27.733627,-45.620384
-2.166588,40.203373
-7.7342367,47.081944
-3.2984524,38.483902
-33.256126,64.13549
-74.22009,-5.8446665
24.686388,5.0950804
39.556557,-86.28702
52.927864,79.58218
29.591736,21.490572
95.392105,-7.522481
78.90855,12.156738
50.42378,-105.188614
-62.31505,1.3164358
87.770485,-15.861069
-72.891655,36.918507
76.151184,34.706177
-11.192237,-59.833576
-14.942375,26.174591
62.1935,41.27171
20.337292,46.318092
26.467587,-3.841359
-88.90626,47.390408
-33.72959,62.262314
-0.05132447,-103.46385
-90.14379,20.45635
22.484991,34.09481
87.95286,-30.987215
19.055103,106.99475
12.170607,-110.3009
10.207437,-81.59253
-77.08214,1.5730968
14.133321,-88.03283
39.48826,-86.403244
40.18487,63.575005
-85.528755,16.584003
35.888325,-99.31496
60.372143,-13.930978
81.97445,-33.001904
28.279259,22.536407
40.78737,22.757322
-64.88856,96.001724
-49.173534,-93.04522
64.17215,40.013817
5.27763,72.20791
-33.729465,62.262627
95.157684,-10.801864
-15.846608,24.768171
-61.417778,3.5207045
102.33601,4.6110597
3.787664,-19.180307
-21.820663,7.3115654
-34.599823,106.19043
87.96149,-17.561502
45.161396,-89.734886
82.25696,-35.161697
-17.603502,32.4927
25.87042,102.37046
23.48621,85.44629
-57.177135,6.5904884
12.35578,102.94453
51.89954,-102.14656
3.8201785,-3.3468125
47.292294,18.972303
-72.38527,34.67315
1.020407,43.047203
56.408382,71.173775
62.110916,-62.14276
-29.201649,86.5133
-73.42131,-5.909975
-48.907974,-90.22825
25.06313,104.309326
15.523257,50.776432
-8.821,-88.12329
42.173363,-5.843773
-44.510387,75.92825
72.626335,-62.939587
92.39884,-32.60955
2.9892528,-8.945414
101.541565,-25.503412
3.379582,-19.011368
-33.624027,65.31186
24.860373,93.564735
-87.2264,37.93891
111.46042,-21.89191
-24.861013,69.598526
-26.864902,82.32901
-21.7715,81.751945
-28.782469,-23.580244
38.619255,5.868247
54.63717,13.687645
82.31113,-65.06527
49.200848,75.352684
-15.477855,93.7127
-62.56384,-22.44801
71.14774,-17.96468
-49.433434,-54.830757
40.83731,63.46329
108.8078,-8.721199
10.424744,-24.754435
50.354225,93.33196
73.57909,-59.551205
-32.36905,-38.805347
3.0414462,-9.213745
63.955776,65.7681
79.58449,54.065163
-30.326265,65.595146
-39.694904,93.95004
-14.751434,70.99258
-18.313816,28.70452
91.50402,-14.692262
-11.610673,-93.27183
96.48295,-19.995241
-57.686596,-6.329604
-1.204623,-46.633087
-13.625228,76.78795
-6.11627,-45.133335
11.502473,47.00457
-33.06474,-94.7866
-90.325745,-39.838028
-28.397097,13.678157
-57.734947,-44.218243
-47.763805,15.336388
78.84383,-23.539835
61.702396,33.45965
76.18103,-20.95368
-8.670649,-13.163708
-27.620214,0.6429889
25.048763,-3.6747425
16.057795,104.32042
52.026897,81.991005
14.054774,-39.444267
-92.535866,13.877179
-40.10459,22.891544
-65.65683,-0.8386046
-100.22922,-28.84002
3.117589,78.531784
55.620678,-91.71845
25.552727,108.83502
38.5811,23.782995
27.190521,-7.671192
89.78487,-19.421144
-82.85665,-3.3266528
20.977394,-42.974422
-26.862013,114.84031
27.510994,19.540672
-24.915987,86.088806
-46.0432,-93.44397
66.47723,66.04704
-14.672069,28.407259
-14.985133,-40.696575
25.008965,-59.849823
116.69359,4.50538
63.219574,65.683876
81.78026,4.8451986
-101.10056,-36.222214
-8.976713,18.92614
-41.645348,91.23551
52.56948,1.868895
39.38576,2.871315
-34.100147,62.15553
113.578,-5.58207
51.473877,88.767395
-56.11855,-10.007215
-17.129763,-28.241879
16.558298,-20.977598
-72.69983,35.04524
-77.14622,-0.31742486
52.518066,84.28578
27.256514,16.119532
-6.9369893,46.78573
-59.558235,8.130339
-33.36265,64.58607
-33.231693,-35.082203
-2.4373403,-12.765681
-84.306725,-4.390664
29.431631,21.658468
12.244805,-80.04993
78.56034,-13.743281
-35.64933,104.76238
-66.619514,97.21269
-7.0601015,-34.588577
12.498652,13.500994
-36.825546,-32.01212
-12.430272,-50.543663
-44.549347,-85.45507
-29.356207,-93.42439
2.105333,77.78709
-15.458722,93.670105
38.39851,24.61704
-47.37822,-91.224045
-65.23527,4.9943767
-90.17594,-29.806679
32.605385,22.285692
-73.86636,-5.8851275
-11.158026,-59.84252
-40.56013,115.76218
-25.68342,18.25317
-86.47773,36.105984
76.214066,-20.963432
-45.11773,90.8773
-0.5906757,40.79378
38.864666,-105.23313
4.379218,100.56129
-58.427216,7.4955225
-82.63112,-39.66599
-2.6267288,-82.539406
20.787973,9.237913
-79.21544,-44.127254
-61.928127,-60.00874
116.69474,10.014269
44.269524,9.143126
-74.990906,-10.221666
65.657,71.6911
-10.382823,19.252964
80.83012,-20.056452
48.673065,10.1951275
69.873024,-51.743607
-44.308132,-85.32009
-20.948204,37.662724
66.95054,-6.272718
-90.941444,-13.431578
-12.664253,-107.40846
-21.44508,-81.935776
-20.466343,-56.902493
-36.59859,58.98654
-76.05722,-10.71482
62.05571,41.10975
99.38703,-2.6511009
57.327076,36.88118
55.369404,74.518074
-110.88153,1.9844052
-1.6914731,-13.253015
-70.90201,-12.2247
-29.561762,-36.448833
-34.347885,-39.501804
-30.035858,76.82728
-34.455063,110.18981
-31.108667,55.967957
82.01395,-33.00661
71.229515,-17.343811
56.93688,60.358852
83.06668,-27.624775
26.969385,-1.6830115
6.992141,38.440536
-45.581207,76.40598
-30.33704,-51.053726
64.602844,-54.40976
10.561749,-24.556158
68.271,68.790726
-12.056495,24.960936
-89.72374,-39.146496
-47.47845,-89.45693
72.20761,-64.06734
27.62328,-58.648502
19.46982,-60.75761
114.66905,10.5963125
107.64253,9.610686
12.672106,94.91266
-13.219842,-107.319954
11.277284,98.57436
32.54885,-86.677574
0.05581065,72.4761
-22.843525,85.60491
25.444742,13.545136
18.670006,-47.778294
53.98546,59.765278
73.56213,-59.789608
-15.083524,-111.89859
-80.05635,-41.249615
13.732538,-93.78784
28.431454,22.628881
67.13839,-55.88661
-7.221421,-38.753372
-50.529053,-41.25127
95.04058,-8.874018
46.10983,-78.78183
-100.86915,-35.557255
-9.5763235,-29.434969
-2.4115984,41.45303
56.038277,92.4397
11.456918,-110.42072
28.728518,6.197106
-23.648994,4.0880585
-13.19942,90.21064
-30.269129,12.499452
-91.993416,-13.043224
21.063688,-87.572975
54.19629,92.99684
72.170235,45.815838
10.971163,-43.77968
66.344475,-50.584538
-94.30804,18.270695
48.087997,23.23136
-77.06738,39.5746
51.237854,89.08157
12.04805,-55.80469
-22.496006,-36.795074
-72.22039,5.801107
-6.823767,-34.86844
51.03834,76.26004
56.884254,33.378826
-44.061516,116.82862
32.018047,5.45323
-90.33712,2.6459851
-32.4957,56.46422
-65.18621,34.638233
-64.94871,34.631683
-31.053787,-24.846386
-7.810189,47.80773
-93.33569,13.009297
38.173565,54.887142
-26.86205,114.84014
110.434654,-2.5878847
-8.832682,-96.491325
-31.476177,116.36686
-13.250875,89.18251
80.65652,-14.4385605
15.262042,-45.677784
-55.594116,-89.50419
-22.330826,7.351398
93.99799,-61.875534
76.56695,40.289474
-13.544685,22.756954
83.88353,11.355654
-35.016296,101.89765
83.302704,8.950411
-6.380549,20.501417
-64.61798,92.48236
47.0351,-103.22587
-22.843224,-35.512424
6.995472,38.43856
70.98442,45.595947
62.027115,-62.135437
-88.27809,-36.410866
68.083374,49.69578
-31.609913,-24.84071
-87.19581,37.580532
27.544071,-63.25753
116.72937,4.3846297
3.8012633,-111.77373
-34.50037,-38.285126
-27.563374,0.24084525
60.090237,-54.135567
-30.025148,-2.0498576
-12.475473,34.41083
-36.577244,-35.349358
-5.7177095,53.84896
75.32718,8.506752
39.521984,-99.70882
-14.634312,-39.86293
22.19845,-7.005064
-10.819758,42.315304
-20.737766,-32.661148
25.008965,-59.849823
-77.34829,-33.74917
87.6299,-16.07278
-111.10606,2.9486876
77.9578,6.6076593
36.094814,7.470559
-48.89858,-46.35888
-13.433332,29.832035
82.143425,-33.5961
-100.28172,44.994473
83.25338,-34.611664
-28.331907,1.3160034
-4.615401,-54.51288
60.887146,-64.05289
3.1119676,-100.376976
32.474266,-92.27933
-86.69111,33.455692
12.900119,72.3598
62.211864,44.227123
-68.61241,6.7216563
41.503033,22.724215
-83.13927,-1.7173135
69.82882,-19.19498
-11.056223,-59.639126
-10.704081,45.83262
116.84631,4.844626
-87.1049,36.555695
56.77573,69.4718
6.8821297,61.984707
-15.554017,27.903444
-62.616425,9.225377
34.736603,65.38489
-67.74769,94.022446
-87.20006,16.49219
-84.66023,19.688593
8.378807,-3.2431178
26.191692,-52.484116
56.815548,70.873146
-74.50092,4.98546
-45.81704,-58.02369
-30.136343,76.99567
11.585525,-75.31623
14.324569,-22.452164
109.78805,-16.65109
-88.98307,-38.447926
-67.42153,89.97991
0.43757445,-109.745316
26.548954,-49.35517
55.123444,14.002383
-12.102314,-25.052721
-31.297297,65.77463
-18.168816,29.809088
85.36795,-26.109167
72.01603,-17.949762
-92.93925,12.39546
91.56279,-14.268822
14.547104,2.0539997
9.486926,-112.230576
51.125942,81.66133
67.4334,-51.947983
10.50773,-104.91881
100.958176,-25.90197
0.7870032,-108.52911
-13.769456,39.561176
-2.4750173,44.47663
-41.61376,-90.45046
79.13252,-13.958798
-11.6234,36.738426
54.413746,-97.21103
69.8287,-18.958374
24.859358,-63.336628
74.84836,40.25839
-15.856845,24.749416
-15.032595,-109.19173
-47.600887,49.316483
-50.260986,16.171362
-36.519836,95.17783
12.281725,-106.5206
76.93156,-51.739307
16.223186,42.473373
25.107988,-3.3041313
49.474297,75.41182
72.17019,45.815163
2.4447365,-103.96765
-88.87211,8.95773
-40.576214,91.52142
-26.778456,114.97307
50.199265,72.075035
32.532345,-86.60002
21.693811,-42.86742
67.553505,-51.90579
-25.676165,-76.64719
-94.45277,17.199293
24.327976,-37.01896
87.77006,-59.48222
59.253426,60.772217
2.7717936,90.25486
-64.46456,-67.26607
-70.17207,-24.602293
26.611525,-5.37128
40.621956,22.924044
67.83407,67.07088
83.97399,33.03195
71.90966,-56.126045
-33.806694,79.08091
21.251417,-46.900467
-91.73099,-13.548492
-65.53586,-1.8954777
-8.34617,-73.06875
-78.60964,-41.891533
-47.72732,49.20138
79.03328,12.732556
-72.247795,5.752886
67.19209,-55.588554
21.676977,35.584854
-2.4470356,56.49481
9.914901,47.07503
56.346756,-97.41519
28.952002,-100.06984
38.880154,-99.68132
60.55659,-16.096348
20.663633,36.176346
-30.842638,-42.28828
-81.87947,-26.621662
35.22541,21.927172
-5.703911,50.644905
-83.19182,41.290726
12.016526,-83.94623
96.60264,-62.679455
-11.191854,-59.83369
41.261517,22.55579
13.111751,-12.175175
-33.05483,110.930275
-43.25979,-52.964134
13.736373,110.61481
75.87607,-23.843367
26.548094,103.40735
-96.81909,-37.834217
-43.58243,91.11942
6.4090843,105.65365
19.27252,7.6937337
-29.948263,117.02335
-46.661854,-87.074936
86.34784,-15.332739
-10.429813,19.267208
11.4215765,-52.613792
24.589207,-49.656918
-12.944889,80.33945
51.229324,-104.57214
-45.56416,-58.499104
-82.99744,16.382162
57.546,-100.255196
53.199993,-80.59293
13.9191885,38.662884
46.717403,95.24756
-76.047226,-10.610367
81.33512,30.577585
77.64498,1.5683222
-21.07316,29.148382
-88.84744,-34.74075
24.102142,109.89724
-85.35594,20.136288
-5.204666,81.72795
49.17108,-83.212494
60.556416,-16.096468
-7.950526,-12.510804
28.87609,-42.2436
-36.553787,17.958546
-65.86991,-2.9172857
-4.7660894,-98.99042
28.364468,9.785829
10.638273,-45.478645
17.950262,-20.792841
-7.3587112,-86.55826
75.46447,40.22372
-26.259024,69.282776
55.468784,92.40521
-67.273895,97.222885
17.528982,35.813496
98.20414,-57.206795
41.964096,64.53501
-37.810772,-32.165276
20.41769,100.0593
-1.424429,-81.95152
47.0841,3.5171373
71.150604,-53.812916
68.09315,66.94589
65.70732,71.078476
-48.634743,15.005951
-61.734093,-67.586205
-99.818535,-27.55336
-72.17394,5.850546
34.43414,-98.10947
81.62869,-16.358984
16.722202,43.02594
-73.27909,-10.168571
-50.310318,16.136805
59.549202,59.982914
-13.229127,-49.03008
49.990322,-101.64416
10.491909,-45.04489
61.52271,69.75131
38.91666,-105.77359
25.876799,-48.34001
12.278327,96.01514
-12.880841,70.0546
-9.447145,13.053732
-4.205059,-49.992123
-24.54374,84.98889
-24.791506,68.7672
-32.54282,9.561962
55.40663,65.54515
29.683752,-6.6674128
-13.625225,-49.054672
-87.20388,35.60778
-29.262074,76.151405
-90.22945,44.241276
-95.1147,20.006683
105.76731,-19.263538
-34.712997,-35.171997
71.514786,-54.588814
59.321964,-10.810011
-111.13848,2.5376384
-9.45217,13.017757
10.834388,-50.67816
-27.740849,-92.81508
75.77871,8.909879
19.444813,107.841835
94.87268,-12.081138
17.504635,51.839775
6.6951413,-79.597496
62.439884,44.4875
-59.2119,-70.114334
-2.1791263,41.662823
8.542976,91.62485
-83.48947,19.94143
-103.845345,3.6928167
96.2396,-67.55444
95.99856,-69.15607
24.86038,93.56466
15.096241,103.02229
-27.920597,33.020184
13.341507,102.48908
-13.258913,21.71552
95.79692,-69.76553
-67.74702,94.02123
86.24513,10.032115
17.597218,35.492393
-90.3946,1.3010701
28.431454,22.628881
99.20061,-59.48531
29.250698,-39.03608
82.69279,-28.766045
-14.902023,-108.81042
-11.762854,37.04371
-58.051186,-48.65355
111.44613,-21.880901
-92.36947,-9.2808895
-18.325502,29.287188
8.322811,-86.79861
-86.72043,-6.1915507
21.937181,45.66123
-56.988396,-37.323956
-81.25059,-41.82106
94.60486,-66.19628
-76.07678,-10.65493
-14.574701,31.657263
10.590944,42.042465
-26.336851,-76.06133
-40.470387,105.63853
-11.065225,19.731195
50.305717,3.1655197
83.1018,-28.969961
9.217266,80.70434
21.949228,45.65733
94.87754,-28.09522
-90.3946,1.3010701
-9.913611,-28.098045
54.106117,93.255005
-16.041298,-24.833872
54.796684,76.35273
90.20565,-35.259277
117.46418,6.3717303
-90.76677,-38.165825
69.46817,45.123787
96.51759,-3.4802074
70.08961,-18.537022
93.91971,-31.022575
-54.05432,-6.5551085
-0.6439389,-6.0518293
7.9724584,-3.6678324
-27.534706,-35.17625
90.5422,-36.299866
-88.22624,-34.700603
-8.585907,102.25047
12.278362,96.015045
-31.595755,70.76928
32.96298,9.662541
74.40137,51.198917
36.573082,-51.55523
-5.744482,19.734476
-11.667572,37.378475
38.325066,23.759916
67.072945,-34.13272
