idx_original,dbscan_label
138082,0
126922,1
79270,2
223712,1
105746,1
215354,1
37794,3
205777,1
50174,0
71427,1
133659,0
148491,1
79761,1
109940,3
157963,3
60017,2
191897,1
76910,1
1543,1
101901,1
23141,2
226586,3
206369,1
45441,1
42568,3
124338,1
142110,1
135260,1
74704,1
44821,1
68957,1
54975,0
36055,1
179518,0
69753,2
145945,4
50267,2
172416,1
204424,1
24041,1
205175,2
67797,1
182252,1
172392,1
46755,1
115126,1
104408,3
13429,1
92483,1
92066,1
130690,1
206231,3
195937,1
154477,1
71173,3
232883,1
15894,1
181671,4
140682,4
128712,2
139466,3
138702,1
6994,1
130416,1
71448,1
4468,3
231877,4
2639,1
2074,1
225074,2
52907,1
47421,3
54712,1
128177,1
109194,1
14426,1
35714,1
157488,1
35641,1
50054,1
160451,1
150898,1
81030,1
17984,1
229675,1
116905,1
192794,2
97099,1
53142,4
210671,1
51145,1
140574,1
220185,1
197108,1
53418,1
138845,1
231454,1
63886,1
51152,1
130262,3
155186,1
147586,2
147208,1
179714,0
175837,1
228785,1
133645,2
10923,1
179789,2
124515,1
119349,1
209698,3
220918,1
141268,1
232192,1
55045,2
11980,1
85787,1
192747,0
229630,2
42186,1
118454,2
141848,1
220732,1
162665,3
197008,1
81696,1
175299,2
34524,4
145070,1
141709,1
108688,1
56347,1
60465,1
176866,3
148665,1
141435,1
194065,1
170166,1
118859,1
64385,1
81329,1
160950,1
72063,1
233729,1
147395,1
48535,1
190736,1
76663,1
42683,3
106541,1
148466,1
197590,3
128516,2
61934,1
163596,1
36148,1
147794,2
87519,1
222339,3
91619,1
22893,1
206723,1
131704,4
150018,1
26765,1
168191,1
83849,2
183033,1
14570,1
72769,1
195850,1
211398,1
204387,1
87013,1
8877,3
104583,3
49206,1
27083,1
179478,0
48677,1
102284,1
153302,1
55992,1
27334,1
115132,1
197543,3
76450,1
128523,0
222308,3
159524,1
31960,2
197312,1
198598,1
40408,1
200018,1
64805,0
142099,1
112055,1
159954,1
178003,4
160335,1
199659,1
139891,3
113753,0
232050,1
49619,1
12885,3
108035,0
45055,1
155456,1
152543,0
60367,0
117544,1
99320,3
106170,1
63021,1
222774,1
50553,0
72519,1
224595,1
143925,1
88479,2
189347,3
156150,1
24300,3
24500,3
186474,1
189947,1
28677,1
193182,1
157541,1
76456,1
79868,1
135403,1
170834,0
134095,1
208046,1
33641,1
134410,1
81663,1
199709,1
87064,1
72234,1
152881,1
129121,1
49857,1
178229,1
124571,1
65600,1
116684,1
159164,1
131325,4
54638,1
156359,1
117112,1
54946,2
119052,1
97388,1
78499,1
142759,1
206340,1
99436,3
227178,1
53449,1
89527,3
65923,1
228587,1
25902,1
204594,1
148805,3
193143,1
174194,1
210393,1
60996,1
63882,1
199147,1
27812,2
113571,2
181498,4
227775,1
232770,1
5227,1
137880,1
141629,1
154466,1
104058,1
225324,0
213395,1
29119,3
19494,1
194026,1
28164,2
71789,1
181042,1
16637,3
164365,1
83230,1
45326,1
7812,2
174268,1
168069,1
30700,1
96242,1
147413,1
26643,1
30992,1
132926,1
67752,1
1380,1
88740,2
61280,3
96435,1
155258,1
61791,1
145357,1
95517,1
98626,1
197546,3
3454,2
35064,1
184786,3
27639,0
183972,1
2417,1
90474,1
16564,3
199070,4
185781,1
152020,1
74671,1
39610,4
166364,2
136600,1
153360,1
9123,1
67291,1
22253,1
133431,2
41550,0
204318,1
176133,1
176862,3
189180,3
93057,2
218868,1
40219,1
188430,1
90402,1
66365,3
92451,1
220456,1
158260,3
84423,1
149466,1
106378,1
61739,3
101029,1
160629,1
80518,3
124176,1
203022,1
121521,4
224793,1
112538,1
162174,1
53138,1
49791,1
3578,2
6470,1
96225,1
148306,1
211460,1
87133,1
114140,1
194408,1
153092,1
46282,0
116344,1
40193,1
130174,3
91268,4
98077,2
102920,2
133703,2
164102,4
91864,1
17881,1
164052,1
228237,1
183185,1
106263,1
104014,1
71128,3
10356,1
97222,1
46929,1
35468,1
98220,2
127413,1
170429,2
125460,3
189462,3
152709,2
107748,1
100407,1
42165,1
224668,1
40799,1
52430,1
71014,3
112905,1
214819,4
209385,1
61661,3
169660,1
3783,1
183340,2
110423,1
102124,1
153928,3
30785,1
30768,1
78767,0
168557,1
159940,1
71709,1
36593,0
195189,1
213644,3
217437,1
89454,1
131619,1
49405,1
206052,3
207588,1
224347,1
146679,1
69400,2
123973,2
147406,1
173394,1
61992,1
169456,1
18422,1
105266,1
96838,1
109954,3
16866,1
177388,1
1362,1
213594,3
100432,1
3776,1
989,3
145731,1
89358,1
58415,1
144853,1
9960,1
159546,1
123339,1
48206,1
165879,2
128115,1
19121,2
148171,1
120838,1
61284,3
152140,2
98602,1
36323,2
114103,1
186409,1
207362,1
108228,2
113302,2
194010,1
112832,1
72506,1
209650,3
206020,3
14668,1
91147,1
222548,3
142309,1
93371,2
106709,1
122561,1
47726,1
207863,1
183247,1
108538,2
43770,4
81900,1
6614,1
119171,1
55876,1
44239,1
206971,1
24924,1
206552,1
195448,1
88879,1
138819,1
131041,1
99691,3
118235,2
8195,1
50714,0
16103,1
124026,0
64319,1
82139,1
175270,2
102310,1
50758,2
3984,1
47113,3
132456,1
143600,1
65761,1
29516,1
78112,1
11143,1
41952,1
153381,1
170057,1
167813,1
85512,1
204565,1
199039,1
53245,1
143546,1
77224,4
27901,2
230157,1
90630,1
228119,1
228240,1
92248,1
174142,1
136153,4
13390,1
58334,1
56335,1
180951,1
159773,4
230398,3
172672,1
15785,1
173936,1
137795,1
217462,1
60148,0
167886,1
122187,1
41922,1
100528,1
94125,1
33439,3
77890,1
113988,1
13017,1
132835,1
229562,2
77574,1
228857,1
43604,1
14379,1
226849,1
98953,1
202776,1
98028,0
137684,1
59064,1
55337,0
104060,1
178569,1
105811,1
77948,1
16621,3
37659,3
98744,1
96286,1
112711,1
19452,1
183018,1
66819,1
189617,1
30129,1
58121,4
84069,1
197724,3
77032,1
171814,3
99998,1
220586,1
219975,1
107580,1
174569,1
199985,1
118126,2
53400,1
107682,1
37869,3
90066,3
94418,3
150463,1
86127,1
90009,3
232149,1
192312,2
178813,1
163617,1
95614,1
55040,2
164201,1
106142,4
1173,1
230020,1
174150,1
192782,2
94792,3
101972,1
63137,1
64258,1
5463,1
78294,1
234101,1
228655,1
174272,1
165912,2
76443,1
171072,1
76967,1
10479,1
211399,1
212499,2
161348,2
196862,1
177570,1
17455,1
158243,3
29797,1
92030,1
25066,1
8626,3
32026,2
152617,2
148585,1
8153,1
63306,1
192852,2
7859,2
229857,1
68987,1
101077,1
35456,1
154224,1
61609,3
156055,1
196941,1
88178,2
76612,1
211258,1
182538,1
144420,3
91960,1
23482,2
130395,1
98564,2
228848,1
36760,0
102374,1
91786,1
206303,3
184981,3
154460,1
65058,2
35045,1
101465,1
129286,1
223668,1
227529,1
24966,1
198580,1
91710,1
195882,1
178196,1
93818,1
149327,3
28017,0
153323,1
28421,1
101815,1
234069,1
123928,2
190109,1
45212,1
104398,3
191092,1
69794,0
169039,1
48423,1
43278,1
206773,1
155720,1
223978,1
230778,3
61452,3
78710,0
8771,3
97716,1
106670,1
3613,2
208,1
27917,2
231549,1
123198,1
49744,1
220579,1
39594,1
38665,1
155307,1
14871,1
76638,1
192098,1
11941,1
216175,1
146025,1
158488,3
61083,1
228715,1
73398,1
140411,1
100698,4
34144,1
61458,3
82367,1
59677,1
40161,1
43942,1
107380,1
74518,2
195899,1
191286,1
62456,1
140258,1
142833,2
24606,3
114052,1
202582,1
207522,1
143806,1
169614,1
211371,1
145865,4
48498,1
63784,1
115344,1
144932,1
226730,3
125335,3
123708,0
107235,1
232513,1
131121,1
64583,0
124242,1
72771,1
182408,1
105178,1
162453,3
152057,1
16552,3
68385,1
97024,1
194619,1
34435,1
219196,1
23763,1
23959,1
161676,0
49053,1
201463,1
193054,1
211189,4
72484,1
167949,1
157643,1
82285,1
146783,1
82664,1
222213,3
144947,1
207896,1
76284,1
140342,1
102335,1
232678,1
2837,1
74659,1
206271,3
40952,1
48433,4
97894,0
195753,1
220302,1
29829,4
47604,3
90910,4
45663,0
7763,2
164394,1
218732,1
111893,1
196357,2
53037,4
191887,1
199028,1
41522,2
145014,1
16345,3
227313,1
95809,1
230597,3
16078,1
173245,1
122108,1
151384,1
151955,1
221050,1
167779,3
191451,1
213122,1
178103,1
149292,3
152716,2
153270,1
16970,1
132986,1
110214,1
187794,2
17813,1
206584,1
185044,3
69300,1
42949,3
189699,1
191196,1
98460,2
82050,1
158581,1
36666,0
186107,4
197436,3
19436,1
68365,1
112928,1
129745,3
207672,1
231328,1
142755,1
8372,1
47732,1
227570,4
221326,0
148834,3
228884,1
36139,1
22250,1
183297,2
197405,3
61789,1
2154,1
54667,1
224753,1
223097,1
145858,1
158565,3
82822,1
5516,1
89434,1
163158,3
116760,1
173444,1
194134,1
168118,1
34766,1
56417,1
77738,1
152267,2
106655,1
367,1
52960,1
153966,3
107295,1
15883,1
49390,1
63942,1
104044,1
163532,1
28445,1
56843,3
46408,1
220841,1
158883,1
61942,1
118205,2
80116,3
32540,1
111204,1
154077,3
223023,1
93221,0
6677,1
42232,1
10967,1
207542,1
82505,1
22552,1
31873,0
158258,3
195094,1
94396,3
150142,1
4604,3
20295,3
25786,4
113396,2
113091,2
108512,0
193220,1
147388,1
137801,1
71471,1
144149,3
173678,1
152007,1
124130,2
224007,1
52822,1
189307,3
153574,3
217884,1
163222,1
10660,1
125740,1
6867,1
165288,1
92561,1
191709,1
208995,2
174315,1
216052,1
93268,0
122487,1
19108,2
165353,1
55282,2
220962,1
172023,3
139125,1
67292,1
194915,1
97198,1
145645,1
67694,1
51594,3
25756,1
133260,2
27503,1
219678,4
197784,3
193674,1
116253,1
175389,0
132768,1
169482,1
72450,1
27973,2
170488,2
86759,1
42315,1
193907,1
92797,2
179070,1
89601,3
103449,0
29451,1
1789,4
103787,1
177473,1
139334,3
173935,1
102578,1
151749,1
4249,3
100538,1
173714,1
20417,3
193022,1
49395,1
111348,1
5389,1
107970,2
224627,1
80619,1
3662,1
61184,3
1361,1
24170,1
168143,1
224580,1
47792,1
191734,1
195580,1
118347,2
224966,1
120309,3
172570,1
65020,2
172504,1
25274,1
40174,1
174923,1
73807,1
63176,1
138896,1
194907,1
89927,3
54449,1
160619,1
178217,1
195871,1
143384,2
199365,1
103538,1
101083,1
218746,1
95554,1
186811,1
145775,1
53628,1
202680,1
120932,1
83248,1
147597,0
25265,1
226481,3
211318,1
9132,1
17157,1
146097,1
4324,3
62826,1
208167,1
204214,1
21085,1
53099,1
201950,3
223674,1
225304,2
148500,1
81459,1
37328,1
133878,1
34121,1
195073,1
39445,1
233839,1
218600,3
47550,3
73781,1
80793,1
93533,1
230718,3
94923,1
164645,1
185941,1
158907,1
10135,1
69547,2
131720,1
151547,1
33598,1
153421,1
75388,3
53137,4
119075,1
74340,0
148953,3
229449,2
147365,1
136374,4
219596,1
128474,2
189957,1
29525,1
226829,1
165486,1
125112,3
64212,1
110372,1
111483,1
86011,1
154371,1
103314,2
204035,1
24728,3
126664,4
205700,1
152357,0
198016,1
34586,1
70979,3
62073,1
9218,1
103124,0
68070,1
78174,1
66853,1
69824,2
53298,1
86591,1
186935,1
181471,1
127978,1
1276,1
129890,3
231085,1
83913,0
22574,1
187533,1
227500,1
203459,1
181503,1
69506,2
216918,2
6729,1
64631,2
53431,1
32154,2
31154,1
128341,1
42127,1
122594,1
85557,1
57388,1
133596,2
79910,3
51533,3
54137,1
138423,2
226658,3
40677,1
145229,1
68797,1
64898,0
115205,1
152857,1
504,1
65410,1
3152,1
211726,1
120635,1
215457,1
174898,1
212428,1
57986,1
141578,1
33989,1
51119,1
167515,3
161116,0
11795,0
145906,1
83767,2
111114,1
36872,2
170631,2
197424,3
83822,0
84745,3
107186,1
207400,1
124215,1
134371,1
204256,1
105671,1
174480,1
61627,3
134720,3
4382,3
114945,3
168460,1
175730,1
180060,1
153527,3
175616,2
191287,1
35428,1
75274,3
232725,1
99690,3
40693,1
138184,2
99081,1
123443,2
81084,1
11054,1
147439,1
55896,1
117098,1
59582,1
171565,1
27549,1
45360,1
121403,1
131333,1
33206,3
162508,3
226359,3
34807,1
116198,1
68432,1
227632,4
206548,1
115368,1
190018,1
23872,1
106427,1
48975,1
50793,1
232242,1
72239,1
175228,2
117803,1
216401,1
5914,4
51080,1
202275,1
163761,1
44062,1
164839,1
163305,1
96082,1
38298,1
47471,3
133278,2
212210,1
37382,1
18900,2
233086,1
91664,1
26818,1
232974,1
64099,1
8157,1
97494,1
161557,2
33093,3
99113,1
132887,1
176168,1
107285,1
87150,1
26663,1
134814,3
168086,1
224471,1
220928,1
201292,1
148850,3
210088,1
122303,1
170596,0
54799,1
232790,1
167414,3
141546,1
109736,3
157919,3
70851,3
116505,1
214936,1
193843,1
156103,1
54070,1
201459,1
111194,1
11727,2
132317,1
148070,2
156888,2
15428,2
225694,1
41288,2
125752,1
187887,2
100179,1
117292,1
164317,1
198017,1
102547,1
234007,1
223996,1
229040,1
77523,1
164845,1
121282,1
52892,4
18936,0
128351,1
154079,3
28131,2
4036,1
28767,1
202046,3
183226,1
131558,1
115425,1
179674,0
5632,1
215576,1
4115,1
58400,1
15874,1
153265,1
189703,1
6112,1
107028,1
197660,3
15266,1
72946,1
212166,1
146063,4
22977,1
212588,0
207799,1
52047,1
189669,1
85156,3
167406,3
4033,1
13276,1
72732,1
124401,1
201056,1
45508,1
184541,3
13302,1
153543,3
139662,3
9335,1
124375,1
204622,1
186111,1
133119,0
89632,3
170534,2
192752,2
4581,3
177901,1
183715,0
211073,1
100202,1
139928,3
100362,1
691,3
63431,1
227022,1
176927,1
58393,1
52551,1
228340,1
198599,1
117505,1
5799,1
141689,1
3224,0
212268,1
174380,1
77741,1
40560,1
124997,3
88312,2
28369,1
45813,2
2758,1
164164,1
79108,2
71772,1
225226,0
42291,1
161215,2
56532,3
106547,1
185189,1
155391,1
227137,1
120382,3
230325,3
133087,1
39413,1
100464,1
46733,1
91008,1
92782,1
182843,1
116965,1
133228,0
172152,3
16921,1
44101,1
14743,1
229951,1
19049,2
44521,1
136588,1
203871,1
224569,1
130726,1
48874,1
225283,0
205491,1
204197,1
35297,1
210895,4
202516,1
9209,1
29308,3
176529,3
139029,1
28973,3
80268,3
220687,1
1659,4
218530,3
158118,3
132706,1
65303,1
202552,1
193523,3
212202,1
91426,1
114796,3
9502,1
198099,1
47798,1
20951,1
194826,1
158469,3
182279,1
28795,3
108094,2
106560,1
225504,2
114545,3
170991,0
6180,1
179158,1
125455,3
226625,3
233795,1
95539,1
72201,1
115624,1
159610,4
154944,1
209829,3
184558,3
115364,1
63964,1
98232,2
200541,2
164661,1
216693,1
130956,1
63033,4
209442,1
216023,1
113444,0
105092,1
126637,1
6886,1
190392,1
15961,1
152708,0
191177,1
3612,2
119914,3
103488,1
42194,1
34555,1
33852,1
63373,1
76877,1
62012,1
180797,1
136207,1
44233,4
220585,1
4696,3
70366,1
193068,1
103390,0
230971,1
95128,1
162233,1
119406,1
114962,3
104230,3
107618,1
30439,1
187119,1
221884,1
176928,1
143567,1
148073,2
141471,1
121341,4
233516,2
196171,2
182331,1
86840,1
109937,3
38836,1
126083,1
15176,1
159827,1
174675,1
89809,3
165484,1
106001,1
7402,0
155949,1
220599,1
168337,1
57801,1
92619,1
125795,1
230317,3
39876,1
200683,2
136315,4
161173,2
197231,1
127973,1
49358,1
186264,1
34534,1
112825,1
75586,3
168815,1
3185,0
69468,2
41070,2
105866,1
154703,1
57800,1
220554,1
43288,1
16084,1
76396,1
153454,3
18668,1
41929,1
19424,1
128272,1
126546,4
25648,4
58899,1
101560,1
14920,1
80618,1
53953,1
158047,3
172300,3
45765,2
168294,1
101440,1
230711,3
13928,1
153832,3
42958,3
52141,1
169765,1
206965,1
168659,1
6489,1
138880,1
21050,1
23917,1
191541,1
182237,1
15957,1
46349,1
154226,1
23137,0
202288,1
39558,1
152029,1
232341,1
22023,1
26555,1
210255,1
117350,1
224216,1
63247,1
203859,1
227007,1
137244,1
124862,1
224825,1
163591,1
93133,0
18259,1
53342,1
111502,1
214248,1
15736,2
37709,3
30273,1
206809,1
23541,2
147442,1
182399,1
226480,3
207712,1
110683,1
109490,3
78477,1
158121,3
199242,1
28798,3
174548,1
164076,4
41483,2
203204,1
153602,3
147854,2
211086,4
222885,1
125868,1
138310,2
78152,1
125605,1
29071,3
178397,1
161482,2
66710,1
57273,1
225114,2
68034,1
159813,1
45298,1
217509,1
199927,1
103903,1
144519,3
121300,1
90147,1
91380,1
223637,1
4387,3
161227,0
56273,1
7351,2
144429,3
37024,1
89621,3
71584,1
194459,1
119020,1
63364,1
144314,3
118436,2
150370,1
46891,1
52150,1
101964,1
153596,3
16074,1
8342,1
205253,2
92869,2
1430,1
12075,1
131352,4
162290,1
107183,1
106675,1
99052,1
74610,1
121622,1
111059,1
56531,3
222892,1
94001,1
17507,1
98391,2
177743,1
156131,1
22345,1
7065,1
230051,1
57714,1
96385,1
107289,1
115692,1
86615,1
11902,2
7572,2
179998,2
119630,3
93,1
88311,2
143541,1
179957,2
38926,1
160410,1
171588,1
193589,3
17825,1
113771,1
28242,1
4606,3
77765,1
115188,1
32380,1
115421,1
32000,2
96673,1
11323,2
141770,1
176749,3
165367,1
144287,3
205511,1
116787,1
180590,3
126709,1
108403,2
182236,1
117338,1
9249,1
34508,1
138301,0
225399,0
95547,1
87139,1
229512,0
200642,2
134722,3
180552,3
124075,2
215124,1
158712,1
234162,1
117945,1
71928,1
217761,1
195707,1
80126,3
133349,2
196317,2
60595,1
229836,1
173697,1
76822,1
113177,0
137938,2
174368,1
201482,1
187248,1
139784,3
72756,1
71193,3
228997,1
110706,1
207066,1
133386,2
164662,1
11348,2
161073,1
217648,1
21601,1
152780,2
205284,1
70938,3
69190,1
106525,1
126628,1
99371,3
149034,3
133280,0
66749,1
99517,3
204790,2
116044,4
230455,3
75587,3
140677,4
227192,1
133728,0
48493,4
73125,1
45319,1
49610,1
34239,1
42185,1
98827,1
189130,3
130053,3
173043,1
168713,1
22841,1
108010,2
40304,1
151984,1
16572,3
34596,1
139610,3
5058,1
122019,1
67294,1
208895,2
199231,1
122217,1
105883,1
70065,1
24158,1
165015,1
66437,3
62045,1
75754,3
83603,0
37876,3
101982,1
210902,1
35354,1
13227,1
129883,3
98523,0
146906,1
98965,1
92008,1
184253,1
6578,1
21930,1
39560,1
226176,1
94966,1
136272,1
146440,1
91225,1
88902,1
174082,1
40962,1
199650,1
230619,3
184776,3
157329,1
166833,1
63663,1
148656,1
178589,1
30725,1
26880,1
47180,3
132649,1
101626,1
36561,2
170396,1
159249,1
167546,3
218808,1
109968,3
181073,1
96059,1
89423,1
26835,1
215781,1
70312,1
66322,3
41836,1
192301,0
71683,1
187445,1
148181,1
101532,1
111102,1
123842,2
40556,1
151427,1
40941,1
214931,1
99814,3
162403,1
18781,0
83005,1
75897,1
59998,0
77378,1
54660,1
149560,1
58804,1
118417,2
108774,1
169918,1
209296,1
152179,0
30621,1
157400,1
170559,0
116906,1
226959,1
202655,1
185967,1
9442,1
85755,1
120542,1
191692,1
185853,4
70926,3
148620,1
88900,1
14023,4
28074,2
183804,2
123630,2
47797,1
144964,1
174772,1
80377,3
40765,1
115651,1
88236,2
204916,0
146613,1
108670,1
136236,1
150074,1
157953,3
147595,0
98600,1
214365,1
57502,1
180312,1
233898,1
204289,1
96063,4
71286,1
94208,1
43781,1
221925,1
50191,0
202607,1
163295,1
73407,1
19864,3
218130,3
102509,1
183931,1
56739,3
146828,1
124131,0
57324,1
127955,1
96215,1
9736,1
124574,1
210512,1
42857,3
39026,1
225435,2
59725,1
64799,2
138619,2
54824,1
36584,0
92461,1
34522,4
180564,3
112148,1
14906,1
41694,2
128335,1
121908,4
68235,1
54564,1
93525,1
192891,2
229619,2
232014,1
60578,1
162152,1
146252,1
40839,1
29888,4
76913,1
162640,3
102622,1
191729,1
21565,1
151398,1
3198,2
54873,1
53830,1
1679,1
73273,1
190264,4
18270,1
163022,3
95810,4
122904,1
221843,1
199591,1
225614,1
106654,1
224297,1
14321,1
105702,1
30382,1
49852,1
98353,0
16268,3
49431,1
84264,1
2028,1
53045,1
47558,3
131637,1
11892,2
99880,3
134925,3
19780,1
84249,1
147623,2
219116,1
111765,1
155621,1
31571,1
147810,2
12405,1
205993,3
45820,2
141723,1
17295,1
131010,1
44614,1
162360,1
118204,2
224454,1
234133,1
129774,3
216045,1
142484,1
32467,1
15775,1
97869,0
42739,3
233478,2
150347,1
112792,1
95886,1
20467,1
76081,1
78115,1
211092,1
62029,1
224317,1
157381,1
29323,3
29385,1
119728,3
71474,1
76780,1
89694,3
13240,1
233080,1
151235,1
214499,1
30051,4
224051,1
45692,2
134408,1
10531,1
15616,2
25336,1
161951,1
170098,1
213931,3
143101,2
217254,0
75794,3
96374,1
25872,1
66903,1
194037,1
198393,1
196404,2
20645,1
168441,1
47520,3
72940,1
199751,1
231198,1
40283,1
188348,1
137811,1
73415,1
43245,1
185745,4
42061,1
210092,1
16548,3
81539,1
21119,4
180867,1
112759,1
91613,1
147063,1
65718,1
77641,1
228810,1
59711,1
232670,1
112625,1
137378,1
8162,1
159328,1
115590,1
53347,1
132798,1
179202,1
120409,1
147751,2
206173,3
21569,1
31461,1
22445,1
187758,2
169310,1
121589,1
227571,1
126902,1
71354,1
46984,3
14779,1
209131,1
61621,3
78401,1
228071,1
196422,2
195958,1
49361,1
234149,1
97551,1
175175,2
149661,1
87721,1
123465,0
208642,2
117540,1
91562,1
69095,1
40354,1
89717,3
124989,3
87556,1
64249,1
196118,1
184354,1
107536,1
6788,1
115871,1
35720,1
185802,1
156955,0
233275,0
119538,1
199708,1
103999,1
184225,1
21938,1
151499,1
114632,3
84842,3
230942,1
120193,3
53293,1
159748,4
171869,3
183641,0
166520,1
32488,1
97289,1
43586,1
123680,2
30255,1
197567,3
90672,1
8638,3
70501,1
168296,1
140540,1
215268,4
209564,3
190343,1
118577,2
161404,2
116921,1
109548,3
229979,1
191037,1
32289,1
116081,1
57746,1
95551,1
210553,1
188228,1
192526,2
19592,1
223694,1
131048,1
229981,1
51407,3
227411,1
64438,1
232196,1
199214,1
161592,0
105992,4
207317,1
118558,2
162636,3
80923,1
94885,3
184988,3
4529,3
32552,1
216013,1
35263,1
437,1
46884,1
93465,0
145491,4
226472,3
131847,1
27175,1
185143,1
25281,1
37034,1
46175,2
191082,1
84020,2
31744,0
105878,1
151713,1
140580,1
37498,1
58350,1
1154,1
127818,1
63035,4
73481,1
125774,1
215205,1
49990,1
77923,1
1826,1
153238,1
201204,1
6397,1
183650,2
106549,1
3606,0
18464,1
98489,0
160121,1
152384,0
99199,1
32784,1
182353,1
85972,1
49855,1
59659,1
136914,1
100574,1
88643,2
191851,1
83153,1
212647,2
62964,1
114811,3
96140,1
119944,3
64236,1
16609,3
53571,1
116904,1
159956,1
144568,3
166050,2
84821,3
115266,1
201626,3
217476,1
9555,1
137894,1
16007,1
147986,2
116594,1
145741,1
195502,1
154775,1
80976,1
64168,1
98966,1
180282,1
172488,1
9057,1
223514,4
155469,1
161561,2
99744,3
17862,1
65833,1
64746,0
106624,1
128329,1
93826,1
177882,1
140810,1
95934,1
107926,2
139201,1
141592,1
144147,3
212178,1
182150,1
74349,2
29367,1
61400,3
64877,0
123595,0
83365,2
163954,1
124351,1
7049,1
126429,1
122093,1
24261,1
142371,1
94640,3
174298,1
143537,1
190726,1
181531,1
229315,0
32968,3
63465,1
17866,1
97030,1
224768,1
88513,2
70311,1
97729,1
163287,1
13970,1
50246,2
127939,1
199321,1
31199,1
190652,1
128777,0
212500,0
181040,1
57984,1
234372,1
139915,3
142805,1
178814,1
151088,1
102735,1
35713,1
11433,2
4569,3
61950,1
40423,1
114905,3
70860,3
17407,1
46871,1
61965,1
3534,2
29813,1
62038,1
3488,2
94203,1
146258,1
176566,3
111518,4
147203,1
123426,0
148152,1
26980,1
127564,1
227971,1
34826,1
187481,1
5283,1
2116,1
73676,1
155727,1
50262,2
3041,1
229373,2
140786,4
79175,2
210181,1
29011,3
228030,1
217842,1
44215,1
210501,1
156115,1
119063,1
80868,1
51315,1
94924,1
211668,1
63486,1
189694,1
111486,1
19278,1
149903,1
218220,3
23720,1
171981,3
183563,0
17755,4
140293,1
159831,1
113369,2
111470,1
80621,1
179793,0
106437,1
185555,1
150116,1
154443,1
90920,4
218106,3
84031,1
213255,1
148776,3
143093,2
66400,3
150220,4
50438,2
76463,1
50492,2
116301,4
189148,3
179264,1
96537,1
13254,1
182259,1
56430,3
71175,3
20056,3
91649,1
74183,0
108181,2
224235,1
34303,1
37459,1
53678,1
210549,1
2877,1
63118,1
64075,1
59376,1
109182,1
78021,1
84582,1
105432,1
143211,2
170496,0
35883,1
102287,1
171896,3
116084,1
168932,4
19257,1
227453,1
45449,1
131611,1
70254,1
173169,4
198892,4
195421,1
56775,3
46181,2
162726,3
25366,1
20456,1
3289,2
115917,1
182635,1
194385,1
6155,1
42885,3
105115,1
47932,1
146475,1
100138,1
180211,1
180615,3
217652,1
232900,1
107810,1
57880,1
49959,1
221285,0
165659,1
37970,3
205143,2
131451,1
149802,1
130175,3
101685,1
205845,3
48079,1
212514,2
123524,2
171805,3
22857,1
161070,1
127914,1
56501,3
138021,2
218334,3
194082,1
181443,1
176685,3
186069,1
163956,4
97915,2
33747,1
232153,1
153522,3
116889,1
128572,2
144889,1
37578,1
107872,1
133549,0
232338,1
183927,1
182012,1
93171,2
165774,1
86560,1
188953,3
203806,1
193453,1
201723,3
171249,1
131223,4
225254,2
217420,1
172162,3
41727,1
196960,1
162606,3
166676,1
200199,1
99670,3
185106,1
152127,2
54700,1
75208,3
150016,1
34758,1
18347,1
13810,4
122224,1
155359,1
224092,1
130330,3
95731,1
55411,2
19896,3
200552,2
169260,1
97633,1
8759,3
5625,1
109759,3
10758,1
134547,3
67980,1
64355,1
96174,1
224977,1
170730,0
53973,1
123185,1
178878,1
20947,1
141577,1
136295,1
53881,1
8835,3
155710,1
86603,1
79552,1
139673,3
137585,1
216229,1
84081,1
79021,2
135017,3
21470,1
172822,1
41887,1
20566,1
110594,1
165232,1
96668,1
224947,1
38830,1
306,1
167551,3
14009,1
12111,1
199213,1
63165,1
67661,1
129782,3
210097,1
73129,1
84763,3
199454,1
178074,1
179554,2
209935,3
78539,1
8387,1
67277,1
167880,1
138715,1
191951,1
81739,1
200555,2
130769,1
24386,3
86298,1
220215,1
29202,3
75886,3
47969,1
77138,1
95342,1
229627,2
54613,1
89012,1
154311,1
55873,1
202134,3
108324,2
206299,3
207626,1
48302,1
50130,2
13011,3
121654,1
199746,1
153188,1
94722,3
201904,3
36006,1
114018,1
18837,0
198186,1
72149,1
173079,4
46141,2
122711,1
70241,1
206861,1
47742,1
214155,1
67534,4
173246,4
195153,1
97717,1
56119,1
61854,1
88434,2
53792,1
79510,1
63237,1
171696,3
152609,2
11767,2
99663,3
40083,1
149513,1
185319,1
25831,1
6862,1
162086,1
62825,1
146577,1
121389,1
114625,3
182762,1
59742,1
49214,1
16634,3
186759,1
128979,2
14041,1
69205,1
133807,2
107328,1
94431,3
175763,1
136045,1
117422,1
219257,1
171230,1
230586,3
46072,2
43111,1
230604,3
146016,1
207790,1
152767,2
47105,3
201096,1
176213,1
127373,1
77533,1
151863,1
91503,1
189821,1
33566,1
102445,1
165474,1
63049,1
55764,1
141274,1
115123,1
219085,1
64616,0
72837,1
191116,1
36293,1
80133,3
83044,1
100167,1
157803,1
232377,1
136906,1
208223,1
202277,1
3489,0
139742,3
117607,1
74415,2
90879,1
149065,3
81091,1
51301,1
57229,1
45207,1
139168,1
56005,1
56128,1
32538,1
113748,2
909,3
175491,0
212585,0
100017,1
50002,1
224224,1
230779,3
954,3
29546,1
60094,0
65179,2
154811,1
99602,3
54229,1
216170,1
70676,3
200621,2
168750,1
197580,3
128901,2
226719,3
108069,2
10089,1
59491,1
19725,1
106731,1
183164,1
52241,1
74556,2
13770,1
182688,1
101237,1
66495,3
88295,0
177118,1
169513,1
110044,1
25932,1
88735,2
225509,2
181976,1
204452,1
207983,1
90645,1
164198,1
133990,1
91295,1
142366,1
180007,0
142216,1
174035,1
10321,1
16753,3
35236,1
169388,1
229272,2
58338,1
95967,1
186398,1
31913,2
229467,2
135945,1
73260,1
64081,1
101311,1
202070,3
69791,2
52985,4
31923,2
227040,1
173189,1
40891,1
69729,2
51021,1
190297,1
128542,2
109766,3
3637,1
195649,1
178606,1
184617,3
72980,1
221251,2
66672,1
41926,1
201917,3
205606,1
17239,1
114552,3
137342,1
161638,2
118629,2
116915,1
97315,1
141551,1
116271,1
210466,1
121853,1
113271,0
213519,1
181659,1
8990,3
66486,3
63737,1
118036,0
33581,1
78211,1
63998,1
125761,1
147030,1
196347,2
104465,3
193685,1
55541,2
26018,1
36668,0
226809,1
221632,2
109144,1
95891,1
107070,1
148525,1
75031,1
31124,1
51210,1
101580,1
201410,1
122874,1
123703,2
166548,1
202074,3
77623,1
234168,1
52487,1
35114,1
184644,3
134639,3
161984,1
51906,3
138174,2
180831,1
67795,4
160324,1
142725,1
37375,1
826,3
107655,1
5931,1
3749,1
222573,3
11078,1
110215,1
110139,1
219972,1
190459,1
86035,1
34909,1
212004,1
24691,3
154420,1
98305,2
225420,2
115051,3
181779,1
86622,4
135467,1
24935,1
191424,1
197434,3
138676,1
118441,2
120042,3
174046,1
184160,1
123559,0
15982,1
39152,1
193015,1
138587,0
208397,1
171777,3
202806,1
208969,2
101371,1
220876,1
55648,1
224671,1
28229,1
160843,1
137057,1
218110,3
118051,2
63239,1
105547,1
154959,4
228830,1
184198,1
97645,1
112930,1
168927,4
128976,2
6748,1
163334,1
220240,1
146664,1
138978,1
146,1
87575,1
129754,3
220608,1
94165,1
204797,2
194279,1
94663,3
89166,1
77330,1
172470,1
170140,1
163091,3
52564,1
185678,1
129981,3
29372,1
83972,2
138751,1
120407,1
194692,1
233717,1
563,3
225788,1
133806,0
66882,1
113360,0
140442,1
47458,3
179936,2
169718,1
69508,0
153856,3
49740,1
170539,0
45283,1
159224,1
124489,1
128062,1
205600,1
190696,1
18468,1
160425,1
77356,1
100579,1
64509,1
128366,1
66902,1
212038,1
39363,1
206794,1
97608,1
188066,2
183504,2
98351,2
156738,2
125727,1
85319,3
93158,2
106495,1
125652,1
180526,3
101719,1
114495,3
99919,3
185593,1
219938,1
180604,3
70608,1
109926,3
68536,1
88563,2
140988,1
16037,1
180418,1
20921,1
170933,2
166283,2
65568,1
87928,1
1527,1
79342,1
179637,2
107231,1
102643,1
58585,1
180161,1
17950,1
4651,3
7006,1
205295,1
45258,1
213320,1
67253,1
177991,4
144333,3
225451,2
36172,1
7984,1
6837,1
225,1
145601,1
127247,1
184928,3
157428,1
8454,1
186956,1
213460,1
74656,1
59853,2
172147,3
159122,1
154520,1
4707,3
76608,1
33818,1
200009,1
23172,0
82911,1
200645,2
9200,1
10710,1
42748,3
173308,1
60082,2
71809,1
135680,1
135335,1
1612,1
100242,1
73352,1
100885,1
74820,1
225337,2
127879,1
34384,1
17283,1
170111,1
56415,1
101967,1
224071,1
205124,0
126896,1
40851,1
128019,1
165510,1
186982,1
97392,1
210351,1
157482,1
229960,1
198544,4
19654,1
154204,1
120317,3
80298,3
35092,1
78713,2
91631,1
24973,1
149985,1
62260,1
77899,1
113628,2
195909,1
64485,1
193524,3
14733,1
13042,1
162903,3
179075,1
14577,1
141122,1
99020,1
52823,1
140515,1
68172,1
107687,1
12377,1
122546,1
116350,1
122921,1
30495,1
227073,1
149965,1
179574,0
22946,1
164648,1
115171,1
199269,1
57295,1
83989,0
117432,1
93847,1
184949,3
185832,4
199857,1
11357,2
206507,1
113327,2
119149,1
229355,2
189944,1
120085,3
15667,2
193831,1
147502,2
108850,1
157518,1
17426,1
25079,1
166109,2
17023,1
193766,1
211013,1
196504,2
168562,1
56268,1
6452,1
147857,0
221759,1
54778,1
159048,1
90393,1
31482,1
200133,1
61129,3
32487,1
100005,1
118965,1
215035,1
213740,3
124983,3
219776,1
156008,1
127960,1
46143,2
117813,1
126775,1
151438,1
210004,3
109877,3
197230,1
31580,2
65285,1
7559,2
217267,2
67648,1
103578,1
119808,3
208421,1
149939,1
2306,1
139280,3
96616,1
165248,1
115495,1
82832,1
37154,1
2743,1
194715,1
197637,3
8266,1
120198,3
203267,1
543,3
100425,1
84746,3
30751,1
90652,1
147418,1
74953,1
158038,3
133525,2
75216,3
156963,0
71660,1
28580,1
135814,1
196683,2
133246,0
62630,4
78838,2
40611,1
72428,1
196273,2
151880,1
228094,1
154382,1
128488,0
109446,3
212907,2
127663,1
128648,2
81143,1
68220,1
112838,1
45583,1
74910,1
5326,1
8818,3
203729,1
26439,1
119657,3
7485,2
202732,1
89435,1
75020,1
176238,1
200986,1
134283,1
31234,1
181177,1
233220,0
153021,1
102756,1
114557,3
159138,1
23574,0
43702,4
35894,1
85208,3
187163,1
168941,1
77469,1
42745,3
118610,2
205592,1
66583,3
183754,2
201144,1
128172,1
119501,1
76054,1
80026,3
42671,3
83520,2
102644,1
55274,2
18208,1
5968,1
157901,3
62631,4
110006,3
215055,4
15368,2
50803,1
131919,1
115365,1
202132,3
230932,1
21064,1
92595,1
212221,1
192907,2
45629,1
137655,1
125354,3
182540,1
32295,1
161205,2
181654,4
98871,1
221555,2
2839,1
74436,2
70896,3
180322,1
19490,1
22075,1
23187,2
197747,3
167997,1
43841,1
14573,1
110602,1
66496,3
99426,3
140477,1
179060,1
124398,1
120925,1
213442,1
183601,0
212642,2
26462,1
16303,3
73056,1
136606,1
107369,1
5809,4
46909,1
14099,1
210104,1
10790,1
76459,1
163739,1
19346,1
227697,4
198340,1
58311,1
101628,1
72719,1
108247,0
229242,0
30900,1
6032,1
30140,1
109187,1
196361,0
113233,2
217980,1
172318,3
84324,1
220168,1
2300,1
110958,1
54213,1
112004,1
124306,1
131933,1
166045,2
164160,1
141309,1
80375,3
105517,1
98748,1
30213,1
20546,1
8669,3
95943,1
31151,1
143208,2
6929,1
145546,4
191062,1
43460,1
36486,2
21472,1
23360,2
62810,1
7828,2
7658,2
108131,2
151456,1
144773,3
23986,1
217430,1
73794,1
32378,1
121543,1
228710,1
110175,1
40925,1
186825,1
126489,4
160461,1
129609,1
161786,2
157273,1
146230,1
39492,1
135543,1
71253,1
218709,1
213833,3
229011,1
74072,2
216858,0
78530,1
173984,1
223000,1
43023,1
113809,1
51981,3
14552,1
77192,1
191474,1
108732,1
3287,2
16359,3
67907,1
158656,1
36131,1
18077,1
1014,3
9794,1
44426,1
128848,0
62423,1
232963,1
184582,3
23119,0
20019,3
183254,1
62892,1
8504,3
153801,3
111453,1
216172,1
61751,3
94289,3
126051,1
116672,1
221409,2
27748,2
107718,1
68786,1
200457,0
139594,3
182789,1
64207,1
78763,2
67551,4
126788,1
201062,1
26176,1
30096,1
68368,1
179328,1
209526,3
162586,3
128331,1
215688,1
204763,0
149898,1
73421,1
163522,1
80973,1
55316,0
64938,2
55092,2
217504,1
102248,1
30216,1
3520,0
37444,1
117245,1
22781,1
83534,2
118159,0
30080,4
25561,1
54252,1
100162,1
38315,1
110230,1
78904,0
147753,0
67304,1
44419,1
106213,1
234123,1
223729,1
184176,1
179723,0
31691,0
42883,3
158580,1
65819,1
173258,1
7685,2
185103,1
122933,1
62527,4
190554,1
75376,3
17094,1
63974,1
186486,1
2962,1
139286,3
80896,1
57919,1
170527,2
194358,1
230378,3
153582,3
134575,3
222367,3
180278,1
221301,2
159900,1
39724,1
80194,3
142943,0
21742,1
228441,1
24965,1
48227,1
14267,1
53239,4
824,3
19531,1
95020,1
193412,1
211666,1
119716,3
148082,2
169108,1
209034,1
185337,1
210417,1
70624,1
173652,1
122473,1
212486,0
129715,3
35187,1
128870,2
21458,4
132006,1
126567,1
229322,2
88494,2
173304,1
147748,2
49314,1
159618,1
110957,1
126212,1
55890,1
6124,1
138585,0
44478,1
66324,3
65753,1
131254,1
32681,1
32889,3
197064,1
33306,3
165806,1
214235,1
18369,1
225989,1
13157,1
5981,1
39633,1
188395,1
112101,1
185912,1
58690,1
173260,1
213712,3
142541,1
115689,1
8480,1
231205,1
159161,1
83177,1
168354,1
197751,3
29176,3
9164,1
77807,1
154647,1
109026,1
224575,1
127548,1
162120,1
39676,1
153276,1
150210,1
225039,0
67814,1
137803,1
182999,1
17481,1
123347,1
43011,1
15195,1
231845,1
52853,1
157542,1
14771,1
137049,1
17717,1
163082,3
12486,1
32522,1
215280,1
219987,1
27471,1
224064,1
177092,1
71196,3
106261,1
233860,1
178554,1
12983,3
194438,1
16022,1
10546,1
228668,1
110151,1
42463,3
90315,1
28239,1
184155,1
80727,1
68618,1
136545,1
37670,3
188,1
76815,1
41930,1
67560,4
195844,1
33746,1
162373,1
15382,2
167705,3
7727,2
145899,1
92582,1
188681,1
61885,1
14524,1
16083,1
227244,1
106342,1
39476,1
135784,1
69208,1
3674,1
85911,1
8807,3
177260,1
16259,3
12963,3
128357,1
192357,2
130326,3
173640,1
115454,1
164594,1
62558,4
9801,1
157929,3
22433,1
123167,1
205610,1
53392,1
97385,1
28406,1
233706,2
167267,3
157193,0
142454,1
29407,1
57741,1
123617,2
62824,1
44042,1
155953,1
43451,1
14259,1
103640,1
180465,1
75589,3
183121,1
233190,2
209599,3
37009,1
148548,1
62261,1
227654,1
61753,3
185114,1
153656,3
173990,1
36397,2
34563,4
144329,3
108460,0
102990,2
1065,1
149809,1
135872,1
162297,1
85752,1
58237,4
155430,1
68874,1
64211,1
232909,1
230492,3
42607,3
100189,1
147530,0
162146,1
75651,3
132293,1
154286,1
13650,1
146283,1
66317,3
173647,1
161166,2
218962,1
12369,1
44601,1
50532,2
217557,1
214180,1
38787,1
36218,1
58815,1
141257,1
89078,1
73329,1
19072,2
60488,1
10835,1
205853,3
106250,1
29488,1
220167,1
89075,1
194075,1
40626,1
209095,1
38731,1
199685,1
89163,1
209790,3
182497,1
230408,3
170190,1
103543,1
106031,1
46853,1
212264,1
72195,1
123157,1
173702,1
187019,1
178261,1
69056,1
150504,1
57000,3
26002,1
51325,1
50666,2
54495,1
61019,1
176494,3
138979,1
19959,3
139472,3
1621,4
77044,1
150168,1
207013,1
2606,1
198404,1
22041,1
165182,1
123090,1
186233,1
15786,1
220080,1
121272,4
3711,1
72303,1
102383,1
15007,1
167031,1
32633,1
41538,2
148682,1
93537,1
208655,2
101832,1
16218,1
85370,3
72952,1
201555,1
37574,1
55817,1
31673,2
100893,1
183192,1
136483,1
52617,1
61623,3
115152,1
49219,1
192653,2
34628,1
45158,1
140956,1
105319,1
113144,0
197490,3
140333,1
138682,1
178747,1
5838,1
234399,1
188369,1
22272,1
111398,1
202434,1
47187,3
56782,3
180210,1
209769,3
155431,1
146716,1
71840,1
105263,1
40172,1
222731,1
48093,1
171151,1
88839,1
102161,1
101612,1
174627,1
153680,3
211064,1
53869,1
86711,1
205043,0
145132,1
131747,1
42089,1
68880,1
1138,1
208144,1
141081,4
163870,1
161250,2
29429,1
225027,2
34226,1
52549,1
87403,1
57982,4
85071,3
14720,1
86317,4
180397,1
107137,1
86325,4
146289,1
137581,1
1043,1
196337,2
194073,1
60963,1
88954,1
32268,1
231875,1
71749,1
39973,1
130350,1
25743,1
108314,2
135358,1
169545,1
80065,3
89817,3
91009,1
53599,1
99531,3
74496,0
132992,1
20912,1
56820,3
216562,1
175722,1
161928,1
200154,1
63636,1
120675,1
159475,1
102517,1
174068,1
111586,1
203130,1
72512,1
66911,1
58953,1
171506,1
173179,1
18160,1
75789,3
25298,1
122009,1
134767,3
150084,1
176898,3
90609,1
19297,1
15947,1
170336,1
64136,1
55933,1
106760,1
135712,1
146244,1
189425,3
141448,1
22405,1
171990,3
223700,1
195175,1
47993,1
30332,1
149658,1
188391,1
108030,0
11363,2
128619,0
198070,1
125409,3
208765,2
70716,3
32033,0
187763,0
212021,1
180679,3
138102,2
139453,3
47015,3
36631,0
212831,2
125401,3
220124,1
13869,1
113649,0
55127,0
170321,1
15159,1
43992,1
138511,2
164066,1
22735,1
169934,1
63565,1
189553,1
140195,1
39844,1
199942,1
139828,3
163623,1
49796,1
162223,1
155381,1
149408,1
44386,1
187252,1
91500,1
115553,1
213615,3
212633,2
59698,1
29288,3
57951,4
148707,1
45656,0
107196,1
58340,4
41888,1
226789,1
131124,1
36306,1
64773,2
191456,1
73225,1
77341,1
124066,0
211815,1
58761,1
25840,1
135319,1
169836,1
23025,1
208293,1
221613,2
149889,1
182188,1
33473,3
208871,2
155642,1
56661,3
74289,2
2698,1
119839,3
35884,1
157339,1
76872,4
44894,1
118350,0
181820,1
208736,0
107071,1
33810,1
42937,3
177501,1
21420,1
35098,1
212553,2
200039,1
148460,1
218873,1
4805,3
182458,1
123099,1
74141,2
28649,1
95596,1
170128,1
64817,2
151744,1
38544,1
226306,3
186243,1
29905,1
50849,1
190471,4
225501,2
35590,1
2556,1
150064,1
55912,1
208970,2
19630,1
162688,3
73503,1
168635,1
107836,1
179910,0
152418,0
211361,1
201579,3
164130,4
128718,0
208741,2
47460,3
131959,1
135842,1
117577,1
159384,1
78267,1
231353,1
108566,1
134440,1
94122,1
156352,1
58369,1
134818,3
38696,1
13713,1
138027,2
154103,1
27613,0
36814,0
233796,1
1710,1
126793,1
228458,1
177881,1
162045,1
63522,1
7880,2
200568,0
195317,1
58349,4
55807,1
187988,2
35430,1
75497,3
104302,3
27011,1
153973,3
34839,1
121939,1
118135,2
34105,1
199426,1
161037,1
140058,1
129813,3
89929,3
210987,1
93179,2
13168,1
135562,1
221288,2
68424,1
148328,1
152469,2
86679,1
110246,1
227961,1
97747,1
34118,1
70252,1
212915,0
100023,1
87785,1
28436,1
96047,1
128626,0
142460,1
198574,1
46646,1
92295,1
222815,1
89616,3
20221,3
167629,3
225608,1
124409,1
139544,3
147585,0
141230,1
130250,3
224374,1
202056,3
33509,1
44277,1
29007,3
161681,0
24765,3
90992,1
215256,1
112633,1
5540,1
93611,1
50723,0
75681,3
125402,3
107373,1
75250,3
70635,3
125696,1
71949,1
21396,1
44528,1
37015,1
28555,1
226,1
122817,1
120981,1
75570,3
91772,1
32962,3
62790,4
27305,1
49578,1
201432,1
27096,1
210894,1
57069,3
99083,1
4633,3
3851,1
104682,3
203663,1
142126,1
171552,1
8284,1
51335,1
212855,2
68561,1
127372,1
148967,3
93870,1
192729,2
28327,1
190951,1
94880,3
94890,3
23843,1
119738,3
72667,1
49100,1
120140,3
156463,1
94786,3
224142,1
104730,3
1514,1
171035,1
45703,2
98735,1
218945,1
151157,1
106022,1
233470,2
62595,1
173385,4
122634,1
73385,1
94162,1
186428,1
71332,1
229919,1
63416,1
86974,1
142499,1
86113,1
164455,4
175561,2
17253,1
14687,1
134362,1
53195,1
202664,1
134463,1
84773,3
47906,1
173492,1
56125,1
173540,4
100248,1
124419,1
99050,1
87092,1
180019,0
43502,1
10445,1
139834,3
85033,3
119598,3
61873,1
113071,0
148658,1
218072,3
147136,1
80799,1
156443,1
173477,4
189059,3
46248,2
105876,1
125055,3
103227,0
196857,1
50778,1
29596,1
168463,1
119439,1
185889,1
190031,1
50330,0
56086,1
106434,1
13012,3
169091,1
212504,2
224387,1
222874,1
218693,3
201000,1
12367,1
139490,3
155385,1
154419,1
65850,1
172297,3
211253,1
24826,3
99438,3
58295,1
136533,1
175395,2
64645,0
119291,1
127829,1
108952,1
6473,1
101623,1
9140,1
95756,4
158683,1
47566,3
199811,1
230280,3
10288,1
5006,1
37927,3
206746,1
42059,1
182435,1
167277,3
130762,1
75233,3
146431,1
56009,1
63502,1
27236,1
139040,1
136351,1
103240,0
14028,4
139307,3
112693,1
2201,1
228432,1
77104,1
176297,3
172360,1
155494,1
122197,1
80848,1
194578,1
143432,2
120782,1
132655,1
18702,1
193744,1
184936,3
226208,3
51244,1
169313,1
105107,1
17196,1
162393,1
191293,1
123355,1
88205,0
103875,1
213976,3
132371,1
232938,1
163288,1
157196,2
54648,1
158350,3
174348,1
49580,1
71924,1
80428,3
50473,2
145973,1
21179,1
23648,2
180179,1
26766,1
108909,1
30949,1
120779,1
59450,1
23230,0
117657,1
234150,1
148454,1
150158,1
81192,4
137855,1
172603,1
50208,0
11187,1
35292,1
203125,1
50087,1
183005,1
68562,1
37031,1
65071,0
226839,1
186876,1
192534,2
12697,3
154589,1
20294,3
101923,1
229642,2
216273,1
135354,1
16585,3
6137,1
72282,1
134481,1
23010,1
140377,1
210398,1
171939,3
149434,1
99993,1
120204,3
129818,3
154328,1
120337,3
159887,1
116446,1
199093,1
207455,1
182574,1
92890,2
201934,3
129860,3
18494,1
24805,3
191705,1
233990,1
165752,1
8031,1
51579,3
216565,1
7540,2
226659,3
113790,1
231656,4
42735,3
177302,1
47225,3
40507,1
179211,1
108483,2
82551,1
197102,1
175105,2
48796,1
40061,1
122162,1
193332,1
69103,1
21318,1
226631,3
131719,1
21358,1
161806,1
58819,1
121265,1
13074,1
41562,2
183037,1
105333,1
135868,1
62290,1
126443,4
76498,1
7765,2
127090,1
45291,1
68408,1
162015,1
619,3
205812,3
204457,1
118556,0
90094,3
36567,2
31293,1
70489,1
179687,0
193020,1
169637,1
58247,4
38456,1
98100,0
93964,1
152871,1
81357,4
57639,1
184902,3
211276,1
117313,1
118367,2
127435,1
96811,1
2780,1
92552,1
226913,1
120444,1
115230,1
76226,1
51846,3
220196,1
197077,1
6810,1
31946,0
189458,3
57178,1
68867,1
56625,3
16856,1
222604,3
183471,2
147214,1
127890,1
39023,1
80702,1
52663,1
71238,3
204402,1
116282,1
107277,1
4980,1
162510,3
128158,1
186041,4
167318,3
88834,1
5675,4
122016,1
154199,1
157750,1
195024,1
199432,1
214378,1
90082,3
216153,1
7363,2
124392,1
187739,2
183492,0
37991,3
41027,1
200384,2
113613,2
226061,1
53860,1
200591,2
13865,1
87340,1
233154,2
217295,0
38014,3
117082,1
231367,1
58439,1
39120,4
153794,3
170038,1
54697,1
82494,1
169320,1
179511,2
65356,1
152374,2
133476,2
19787,1
35161,1
62552,1
195550,1
133517,0
183394,2
149875,1
78202,1
15107,1
233221,0
159142,1
187352,1
179598,0
108161,0
27845,2
114769,3
51899,3
133330,2
70855,3
108104,2
114051,1
232427,1
65337,1
102469,1
129886,3
140730,1
69140,1
107052,1
89201,1
131692,1
169330,1
16063,1
139154,1
205087,2
89558,3
184619,3
128992,2
112632,1
41971,1
56357,1
129562,1
90290,1
209061,1
90856,4
158011,3
192618,0
72158,4
51729,3
174742,1
24273,3
123116,1
129561,1
93738,1
230113,1
47817,1
212389,1
208748,2
103766,1
15401,2
170607,0
90163,1
186495,1
53637,1
96274,4
40632,1
227556,1
15361,2
193931,1
38929,1
152283,0
1144,1
183028,1
211362,1
167141,1
77758,1
202020,3
189848,1
66694,1
60682,1
197741,3
65726,1
131733,1
227314,1
174155,1
189320,3
164219,1
163430,1
45461,1
86561,1
188585,1
57159,1
47958,1
140971,1
106425,1
55355,0
98219,0
42370,3
119391,1
160179,1
144413,3
124550,1
203451,1
190972,1
233408,2
134933,3
18890,0
227664,1
55304,0
153408,1
66131,3
13693,4
78518,1
79176,0
128429,0
163667,1
96830,1
34203,1
130916,1
206414,1
213566,3
133911,1
52333,1
229198,2
219935,1
208426,1
201115,1
80448,3
206772,1
209467,1
188648,1
127897,1
197318,1
86275,1
45264,1
68706,1
113288,2
30991,1
62147,1
234193,1
177156,1
71396,1
112965,1
121026,1
187787,2
211153,1
203235,1
69375,2
80507,3
11840,2
152673,0
180306,1
53306,1
184243,1
140790,1
105923,1
33044,3
23343,0
7239,1
112458,1
172717,1
161748,2
104701,3
119747,3
152991,1
191758,1
94263,3
100014,1
217930,1
130315,3
216061,1
214739,1
93269,2
84873,3
20342,3
113712,2
209376,1
168053,1
67718,1
187586,1
28521,1
197860,3
149603,1
178868,1
229576,2
146096,1
175992,1
195943,1
92247,1
19983,3
103417,2
45888,2
38056,3
46908,1
76657,1
198785,1
102083,1
138019,2
892,3
80887,1
232047,1
165560,1
17594,1
81390,1
191720,1
65800,1
5965,4
87315,1
212355,1
31638,2
28038,0
213022,1
196947,1
183669,2
159749,1
59980,0
142139,1
36345,0
125010,3
84872,3
189572,1
109059,1
172201,3
146824,1
127851,1
151022,1
3623,1
86497,1
228280,1
18433,1
150191,4
105154,1
22919,1
166485,2
9459,1
231526,4
90820,1
74095,2
138490,2
155215,4
118456,2
56899,3
171236,1
26464,1
155547,1
141075,1
141642,1
187087,1
7107,1
200176,1
106341,4
58564,1
60171,0
54649,1
5742,1
227598,1
158871,1
125857,1
65409,1
74711,1
217865,1
173907,1
147631,2
25014,1
114502,3
55600,2
124601,1
126167,1
67416,1
215074,4
73312,1
141186,1
39659,1
101897,1
222449,3
10693,1
86069,1
230860,1
120992,1
31610,2
57298,1
190450,1
77915,1
119168,1
100226,1
0,1
116328,1
72535,1
116912,1
185096,1
2843,1
75657,3
86534,1
32865,3
179241,1
40045,1
134318,1
208553,2
219757,1
8092,1
3780,1
120789,1
158381,3
117898,1
146620,1
141398,1
142247,1
123461,2
144804,1
58491,1
190177,1
217312,2
207016,1
11364,2
209528,3
220830,1
34636,1
99611,3
209250,1
66939,1
143635,1
176983,1
84438,1
185380,1
233677,2
91387,1
37439,1
80628,1
49351,1
228215,1
125853,1
209831,3
52005,3
4810,3
33454,3
82628,1
191932,1
72754,1
53391,1
161069,1
22196,1
58298,4
231134,1
231533,1
96300,1
156600,1
106128,1
202011,3
147360,1
179088,1
122147,1
12884,3
214984,1
151182,1
215741,1
137401,1
12234,1
193895,1
232799,1
231304,1
190233,1
114111,1
218076,3
177264,1
156708,0
143928,1
7772,2
45398,1
114398,1
155682,1
188016,0
171326,1
48582,1
147402,1
126712,4
227490,1
119804,3
148860,3
202757,1
213789,3
211853,1
221744,1
11689,0
44168,1
92272,1
42945,3
220072,1
206803,1
139663,3
211904,1
25429,1
131592,4
184191,1
183894,2
177263,1
191922,1
87964,1
196291,0
187185,1
8509,3
77631,1
51827,3
24266,1
216786,1
53890,1
226195,3
115921,4
87592,1
216662,1
210839,1
85684,1
36857,0
44296,1
86240,1
32818,1
179635,2
11561,2
75818,3
84505,1
60767,1
119279,1
84903,3
165997,0
8223,1
198309,1
192159,1
102413,1
166876,1
77706,1
67906,1
135718,1
220507,1
136200,1
87211,1
189902,1
206425,1
168462,1
3441,2
50891,1
41815,1
135934,1
91515,1
20749,1
75969,1
155853,1
127343,1
200366,1
224111,1
121048,1
193772,1
62695,4
24008,1
23226,0
178500,1
139137,1
5769,1
123373,1
217294,0
143401,0
234161,1
181386,1
65524,1
147256,1
43437,1
165315,1
142640,1
150883,1
79255,2
134324,1
173730,1
133817,1
195226,1
92799,2
110652,1
11264,1
13335,1
131202,1
192390,2
110499,1
77549,1
123829,0
158642,1
46462,1
1468,1
36818,2
114427,1
232611,1
87242,1
173575,1
154160,1
100347,1
94729,3
152509,2
43742,1
134875,3
13591,4
219690,1
43731,1
160073,1
211597,1
74028,2
107523,1
134570,3
201857,3
164916,1
204755,0
190136,1
13575,1
173872,1
60173,2
145010,1
194219,1
158837,1
12761,3
15754,2
232709,1
166612,1
213229,1
206694,1
35176,1
22255,1
192364,2
175713,1
172457,1
45455,1
22566,1
28434,1
175184,2
230059,1
195331,1
15469,2
31452,1
121147,1
224258,1
54348,1
89485,1
24633,3
80013,3
231595,1
210860,4
123402,2
45217,1
95728,4
114671,3
223781,1
208635,2
233133,2
123856,2
213993,3
122659,1
75725,3
200380,2
68292,1
171349,1
127643,1
120954,1
56779,3
46736,1
185029,3
89523,3
204956,2
107434,1
172931,1
158849,1
181933,1
50846,1
233283,2
140503,1
127508,1
89777,3
28458,1
115728,1
43515,1
91022,4
59160,1
223020,1
227637,1
45263,1
136685,1
70303,1
2511,1
128877,0
82492,1
193903,1
173637,1
78828,0
135988,1
195059,1
16503,3
24493,3
171803,3
77050,1
10307,1
61904,1
226723,3
40713,1
175064,2
67864,1
10851,1
26072,1
1979,1
131071,1
34589,4
100301,1
54556,1
22470,1
194690,1
222128,1
159365,4
230939,1
30728,1
131917,1
138297,2
48688,1
200310,1
185186,1
34439,4
9347,1
83847,0
198654,1
57618,1
175894,1
70167,1
159920,1
75087,1
98303,2
106172,1
60830,1
119775,3
80358,3
84204,1
14085,1
96148,1
190073,1
60485,1
175313,0
157399,1
211017,4
152806,1
25766,1
203601,1
22570,1
109722,3
66743,1
11887,2
217083,2
190827,1
131436,4
34487,1
92126,1
227216,1
204290,1
115013,3
6437,1
112312,1
203648,1
182754,1
231652,1
97921,2
176415,3
125955,1
108051,0
53919,1
168852,1
196109,1
124986,3
12931,3
204080,1
5457,1
69112,1
20430,3
17311,1
191958,1
162553,3
198166,1
227562,1
15254,1
355,1
166280,2
1831,1
66182,3
217892,1
167233,3
118774,2
15884,1
160254,1
39132,1
74636,1
15885,1
150132,1
130446,1
127655,1
84914,3
191270,1
199491,1
48368,1
158485,3
22026,1
98431,2
169112,1
232061,1
70545,1
189968,1
71823,1
86564,4
35654,1
133371,0
191209,1
231462,1
232804,1
131812,1
30592,1
45524,1
28106,2
48015,1
76154,1
226577,3
91313,1
60372,0
67326,1
18447,1
171391,1
92669,1
6106,1
15391,2
218986,1
7489,0
193643,1
211242,1
141434,1
114048,1
189477,3
175587,2
23254,2
40109,1
63128,1
66063,3
33983,1
80920,1
231833,1
41528,2
694,3
88405,2
90126,1
18096,1
189961,1
228671,1
141977,1
206405,1
145497,1
137472,1
67287,1
99088,1
128744,0
119903,3
180764,1
74612,1
21234,1
100237,1
200491,2
111708,1
55184,0
108398,2
48475,4
173871,1
71967,1
218087,3
227113,1
167667,3
219625,4
1116,1
206637,1
9923,1
141759,1
167438,3
16737,3
9084,1
159541,1
68753,1
139404,3
70709,3
49338,1
140330,1
134867,3
162780,3
37915,3
223438,1
44611,1
67190,1
63234,1
45925,2
19140,2
175664,1
231665,1
204127,1
113743,2
21511,1
158992,1
46976,3
71127,3
161778,2
161955,1
77932,1
206196,3
43240,1
4718,3
96599,1
112265,1
149053,3
172534,1
197778,3
35803,1
49716,1
162982,3
127860,1
22767,1
8374,1
10313,1
199786,1
120623,1
193673,1
135829,1
173471,1
102596,1
140797,1
213020,1
144593,3
137519,1
199866,1
191754,1
166318,0
18616,1
116716,1
6853,1
172778,1
161922,1
29098,3
6932,1
129211,1
102015,1
21332,1
4334,3
105387,1
184040,1
226860,1
123841,0
160555,1
227706,4
98658,1
163466,1
13500,1
80847,1
182484,1
209657,3
209186,1
28260,1
120017,3
68835,1
222158,1
61082,1
135089,3
66646,1
87114,1
3870,1
177478,1
229369,0
122765,1
159297,1
79417,1
56215,1
89252,1
75831,3
144163,3
70651,3
60222,0
160159,1
45290,1
43260,1
88742,2
152823,1
58534,1
124954,3
84825,3
107819,1
13942,4
192175,1
68267,1
107481,1
123528,2
199926,1
84705,1
215866,1
73625,1
195596,1
31383,1
112264,1
201513,1
92497,1
172135,3
204379,1
218439,3
183772,2
21622,1
102506,1
150739,1
135324,1
77966,1
23583,2
150344,4
26792,1
8912,3
135933,1
15444,2
140848,1
162202,1
109849,3
58257,1
197552,3
206617,1
126738,1
43708,1
70774,3
230884,1
169605,1
104061,1
157043,2
81687,1
230580,3
72385,1
230236,3
217925,1
150607,1
213819,3
134432,1
26225,1
206606,1
20185,3
211828,1
212151,1
177309,1
110952,4
59157,1
200694,0
72334,1
104738,3
175732,1
229964,1
165965,0
23956,1
163977,1
35950,1
108339,2
101821,1
112939,1
165173,1
230917,1
135172,3
27743,2
74360,0
59955,2
42780,3
59519,1
205817,3
60093,0
215555,1
91977,1
27300,1
87190,1
152499,2
16059,1
59479,1
67836,1
117838,1
117055,1
15534,2
2817,1
187696,2
41555,2
137536,1
77512,1
13538,1
59866,0
165878,0
88176,0
129719,3
81267,4
26499,1
216269,1
230147,1
38194,3
60609,1
72822,1
134394,1
69785,0
188246,1
52163,1
39106,1
128457,2
121122,1
213179,1
32694,1
38195,3
192833,2
133044,1
222619,3
114307,1
180547,3
1744,1
223125,1
154033,3
59067,1
222041,1
189569,1
111203,1
95119,1
126828,1
130181,3
139982,1
80975,1
176429,3
34928,1
11436,2
230512,3
86163,1
59220,1
107622,1
96121,4
11955,1
115628,1
170364,1
75429,3
174181,1
98017,2
210949,4
205655,1
232583,1
62207,1
42595,3
202361,1
11108,1
230668,3
195706,1
90373,1
223486,4
61029,1
106452,1
103142,2
151701,1
9770,1
196015,1
95311,1
225256,0
63496,1
173045,1
22525,1
80090,3
197187,1
119532,1
138632,1
184760,3
183926,1
170117,1
177246,1
153907,3
7865,2
30705,1
151023,1
63648,1
21465,1
8353,1
177230,1
102528,1
228825,1
213359,1
21712,1
113420,2
213863,3
15665,2
70991,3
175914,1
185594,1
164391,1
176499,3
28040,2
99968,1
39087,1
206107,3
110229,1
194317,1
168804,1
176017,1
15652,2
178132,1
7672,2
72405,1
214817,1
122408,1
183870,0
116056,1
10337,1
213720,3
80836,1
228058,1
137989,2
174162,1
67094,1
46522,1
52009,3
5801,4
139092,1
20654,1
75262,3
75482,3
78651,1
78034,1
225633,1
88660,2
96266,1
87154,1
210037,1
44413,1
62832,1
64305,1
81095,1
7552,2
189802,1
63052,1
77260,1
55305,0
174827,1
24919,1
217490,1
9106,1
59581,1
60906,1
139306,3
213556,3
16908,1
3251,0
80038,3
141145,4
103455,2
40957,1
180010,2
122762,1
190022,1
119521,1
25729,4
37492,1
121270,1
78629,1
112496,1
228568,1
157733,1
164286,1
95743,1
163544,1
34772,1
139641,3
52103,1
215706,1
208705,2
185785,1
68303,1
30103,1
79197,2
172013,3
156205,1
54904,1
219313,1
28535,1
127425,1
113878,1
129984,3
8974,3
170665,2
78894,0
98824,1
207246,1
9660,1
49234,1
61206,3
131693,1
12826,3
196321,0
23263,0
83191,1
150378,1
107418,1
105975,1
165040,1
69876,2
80330,3
92224,1
81794,4
116631,1
60669,1
85824,1
155389,1
116737,1
41753,1
106466,1
156594,1
164500,1
46097,0
129659,3
90231,1
92851,2
7154,1
46001,0
69407,0
162758,3
42944,3
52220,1
224880,1
209991,3
122219,1
75809,3
89787,3
198664,1
197009,1
95230,1
64364,1
29684,1
103230,0
37613,3
197948,1
167205,3
116196,1
202870,1
59610,1
224304,1
223656,1
227309,1
115708,1
168201,1
214210,1
1930,1
97572,1
126161,1
20889,1
231426,1
116092,4
181660,1
61220,3
226944,1
217746,1
167210,3
11912,1
47788,1
30154,1
4288,3
109375,3
67044,1
225269,2
34849,4
110511,1
725,3
74604,1
118032,2
194090,1
23702,1
104227,3
17928,1
3738,1
43780,1
227492,1
21161,1
77460,1
182826,1
33801,1
123502,0
125995,1
221094,0
102489,1
84411,1
9754,1
169796,1
225974,1
226458,3
214034,3
230685,3
145665,1
115565,1
181418,1
177298,1
65607,1
208220,1
175959,1
56927,3
138533,0
225733,1
5129,1
74781,1
217097,2
192122,1
180336,1
22380,1
23103,2
170018,1
97051,1
196803,1
79440,1
174279,1
118674,2
145696,1
5029,1
33388,3
136734,1
47292,3
233128,2
195108,1
87047,1
1350,1
186682,1
176193,1
90789,1
74582,1
105183,1
77366,1
57205,1
104195,3
3174,2
95226,1
25036,1
175037,2
150066,1
75732,3
86104,4
70533,1
141555,1
157917,3
7382,2
98088,2
64429,1
61947,1
120244,3
124816,1
95471,1
158988,1
101629,1
48381,1
32209,0
104775,3
66035,3
124964,3
10915,1
30576,1
158421,3
43108,1
35183,1
62390,1
32637,1
65168,2
112739,1
158873,1
203950,1
81346,4
26706,1
43709,1
149963,1
57934,1
219597,1
184569,3
102864,2
8130,1
194197,1
73162,1
119845,3
168515,1
194884,1
5887,1
77209,1
117866,1
65705,1
32320,1
173704,1
173869,1
109534,3
95672,1
16418,3
71468,1
78293,1
197649,3
155372,1
154616,1
20373,3
103909,1
34706,1
124982,3
227538,1
148420,1
159694,1
21900,1
59435,1
28601,1
213567,3
110040,3
142582,1
135939,4
55704,1
180991,1
196299,0
46049,2
87166,1
151348,1
198109,1
218231,3
49609,1
22565,1
169207,1
120093,3
217246,2
136704,1
106927,1
167845,1
50610,0
86894,1
40291,1
223575,1
85048,3
5378,1
168980,1
30063,1
223456,4
213872,3
71964,1
125563,1
117515,1
166591,1
108904,1
120748,1
195692,1
42278,1
168218,1
162019,1
17292,1
163397,1
170524,2
152752,0
35401,1
115663,1
131817,1
147106,1
96183,1
110878,1
141707,1
233853,1
141499,1
13929,1
195895,1
15377,2
18016,1
181963,1
126863,1
44130,1
223775,1
53626,1
208837,2
45228,1
223662,1
164888,1
175901,1
201268,1
2778,1
117405,1
219455,1
119499,1
213240,1
69997,1
4117,1
122785,1
214307,1
140306,1
46420,1
233286,2
213415,1
130817,1
190069,1
32206,2
40730,1
19182,2
95433,1
37432,1
104878,3
132609,1
51550,3
199380,1
9810,1
41100,2
56618,3
160209,1
139123,1
143145,2
109524,3
199376,1
23701,1
10570,1
164098,1
51095,1
186883,1
120370,3
179074,1
145628,1
140744,1
57105,1
148494,1
125370,3
101265,1
75029,1
4251,3
82791,1
164039,1
111150,4
81215,1
24169,1
10598,1
169205,1
51748,3
170735,2
82936,1
177931,1
110047,1
212368,1
69241,1
129027,0
113930,1
200906,2
219796,4
221303,2
138229,0
45307,1
167145,3
32507,1
152196,0
186393,1
46765,1
206942,1
34600,4
157206,0
126719,1
77748,1
208452,1
136983,1
41188,0
126414,4
2540,1
29097,3
205955,3
144543,3
185132,1
104212,3
16558,3
88249,0
102133,1
155643,1
102557,1
52787,1
139892,3
119684,3
35839,1
23665,1
195760,1
5127,1
5010,1
185701,1
134168,1
212909,0
12670,3
2330,1
14979,1
158507,3
63434,1
205685,1
151274,1
58873,1
40825,1
25835,1
72968,1
225136,2
4879,1
40790,1
127777,1
227119,1
175146,0
24177,1
52559,1
12993,3
102939,2
227292,1
196182,2
122806,1
232479,1
99207,1
29346,1
121686,1
76276,1
97821,1
76939,4
186322,1
172813,1
156528,1
94189,1
95166,1
146864,1
132800,1
116608,1
40230,1
129360,1
18589,1
126248,4
146921,1
74014,0
8707,3
62084,1
221587,2
184192,1
134223,1
209029,1
212077,1
227242,1
103574,1
227376,4
55729,1
101462,1
216550,1
69948,0
51874,3
192135,1
154145,1
121935,1
87466,1
47031,3
74387,2
215233,1
92739,1
198402,1
166511,1
147429,1
78647,1
121532,1
25229,1
228471,1
2034,1
229221,2
173222,1
134380,1
147383,1
60649,1
157402,1
57780,1
80705,1
66192,3
167401,3
51670,3
186197,1
230457,3
83061,1
196058,1
113540,2
174454,1
36086,1
115415,1
217923,1
208998,2
57681,1
53226,4
35311,1
175280,2
66818,1
95125,1
71083,3
148036,2
91210,1
75278,3
45048,1
144595,3
92693,1
38619,1
223090,1
217155,2
24357,3
232426,1
225112,0
131526,1
49726,1
7418,2
163717,1
169254,1
124322,1
177511,1
84570,1
99677,3
149114,3
131,1
135475,1
21966,1
33242,3
50057,1
98304,0
41743,1
135918,1
103981,1
118415,0
222052,1
223419,4
108078,2
128632,2
113891,1
77283,1
212708,2
118770,2
111143,4
154308,1
119013,1
94595,3
16582,3
27695,2
170211,1
230486,3
138936,1
148179,1
122010,1
221328,0
113508,0
214591,1
214173,1
166508,0
143031,0
19074,2
115215,1
124749,1
109067,1
221785,1
175509,2
8572,3
125974,1
107062,1
191514,1
195135,1
54716,1
177948,4
171473,1
192154,1
101781,1
76321,1
51326,1
229916,1
20014,3
100448,1
94414,3
11876,2
103141,2
173415,1
17097,1
140663,1
157560,1
129163,1
155752,1
142516,1
160091,1
75584,3
31181,1
213462,1
143936,1
35807,1
140888,1
102785,1
143550,1
65684,1
127952,1
78304,1
66906,1
57412,1
131313,1
227356,1
68104,1
25748,1
210026,3
150166,1
159034,1
104441,3
50008,1
173756,1
71026,3
47677,1
176612,3
203513,1
17948,1
203496,1
197712,3
149100,3
158384,3
219993,1
76232,1
159087,1
194407,1
184585,3
56875,3
174363,1
35446,1
97411,1
60189,2
180409,1
183909,2
97131,1
39183,1
15751,2
107971,2
38755,1
79899,1
162673,3
103295,2
95714,1
164563,1
216756,1
120552,1
101590,1
147415,1
71006,3
203687,1
94511,3
145673,1
8601,3
178809,1
19631,1
133976,1
169685,1
191013,1
121897,1
30604,1
6951,1
17100,1
20249,3
228556,1
14149,1
16464,3
87843,1
27734,2
43272,1
20782,1
30750,1
48901,1
67189,1
39055,1
191175,1
76702,1
190742,1
212884,2
156567,1
208497,0
39167,1
224538,1
60759,1
32566,1
29673,1
133617,2
224312,1
80724,1
13425,1
187459,1
193336,1
205082,2
3995,1
46541,1
71694,1
147901,0
14121,1
103814,1
28430,1
109959,3
23747,1
122772,1
214321,1
171822,3
85814,1
146781,1
24925,1
163978,1
102210,1
221371,2
78615,1
6277,1
94145,1
53292,4
231043,1
56746,3
184547,3
179980,0
94586,3
122708,1
126487,1
231421,1
68814,1
204567,1
169705,1
172317,3
51572,3
200160,1
121208,1
59501,1
124459,1
173162,4
83112,1
11752,2
200325,1
218308,3
96172,4
91568,1
194307,1
7135,1
173333,1
199824,1
189003,3
80446,3
104512,3
12752,3
109570,3
114479,3
139849,3
130169,3
73968,2
164448,1
212023,1
50855,1
105208,1
5648,1
218976,1
191636,1
215949,1
152110,0
67947,1
140072,1
54377,1
77815,1
47929,1
177920,1
57637,1
69608,0
180178,1
204105,1
110898,1
232051,1
140933,1
88429,2
138758,1
181994,1
119337,1
65621,1
22484,1
202268,1
142210,1
95268,1
138010,2
21672,1
51311,1
227938,1
16411,3
109492,3
152317,2
147450,1
82141,1
81335,1
90629,1
227382,1
36216,1
212060,1
188111,0
166773,1
1839,1
221945,1
104845,3
183733,0
77851,1
43559,1
184086,1
120859,1
58448,1
156645,1
66889,1
170175,1
178903,1
57006,3
184423,1
210989,4
222047,1
181817,4
192271,0
91292,1
198180,1
134626,3
116718,1
116751,1
155363,1
116197,1
71325,1
55072,2
228015,1
27230,1
97883,0
66515,3
143486,1
173155,1
37258,1
189599,1
10702,1
172100,3
227505,1
121884,1
43283,1
202584,1
13105,1
101959,1
225361,2
168317,1
24483,3
216878,2
36748,0
180443,1
28138,2
231274,1
139241,1
175623,2
124253,1
143029,2
22870,1
70669,3
125132,3
200461,2
198345,1
11678,2
120872,1
52613,1
16750,3
196065,1
57351,1
196672,2
141954,1
212019,1
90764,1
232162,1
37158,1
180940,1
100180,1
147740,0
181801,4
37427,1
19657,1
8116,1
59127,1
92262,1
146077,1
195685,1
93113,2
51931,3
214937,1
92924,2
118666,0
218140,3
5456,1
31211,1
63709,1
58876,1
27403,1
63362,1
138997,1
61489,3
147095,1
185540,1
124551,1
209785,3
48945,1
184004,1
44434,1
66900,1
55009,2
107212,1
93275,0
42849,3
40163,1
46360,1
30283,1
108233,2
95710,1
22604,1
224109,1
174425,1
20105,3
168704,1
229542,2
56837,3
16535,3
213444,1
56203,1
93241,0
150860,1
95205,1
38099,3
227237,1
31037,1
159601,1
170734,2
148472,1
121698,4
199230,1
171316,1
110830,4
100629,1
94795,3
130472,1
45195,1
234177,1
43655,1
54692,1
85895,1
36119,1
172714,1
78229,1
91374,1
32444,1
20585,1
177468,1
187253,1
168512,1
119970,3
207512,1
48088,1
48282,1
231809,1
204141,1
229832,1
84041,1
132056,1
132249,1
995,3
156432,1
49264,1
194460,1
193089,1
170605,2
87471,1
133831,1
178462,1
140648,1
179375,1
179334,1
58506,1
161744,2
100006,1
227984,1
99415,3
1236,1
61181,3
129870,3
223021,1
79130,0
63866,1
222057,1
54398,1
97179,1
188332,1
231052,1
156709,0
69236,1
32385,1
177915,1
211186,1
213049,1
61211,3
226414,3
187765,2
52179,1
40574,1
171091,1
44381,1
155154,1
157556,1
728,3
192890,2
13736,1
93166,2
177036,1
219527,1
145548,1
13400,1
172684,1
45138,1
51700,3
39267,1
49822,1
68522,1
142135,1
128814,2
230005,1
79703,1
99871,3
217115,2
145451,1
140218,1
190149,1
62000,1
173223,1
92893,2
29647,1
72701,1
37079,1
205814,3
27414,1
201887,3
154482,1
230084,1
178214,1
196091,1
15887,1
183410,2
45512,1
52080,1
164891,1
25131,1
228865,1
193501,3
148611,1
127711,1
176585,3
131414,1
104396,3
94222,3
113783,1
114334,1
108405,2
110377,1
134306,1
3655,1
164339,1
18771,1
175843,1
106617,1
82992,1
232430,1
116645,1
210171,1
192542,0
205818,3
102024,1
141916,1
109068,1
231047,1
144251,3
200594,2
5475,1
148739,3
145372,1
115183,1
84424,1
215133,1
13657,1
176539,3
124763,1
54593,1
208382,1
85424,1
199052,1
70086,1
162163,1
101515,1
3339,2
30279,1
84553,1
63110,1
42462,3
72605,1
40412,1
173919,1
210499,1
55737,1
166351,2
90702,1
79435,1
108152,0
53520,1
40800,1
42033,1
83474,2
78574,1
55699,1
64050,1
189842,1
101652,1
103704,1
47681,1
188576,1
25220,1
173057,1
134557,3
180977,1
55585,0
111316,1
97824,1
16180,1
34484,4
163123,3
191870,1
127311,1
163601,1
29448,1
88486,2
71341,1
57466,1
63266,1
90025,3
232504,1
185617,1
110695,1
182234,1
82762,1
232145,1
40534,1
193497,3
163860,1
39215,1
175984,1
168373,1
204280,1
43746,1
122499,1
75912,1
67413,1
91439,1
45740,2
65414,1
35733,1
185685,1
221233,2
23080,0
25622,4
130334,3
63078,1
169494,1
207039,1
51978,3
172927,1
26240,1
145056,1
86535,1
45955,0
89520,3
30351,1
80921,1
172455,1
138382,0
49870,1
123216,1
106387,1
113364,2
170462,2
10561,1
117047,1
85474,1
187949,2
145592,1
98377,2
138644,1
85841,1
163139,3
222314,3
215220,4
155492,1
180067,1
153335,1
100670,1
80466,3
69815,0
146056,1
178331,1
198170,1
44689,1
147649,0
105553,1
99099,1
209091,1
180939,1
173036,1
150024,1
166565,1
190306,4
185417,1
13964,1
166000,0
110073,1
65467,1
207564,1
114430,1
108557,1
4009,1
227157,1
138390,2
11766,2
141466,1
147587,0
166585,1
52768,1
55679,1
137254,1
169887,1
15468,2
225296,2
97629,1
213360,1
110635,1
118656,2
112565,1
22915,1
230283,3
64101,1
101082,1
216844,2
117640,1
232903,1
120270,3
122940,1
115201,1
136313,1
24842,1
190326,1
43498,1
176636,3
216837,2
165548,1
39094,1
208966,2
167122,1
177708,1
52932,1
187054,1
100649,1
37525,1
155770,1
40328,1
151220,1
42968,3
74253,0
142715,1
42322,1
97934,2
125129,3
28627,1
178447,1
75379,3
87586,1
196651,2
218948,1
143758,1
101370,1
94267,3
52308,1
109267,1
20971,1
25973,1
80549,1
29541,1
219687,1
144678,3
200077,1
150935,1
143040,0
199820,1
185365,1
117495,1
46740,1
184395,1
144942,1
152839,1
124389,1
60391,0
211273,1
84363,1
131651,1
34406,1
45181,1
34363,1
14663,1
216020,1
35567,1
82281,1
11373,2
130366,1
54731,1
9411,1
226278,3
201718,3
216783,1
153820,3
119430,1
88815,1
50644,2
189482,3
225949,1
65453,1
47661,1
199233,1
36477,2
72996,1
8145,1
233558,2
141775,1
193404,1
215526,1
44841,1
234154,1
167776,3
180603,3
131586,1
17932,1
167632,3
20785,1
26419,1
90668,1
45132,1
83742,2
64827,2
89473,1
199760,1
105700,4
105759,1
111846,1
176991,1
163239,1
101427,1
225069,2
49919,1
208192,1
223583,1
125875,1
89876,3
126381,1
69528,2
184310,1
213752,3
29399,1
145072,1
218498,3
83835,0
195054,1
143395,2
226033,1
29404,1
192247,1
125257,3
163950,4
29530,1
200886,2
156099,1
21838,1
46301,2
223373,1
45847,0
66256,3
118950,1
43862,1
183283,0
71957,4
66891,1
224395,1
39875,1
14620,1
229129,2
103082,2
183652,2
92015,1
163975,1
131444,4
201816,3
212126,1
16035,1
123907,0
167288,3
36080,1
217042,0
193360,1
1097,1
13858,1
65481,1
27220,1
211178,1
194006,1
176471,3
216802,2
72036,1
10451,1
90048,3
209188,1
120947,1
69908,2
126284,4
163509,1
47131,3
9359,1
153066,1
222103,1
110860,1
230176,1
85566,1
123853,0
47370,3
8316,1
84432,1
99870,3
30985,1
99396,3
83362,2
146940,1
204847,2
201891,3
229539,2
150982,1
134962,3
18705,1
56802,3
225762,1
96129,1
187431,1
52039,1
93834,1
46048,2
219490,1
118640,2
22430,1
43033,1
79737,1
114057,1
43669,1
133050,1
32351,1
103650,1
49660,1
215832,1
121009,1
222684,1
106986,1
134673,3
9290,1
31598,0
143364,2
183172,1
87295,1
26323,1
154864,1
145204,1
37861,3
134339,1
159917,1
100478,1
107444,1
117362,1
120603,1
217823,1
5554,1
15308,2
202609,1
169280,1
232418,1
163627,1
65904,1
15967,1
194129,1
51262,1
184173,1
204210,1
27437,1
29840,1
96779,1
29611,1
85741,1
216669,1
98487,2
210907,1
140720,1
169041,1
227611,1
147874,0
130799,1
56652,3
111650,1
117115,1
187945,2
90317,1
23432,0
27182,1
86785,1
134331,1
203521,1
222992,1
137731,1
215794,1
43481,1
197351,3
198310,1
183532,2
223328,4
17777,4
223756,1
55790,1
124343,1
49798,1
115097,3
34710,1
179606,2
100761,1
37221,1
155768,1
62660,1
13506,1
130976,1
197223,1
86470,1
229094,2
203686,1
204110,1
76656,1
217020,0
182339,1
131614,4
233593,2
104811,3
107960,0
47073,3
115068,3
55512,2
197527,3
35009,1
172335,3
77786,1
6150,1
19300,1
130429,1
211739,1
157726,1
216902,2
8934,3
142937,2
1070,1
226920,1
134215,1
213576,3
214174,1
24090,1
90985,1
196393,2
219190,1
152207,2
12188,1
230046,1
155078,1
24247,1
138491,2
42068,1
215021,1
225026,2
191674,1
121985,1
59678,1
123435,0
175159,2
175771,1
130447,1
180948,1
49738,1
200137,1
90208,1
224533,1
167648,3
116071,1
38500,1
70871,3
21941,1
123375,1
87775,1
16350,3
80157,3
224950,1
74358,2
85743,1
128539,0
81247,1
152735,0
67520,1
107076,1
88962,1
131681,4
224743,1
104580,3
62818,4
76344,1
179218,1
90773,1
169379,1
216281,1
185972,1
214890,1
87890,1
233840,1
185654,1
100058,1
101953,1
94760,3
154595,1
83168,1
133888,1
136654,1
7200,1
200843,2
185164,1
23949,1
227682,1
44802,1
50286,2
74455,0
151792,1
29694,1
109028,1
135599,1
184311,1
92183,1
186743,1
88290,2
221808,1
225146,0
67200,1
114482,3
123102,1
115635,1
75607,3
226949,1
185835,4
39503,1
214500,1
186962,1
212373,1
133779,2
20031,3
220002,1
108628,1
75125,1
14454,1
93059,0
48695,1
10245,1
102648,1
231149,1
33220,3
122005,1
160488,1
190133,1
23984,1
174935,1
223258,1
197691,3
46192,0
28288,1
94471,3
143697,1
106650,1
26748,1
11796,2
24910,1
174684,1
23154,2
162222,1
215626,1
7496,2
206049,3
185815,4
47639,1
97113,1
141599,1
215557,1
61421,3
79386,1
82891,1
121810,1
12820,3
56666,3
83679,0
79749,1
74318,2
41819,1
199549,1
151131,1
31243,1
18045,1
40857,1
120955,1
98059,0
24275,3
48013,1
96207,1
23001,1
206995,4
49662,1
6259,1
157631,1
69862,2
45347,1
107612,1
135884,4
109983,3
49916,1
78885,0
13799,1
110113,1
217028,0
194975,1
110445,1
192556,2
109023,1
22051,1
206530,1
194832,1
39893,1
180527,3
149934,1
179456,2
207521,1
138766,1
49247,1
2190,1
247,1
84058,1
15330,2
195875,1
156984,2
148337,1
130872,1
104509,3
73023,1
37699,3
121089,1
30689,1
62804,1
175074,0
89410,1
36601,2
130211,3
80863,1
191787,1
24086,1
175848,1
59993,2
97136,1
66913,1
60368,2
143663,1
112808,1
86320,4
139577,3
216007,1
11475,2
123095,1
6166,1
107695,1
164866,1
86092,1
192251,1
89090,1
127830,1
173080,4
131431,1
1498,1
170485,2
58454,1
67079,1
219647,1
152238,2
109793,3
51235,1
233304,2
44622,1
105463,1
202546,1
221773,1
226388,3
221140,2
203066,4
42614,3
91179,4
213000,1
104131,1
41670,2
151660,1
229215,2
31841,2
198113,1
229833,1
162251,1
92479,1
14185,1
233925,1
10196,1
40692,1
37661,3
40912,1
78266,1
19954,3
176314,3
27596,0
223220,4
174404,1
150544,4
48360,4
145145,1
50869,1
95523,1
85384,3
71752,1
107845,1
165792,1
174127,1
125047,3
117014,1
46758,1
174609,1
75962,1
59753,1
136366,1
171239,1
126631,1
91558,1
98267,2
21528,1
10084,1
190137,1
105558,1
125090,3
128390,1
191052,1
62300,1
199798,1
15124,1
34088,1
6115,1
38995,1
79430,1
191059,1
173327,1
151399,1
78475,1
8086,1
22940,1
179805,2
197468,3
101278,4
20153,3
120,1
52621,1
12257,1
118391,2
15672,2
65128,0
123920,2
71465,1
35638,1
75650,3
22306,1
212573,2
204063,1
132286,1
33406,3
62076,1
207308,1
51525,3
114041,1
38858,1
186037,1
165856,0
173835,1
54606,1
74646,1
91622,1
96729,1
217406,1
190650,4
210354,1
193180,1
158141,3
182814,1
75159,1
82030,1
177158,1
156072,1
85606,1
11937,1
48749,4
98617,1
41286,2
107077,1
68948,1
73905,1
74401,2
226752,3
27451,1
168984,4
158666,1
22102,1
24603,3
119909,3
7377,2
232043,1
5518,1
230332,3
289,1
151542,1
184927,3
159316,1
68512,1
116270,1
56573,3
128210,1
117584,1
98331,0
36158,1
40948,1
133658,0
193308,1
165062,1
25969,1
105090,1
154052,3
51920,3
205461,1
110568,1
62841,1
57920,1
183612,0
136674,1
32043,0
217913,1
16171,1
146909,1
227756,1
67257,1
216630,1
203821,1
143895,1
93137,0
98181,2
6131,1
35753,1
219656,1
44723,1
66525,3
231899,4
104639,3
90581,1
26785,1
26869,1
140476,1
179822,2
162535,3
32124,2
54463,1
194883,1
31189,1
185209,1
105542,1
78061,1
9096,1
1743,4
84999,3
38946,1
132604,1
199860,1
67514,1
189524,3
152686,2
50828,1
66518,3
95217,1
84198,1
136089,1
107248,1
59876,2
70925,3
67195,1
147202,1
149763,1
140798,1
55794,1
162542,3
106015,1
145448,1
111626,1
24444,3
177122,1
54158,1
177606,1
231511,1
173037,1
4855,1
227207,1
217425,1
195880,1
73408,1
214592,1
221695,1
211991,1
93567,1
56723,3
187947,2
77607,1
188840,3
146849,1
102847,2
113778,1
163681,1
126490,1
198980,1
74846,1
76219,1
198372,1
196822,1
217410,1
40990,1
103125,2
84221,1
141753,1
223573,1
203285,1
162795,3
92934,0
125265,3
5395,1
126483,4
159227,1
102301,1
92847,2
120682,1
226762,1
166796,1
74453,2
14897,1
145306,1
71485,1
59264,1
173197,1
141726,1
135296,1
221381,2
178675,1
162947,3
126839,1
125936,1
223164,1
47050,3
172280,3
211492,1
212437,1
156760,2
65308,1
65870,1
65177,0
32213,1
177942,1
63927,1
202401,1
30055,4
40000,1
155166,1
212174,1
57313,1
174545,1
199960,1
218340,3
180798,1
37735,3
45960,2
187040,1
75872,3
206175,3
4592,3
70874,3
154028,3
170330,1
152312,0
30507,1
155095,4
75487,3
21312,1
192215,1
29232,3
60074,2
102250,1
107901,2
94840,3
161847,1
79553,1
93577,1
150358,4
44032,4
97432,1
76783,1
210781,1
168494,1
118263,0
137000,1
167260,3
34743,1
130554,1
207815,1
93681,1
91609,1
171616,1
170736,2
85130,3
166040,0
220194,1
83934,2
70292,1
40037,1
153376,1
174515,1
123496,0
105243,1
230490,3
64548,0
174208,1
173461,1
207412,1
67317,1
104494,3
229605,2
9355,1
135644,1
196615,2
229193,0
157593,1
21078,1
41190,2
129171,1
79650,1
122146,1
220805,1
142682,1
109881,3
16931,1
139378,3
152984,1
153384,1
70399,1
107168,1
167241,3
168780,1
96208,1
74179,2
150532,1
214262,1
35601,1
91327,1
115456,1
146961,1
183070,1
35405,1
100889,1
29990,1
185455,1
106516,1
92398,1
14425,1
204111,1
65291,1
65232,2
230900,1
128456,0
536,1
175253,0
148536,1
66759,1
101809,1
123436,0
214733,1
48963,1
49269,1
192315,0
184483,1
148147,1
174536,1
12575,3
144753,3
152855,1
184679,3
13273,1
79595,1
216609,1
11648,2
129983,3
79360,1
158511,3
214025,3
192657,0
35539,1
195092,1
108973,1
86218,1
172406,1
189911,1
190236,1
33140,3
229828,1
195209,1
43529,1
153541,3
123653,2
122897,1
93098,2
225730,1
108109,2
16682,3
141382,1
212826,0
74753,1
232957,1
213159,1
36518,2
27655,0
88379,2
6987,1
203276,1
58864,1
38221,3
48294,4
223156,1
128902,0
86629,1
38032,3
34111,1
221626,2
193980,1
112076,1
20789,1
221407,0
42433,3
29218,3
83639,2
30634,1
84025,1
101042,1
191933,1
124761,1
91445,1
123176,1
104997,1
114077,1
65622,1
120368,3
76362,1
180756,1
715,3
206482,1
17280,1
218582,3
8498,3
37496,1
68862,1
56923,3
77454,1
57763,1
167413,3
123442,2
124377,1
78905,0
173725,1
203375,4
133551,2
197972,1
31182,1
165164,1
204408,1
57034,3
43075,1
104614,3
14296,1
96176,1
151321,1
41741,1
143651,1
196853,1
41356,2
61520,3
89511,3
23348,2
169010,4
208403,1
54166,1
28060,2
94997,1
218969,1
140322,1
48098,1
10038,1
179626,2
7014,1
176758,3
25814,4
94158,1
194248,1
86344,1
197203,1
68850,1
172064,3
170976,2
121879,1
135880,1
87217,1
198146,1
24809,3
37286,1
105672,1
58904,1
19028,0
38449,1
121179,1
126149,1
93632,1
143453,2
172809,1
196728,1
189914,1
22556,1
98892,1
128604,2
51721,3
70819,3
218944,1
32051,2
95397,1
16706,3
136913,1
221675,1
82539,1
228508,1
142814,0
229022,1
24476,3
209734,3
179735,2
203936,1
70163,1
177907,1
72736,1
68570,1
31500,1
58722,1
54441,1
25749,4
205550,1
115267,1
156671,0
151794,1
56935,3
223169,1
20899,1
112010,1
1996,1
10508,1
29769,1
60355,0
105780,1
108971,1
13271,1
121440,4
111404,1
43217,1
226976,1
47014,3
111216,1
64701,0
79988,3
204971,0
135915,1
175302,2
110015,3
23014,1
46111,0
56673,3
169200,1
222162,1
5510,1
78982,2
10880,1
159270,1
71612,1
37894,3
77304,1
30504,1
178900,1
91695,1
84385,1
87763,1
78650,1
45776,0
15747,2
108806,1
117332,1
217638,1
133970,1
140018,1
2371,1
95197,1
89505,3
135184,3
132953,1
141643,1
80994,1
74257,0
145814,4
91824,1
146300,1
206527,1
216695,1
167376,3
187312,1
87758,1
229905,1
227859,1
48946,1
5384,1
106064,1
173034,1
100298,1
47563,3
755,3
23238,2
117021,1
185720,1
200405,2
201423,1
162776,3
210361,1
181205,1
24344,3
103413,2
132630,1
221019,1
182205,1
124256,1
170147,1
151912,1
172610,1
20658,1
120320,3
233532,0
88213,0
150312,4
204416,1
149976,1
170703,0
204798,0
109335,3
79742,1
49373,1
56731,3
212387,1
228899,1
199914,1
214095,3
46440,1
158720,1
41530,2
61765,1
223791,1
83705,2
34765,1
109109,1
158866,1
37242,1
91936,1
153010,1
207065,1
179732,0
21895,1
218663,3
94953,1
99620,3
121085,1
83426,2
185280,1
8186,1
2902,1
219403,1
119774,3
215123,1
97590,1
34864,4
228904,1
167035,1
176534,3
62305,1
131964,1
177628,1
168937,1
123986,2
157731,1
174966,1
92217,1
122266,1
128851,0
43121,1
142173,1
144249,3
59048,1
195310,1
203425,4
197258,1
53838,1
36375,0
138673,1
12084,1
4227,1
44175,1
194669,1
227369,1
154485,1
79964,3
68617,1
30735,1
138412,2
104102,1
11760,2
167990,1
63597,1
42451,3
144754,3
38506,1
124829,1
232954,1
204957,2
21209,1
208899,2
133327,2
29545,1
90371,1
136110,1
134521,3
231203,1
128830,2
3860,1
215161,1
933,3
61694,3
230904,1
28253,1
118108,2
184946,3
40265,1
14022,1
161370,2
156046,1
33461,3
180771,1
29342,1
55013,2
138262,0
34445,1
207226,1
28912,3
73844,1
192311,0
171969,3
70201,1
164871,1
196806,1
168853,1
153480,3
38532,1
163480,1
4432,3
89258,1
80676,1
171352,1
6947,1
200689,0
18187,1
191702,1
73962,0
148028,2
96408,1
120014,3
50380,0
69029,1
139886,3
26305,1
186106,1
127649,1
74143,2
34576,1
189357,3
170956,0
84190,1
18500,1
229295,2
211780,1
140520,1
225481,2
105831,1
129696,3
213964,3
57863,4
59212,1
67798,4
199226,1
234174,1
180003,2
208827,2
37900,3
106620,1
144184,3
124187,1
198739,1
65364,1
1104,1
115044,3
197826,3
160106,1
137452,1
53732,1
132567,1
20695,1
56277,1
110743,1
144432,3
164489,1
25765,1
35763,1
7286,1
190180,4
43861,1
217277,2
2156,1
20920,1
214003,3
4789,3
32189,2
74302,0
11034,1
140586,1
35043,1
44570,1
165734,1
201234,1
107322,1
115241,1
11312,1
112415,1
216708,1
57501,1
77036,1
173284,1
53166,1
77647,1
159151,1
201082,1
111775,1
212941,2
56482,3
139170,1
75119,1
53346,4
60645,1
123396,2
195949,1
108837,1
181830,1
128388,1
100475,1
95538,1
77592,1
6813,1
114028,1
64023,1
118377,2
25879,1
287,1
37870,3
200984,2
96624,1
26107,1
67555,1
386,1
35289,1
97053,1
53709,1
91816,1
114271,1
70371,1
227639,4
48228,1
104666,3
162655,3
209157,1
14101,1
181138,1
89578,3
148069,0
25999,1
198491,1
11872,2
11069,1
72821,1
184089,1
120238,3
61470,3
106034,4
229395,2
15267,1
133300,2
57330,1
11940,1
9570,1
68417,1
23998,1
172238,3
223619,1
218552,3
8351,1
32542,1
100880,1
217771,1
119465,1
181633,4
222596,3
74315,2
152132,2
99526,3
23741,1
74433,2
130989,1
39890,1
43148,1
109578,3
183516,0
62215,1
210305,1
156489,1
189822,1
59573,1
157192,2
137251,1
231783,1
221352,2
110977,1
200623,0
102153,1
147948,2
182649,1
136323,1
184550,3
58396,1
130842,1
14127,1
66005,3
357,1
203743,1
80866,1
36223,1
41337,2
75152,1
69840,0
56248,1
199158,1
69768,2
5828,1
152278,0
144461,3
137669,1
50250,2
172994,1
229316,2
123408,2
71315,1
211857,1
207618,1
75821,3
130619,1
54790,1
90034,3
209050,1
80802,1
66314,3
228516,1
126052,1
117255,1
175254,2
224284,1
223557,1
206820,1
97976,0
104812,3
80010,3
205268,1
147892,2
224480,1
105646,1
70344,1
4118,1
129312,1
47076,3
81779,1
15655,2
19210,2
85162,3
24011,1
31318,1
80196,3
115823,1
51160,1
213343,1
115564,1
91456,1
14053,1
138738,1
171251,1
163369,1
199451,1
232529,1
43516,1
134000,1
27818,0
31892,2
124514,1
95091,1
180720,1
69082,1
148775,3
232811,1
124380,1
188217,2
99044,1
167287,3
104863,3
79706,1
157352,1
19770,1
158358,3
43730,1
201957,3
206670,1
128136,1
64066,1
26704,1
92534,1
104664,3
137616,1
165433,1
69690,0
210403,1
198936,1
181748,1
81135,1
122204,1
198808,1
96749,1
55405,0
59367,1
156575,1
142355,1
208804,0
163153,3
93571,1
177103,1
6902,1
123707,0
157904,3
61311,3
119982,3
221888,1
1049,1
103459,0
200070,1
54476,1
144995,1
23758,1
54682,1
211660,1
11416,2
89022,1
234334,1
91732,1
172404,1
172506,1
201789,3
1894,1
180402,1
153194,1
166306,2
177832,1
157458,1
217210,0
25481,1
86034,1
11355,2
222247,3
86903,1
12837,3
8620,3
55584,0
191806,1
103641,1
215620,1
62048,1
187024,1
126013,1
129523,1
51749,3
19778,1
151532,1
185075,1
17262,1
95974,1
56411,1
228040,1
75847,3
108428,0
200505,2
229822,1
204046,1
114196,1
224628,1
181274,1
118506,2
9548,1
69441,2
28886,3
1098,1
80803,1
148553,1
174900,1
226293,3
171117,1
191574,1
67217,1
35917,1
229615,2
25012,1
226174,1
97214,1
152547,0
224243,1
128993,2
151516,1
102637,1
188726,1
170814,2
118271,0
26611,1
17300,1
202160,1
107456,1
182385,1
145387,1
224649,1
66408,3
168089,1
120133,3
210686,1
151808,1
177593,1
229684,1
111372,1
205022,2
144692,3
187237,1
228998,1
166414,2
147822,2
122646,1
163979,1
39717,1
64848,0
96919,1
1706,1
132142,1
139596,3
33216,3
71733,1
98029,2
104547,3
161133,2
216337,1
141812,1
5790,1
60453,2
44693,1
233451,2
79042,2
1993,1
41406,2
91324,1
147152,1
146721,1
213987,3
232852,1
92971,2
5117,1
24489,3
120601,1
123965,2
197813,3
116363,1
135982,4
79453,1
89630,3
198353,1
28032,2
136966,1
71147,3
212185,1
100515,1
117761,1
86286,1
198766,1
160774,1
179314,1
123959,2
112581,1
77245,1
197013,1
217291,2
78961,2
205579,1
125871,1
173498,1
85530,1
169132,1
13556,1
143209,2
177989,1
185349,1
156363,1
94911,1
151452,1
129761,3
148757,3
199277,1
196820,1
196119,1
56851,3
62732,1
19625,1
3244,2
115094,3
168747,1
136830,1
232298,1
114374,1
45355,1
68145,1
44929,1
54330,1
147485,0
10417,1
219499,1
211656,1
56952,3
42216,1
71480,1
35157,1
214420,1
109511,3
111936,1
101217,1
9620,1
176250,3
194947,1
18679,1
76675,1
91605,1
233926,1
104597,3
117351,1
33041,3
151899,1
231093,1
187062,1
195800,1
46783,1
129738,3
223558,4
230822,1
214775,1
195159,1
97487,1
38716,1
166039,2
38213,3
108917,1
122537,1
176548,3
48787,1
157514,1
2503,1
77859,1
149565,1
216021,1
90512,1
175749,1
164624,1
33619,1
160485,1
179841,2
72572,1
99063,1
180195,1
104924,1
232325,1
17879,1
223683,1
117100,1
85167,3
118634,2
27930,2
156011,1
140231,1
55879,1
35852,1
165518,1
86884,1
96908,1
199916,1
164818,1
193062,1
101919,1
3427,2
210713,1
173347,1
15530,2
73264,1
170568,2
40378,1
113800,1
77989,1
131946,1
65498,1
18123,1
12970,3
191840,1
196534,2
202727,1
16819,1
13059,1
27043,1
9725,1
115343,1
89617,3
195465,1
121215,1
73400,1
57404,1
186712,1
62737,1
121447,4
171196,1
117564,1
198470,1
215006,4
29942,1
206918,1
130331,3
171975,3
188688,1
119693,3
224516,1
84192,1
122878,1
146138,1
123647,2
100712,1
45982,2
128196,1
80003,3
183826,2
57495,1
73820,1
143957,1
152313,0
137073,1
151267,1
127709,1
163888,4
137674,1
132085,1
81914,1
133647,2
22235,1
52667,1
233687,2
110693,1
111428,1
97683,1
69730,2
8418,1
214900,1
74020,0
140451,1
137354,1
221601,2
50811,1
196147,1
95441,1
35825,1
96149,1
226818,1
148174,1
93576,1
142655,1
183421,2
99909,3
143524,1
71144,3
21810,1
64927,2
221314,0
31310,1
227283,1
27836,2
30199,1
110716,1
213349,1
94341,3
161318,2
118700,2
107797,1
34660,1
36875,2
219632,4
103367,2
151599,1
60126,2
163403,1
125522,1
134972,3
97693,1
70367,1
126391,1
220909,1
57979,1
33890,1
104274,3
133668,0
203790,1
148614,1
59426,1
183100,1
126805,1
107084,1
138238,2
228861,1
87894,1
42860,3
179876,0
21419,1
86676,1
40430,1
96113,4
165710,1
107176,1
206479,1
51176,1
9890,1
1022,1
143932,1
16394,3
12728,3
118946,1
142822,0
175024,1
228922,1
122040,1
165796,1
23350,2
63235,1
3678,1
45085,1
12384,1
171573,1
189956,1
36250,1
104815,3
198788,4
20091,3
147145,1
128053,1
174047,1
126086,1
117840,1
162882,3
29177,3
26563,1
47129,3
106552,1
9378,1
104301,3
195728,1
191483,1
163062,3
197634,3
180345,1
28083,2
216712,1
226150,1
187089,1
156296,1
13368,1
57200,1
198408,1
67225,1
55722,1
224988,1
187216,1
228928,1
141538,1
191540,1
12066,1
36516,2
1268,1
1278,1
8447,1
212441,1
153303,1
67488,4
212725,2
3404,2
46300,2
188832,1
181456,1
199579,1
33410,3
105892,1
56259,1
57448,1
6774,1
201709,3
209557,3
159026,1
21128,1
145615,4
151879,1
31894,0
155515,1
5599,4
233410,2
155533,1
24861,1
10096,1
195519,1
181757,1
66328,3
159916,1
205405,1
10319,1
232937,1
91332,1
25836,1
127307,1
182536,1
172475,1
214581,1
120452,1
70541,1
2825,1
103342,0
73687,1
107136,1
226238,3
69008,1
100771,1
192851,2
168829,1
106150,1
22354,1
2874,1
127225,1
160307,1
7565,2
137448,1
111727,1
28487,1
28679,1
148857,3
205137,2
198735,1
63314,1
27683,2
99027,1
222259,3
197759,3
167716,3
1142,1
230544,3
152333,2
87943,1
32697,1
112015,1
143165,2
182336,1
84305,1
218753,1
221774,1
129222,1
41127,2
170512,2
29892,1
89574,3
172339,3
102331,1
129698,3
218759,1
20157,3
34535,1
224644,1
36832,2
73149,1
73482,1
124370,1
85109,3
185839,1
63222,1
148280,1
178202,1
190958,1
209948,3
172525,1
77971,1
170728,2
156869,2
48672,4
180963,1
215389,1
97832,1
170329,1
153749,3
114096,1
20498,1
168559,1
27368,1
183689,2
27983,2
197501,3
217646,1
32518,1
140136,1
55090,0
115027,3
120999,1
186802,1
215054,1
178548,1
170094,1
122153,1
158766,1
108914,1
111239,1
133795,2
1835,4
132048,1
30231,4
40036,1
39202,4
144021,1
121672,1
22216,1
11721,2
137925,0
168728,1
59226,1
21061,1
221130,0
217705,1
185856,1
232968,1
182938,1
104062,1
138774,1
95071,1
187209,1
39597,1
224144,1
224392,1
32120,0
169105,1
218785,1
122310,1
19751,1
135767,1
169646,1
145371,1
22230,1
148727,1
143622,1
222667,1
30881,1
214821,1
201212,1
117659,1
162425,1
139667,3
47317,3
8216,1
171801,3
41313,2
67365,4
16941,1
147964,0
179144,1
124541,1
129291,1
188055,0
47308,3
152567,2
114381,1
198384,1
224554,1
125180,3
107660,1
76768,1
180089,1
112434,1
199707,1
214240,1
156842,2
221842,1
185346,1
69410,2
55048,2
160329,1
42766,3
88720,2
101448,1
76571,1
172304,3
85666,1
118087,2
85928,1
79084,0
54378,1
141265,1
97475,1
38608,1
111736,1
101388,1
32680,1
14294,1
62304,1
58408,1
149545,1
160442,1
90043,3
183352,0
108215,2
194942,1
200526,2
226110,1
120241,3
75547,3
125350,3
193160,1
31463,1
172815,1
182158,1
144111,3
150238,4
146809,1
182274,1
135480,1
187548,1
74993,1
229068,1
56094,1
211083,4
187242,1
197270,1
195763,1
23177,2
161214,2
216277,1
94499,3
12151,1
24962,1
194910,1
21823,1
23776,1
208965,2
122485,1
216514,1
87374,1
1654,1
11518,2
66015,3
97350,1
221904,1
133594,0
150277,4
58324,1
53339,1
55368,0
207942,1
42448,3
115320,1
10167,1
125479,3
199062,1
185386,1
204647,1
172141,3
118000,1
230241,3
74373,2
193709,1
92065,1
187836,0
159212,1
120686,1
138263,2
100400,1
12485,1
194365,1
40847,1
45568,1
12956,3
165842,2
4946,1
126372,1
27013,1
106579,1
35930,1
135060,3
66597,1
36456,2
38719,1
140008,1
215424,1
214091,3
33653,1
215986,1
72591,1
74554,2
192902,2
44982,1
34192,4
83710,2
139049,1
111210,1
15569,0
206234,3
24627,3
224367,1
191016,1
196699,0
174513,1
232661,1
55362,2
62855,1
57977,1
124222,1
106181,1
64116,1
202937,4
225191,2
152511,0
26605,1
99630,3
216739,1
87537,1
27814,0
96518,1
67810,1
141094,1
176244,3
203005,1
218326,3
141777,1
179006,1
124174,1
78197,1
54427,1
108322,2
186420,1
58609,1
194051,1
67364,1
25535,1
155247,1
4173,1
198161,1
183606,2
148404,1
109351,3
101092,1
188194,2
172745,1
218299,3
42458,3
139457,3
38832,1
226073,1
1523,1
98062,2
175208,2
32836,1
169242,1
24777,3
196729,1
148338,1
34678,1
129907,3
139674,3
5816,1
116798,1
216394,1
224695,1
67025,1
121914,1
223608,1
73412,1
155106,4
118956,1
114326,1
30938,1
70421,1
227709,4
93033,2
18923,2
217051,0
132745,1
28958,3
101519,1
30668,1
193278,1
172928,1
19747,1
167412,3
5873,1
188174,2
202260,1
46750,1
97592,1
135990,4
179301,1
162469,3
217053,2
118491,2
69395,2
28511,1
226840,1
158588,1
4203,1
30849,1
65363,1
53745,1
40786,1
3261,2
218672,3
33676,1
101499,1
117190,1
116855,1
227442,1
74989,1
181942,1
233577,2
72628,1
65650,1
45973,2
10481,1
204685,2
168495,1
140283,1
85944,1
41957,1
174773,1
35876,1
208752,2
194523,1
15832,1
28731,1
7468,0
56400,1
221823,1
219268,1
1242,1
61431,3
88941,1
174795,1
172414,1
22111,1
207450,1
87460,1
96018,4
154873,4
78549,1
180704,3
5176,1
73950,2
109907,3
121451,4
27148,1
209134,1
52297,1
208514,2
197947,1
175234,0
21284,4
208725,2
35472,1
232299,1
226915,1
101850,1
69944,2
10513,1
124806,1
38533,1
42300,1
219120,1
232075,1
59919,2
211980,1
120572,1
145575,1
68103,1
148613,1
223073,1
47461,3
74242,2
225490,2
189214,3
107696,1
194258,1
72562,4
86835,1
128011,1
129896,3
33071,3
8758,3
55357,0
53896,1
228298,1
214453,1
143898,1
25224,1
75077,1
179955,2
219783,1
170205,1
170978,0
154386,1
57096,3
65844,1
27831,2
157390,1
155927,1
25420,1
73913,1
129717,3
70750,3
32837,1
127094,1
209823,3
2321,1
193466,3
85151,3
5060,1
66626,1
102767,1
198969,1
121912,1
127610,1
77635,1
223323,1
62511,4
189098,3
110867,1
126967,1
133871,1
37703,3
219595,1
103301,2
114901,3
157148,0
113954,1
64592,0
19372,1
15210,1
183286,0
109379,3
112938,1
234274,1
224461,1
35475,1
5339,1
69022,1
138374,0
143418,0
81227,1
104684,3
136069,4
231759,1
216640,1
70251,1
39949,1
185817,1
137614,1
41025,1
24215,1
158706,1
33845,1
154702,1
77248,1
44079,1
115686,1
42026,1
9745,1
184281,1
97378,1
177398,1
19776,1
147249,1
152191,2
22177,1
136794,1
32840,1
146915,1
72290,1
101197,1
155346,4
168501,1
115407,1
177649,1
4572,3
200625,2
108486,0
41401,2
128091,1
135660,1
189398,3
71659,1
169013,1
47396,3
164896,1
106751,1
29880,1
211407,1
104702,3
22576,1
18562,1
63765,1
172604,1
105252,1
184806,3
167915,1
61166,3
182406,1
61725,3
227012,1
179007,1
62275,1
107143,1
163896,1
115962,4
212824,2
85793,1
225314,2
79394,1
27641,0
80249,3
20531,1
224803,1
84753,3
142233,1
147642,2
160156,1
70629,1
55931,1
89254,1
38936,1
104513,3
116102,4
163117,3
116503,1
35680,1
219746,1
117374,1
210980,1
37779,3
167980,1
108201,2
163229,1
169224,1
180749,1
21095,1
24865,1
5320,1
78314,1
39117,1
75252,3
190703,4
97917,2
95206,1
95862,4
155634,1
233366,2
183651,2
118315,0
130502,1
29585,1
155076,1
101753,1
68784,1
214993,1
65924,1
200474,2
13659,1
192510,2
54810,1
8128,1
199947,1
232576,1
95716,1
64794,0
50276,2
230254,3
102322,1
81419,1
7220,1
141246,4
71216,3
186252,1
131025,1
21220,1
129708,3
132472,1
148720,1
134635,3
179248,1
18556,1
132442,1
200358,1
110385,1
153343,1
156618,1
103009,2
26836,1
57521,1
32757,1
8731,3
133269,2
118476,0
107535,1
130203,3
182946,1
64937,2
165241,1
110502,1
155795,1
182865,1
184403,1
186728,1
1725,1
188617,1
46846,1
195142,1
32749,1
149219,3
159937,1
56138,1
67567,1
210462,1
90804,1
197247,1
188594,1
101992,1
195040,1
179944,2
73203,1
22785,1
164109,4
147588,2
195143,1
37658,3
102450,1
220369,1
156977,2
132296,1
53178,1
77385,1
111488,1
160886,1
30449,1
108497,2
44406,1
186482,1
110049,1
17892,1
86825,1
212233,1
76364,1
96293,1
226761,1
85932,1
174555,1
216221,1
160093,1
174233,1
36162,1
128106,1
10266,1
116674,1
109392,3
85294,3
45620,1
178112,1
182445,1
158898,1
209340,1
104466,3
227525,1
15920,1
83099,1
164200,4
177694,1
38729,1
148062,2
64872,2
193998,1
201186,1
14959,1
208125,1
129998,3
21597,1
53266,1
105591,1
103940,1
127854,1
192865,2
94331,3
150930,1
183211,1
217248,2
42792,3
86921,1
117291,1
105579,1
196854,1
30032,1
120312,3
184272,1
168194,1
178430,1
172480,1
228713,1
123421,0
22077,1
47230,3
163485,1
20148,3
201284,1
101513,1
102888,0
153455,3
181444,4
20923,1
301002,1
283821,3
286124,1
375856,1
257325,1
335403,2
277258,3
237419,1
296277,2
367470,1
377215,1
287951,1
253818,1
302406,2
285588,1
321098,1
282431,1
302421,1
274824,2
289407,1
280794,2
311716,0
281437,4
323311,1
347159,1
304799,1
349623,1
319884,1
367197,1
338959,1
318554,1
371228,1
317281,0
285503,3
370953,2
283846,3
236091,1
329710,3
273350,3
292381,1
251865,1
343932,1
249016,3
243400,1
350805,2
282760,3
332673,1
305778,1
249769,3
363083,0
323389,4
326176,2
281059,3
315065,1
370748,1
356013,1
247463,3
327115,3
334521,3
354728,1
308271,1
260979,1
259316,2
343970,1
320346,3
325342,1
286152,1
245126,1
235833,0
312700,2
236584,1
320294,2
369667,2
250096,1
254255,1
311590,2
296824,1
342131,0
298096,1
378762,1
280908,1
251071,1
296255,1
243747,1
253042,3
263715,0
337562,4
261132,2
300447,1
320234,3
328667,1
276940,1
301817,2
378276,1
347228,1
280742,1
372163,1
314387,3
235055,1
368825,1
310463,1
262129,2
321944,3
237046,1
267831,4
324714,1
347877,3
338307,3
239350,2
262052,0
277197,1
289883,2
313819,1
276777,4
343370,1
315980,2
266208,4
345905,1
359551,1
320146,1
332259,1
286996,1
340757,1
334702,1
272227,1
380219,1
273860,1
252691,1
274806,1
250053,3
356037,1
268572,1
262829,3
244724,1
303622,1
290358,1
382222,2
345091,2
244857,1
338386,1
304898,3
298556,1
344478,1
263995,3
239089,1
331270,1
326512,1
380005,1
369076,3
255865,1
247701,1
248214,3
240085,1
333914,4
316858,1
310820,3
308445,1
323546,1
375239,1
302619,1
357946,1
343453,0
249399,1
283307,2
378922,1
274966,1
312633,0
288947,2
374311,1
297963,3
279732,4
372605,1
269458,1
266183,1
357798,0
363888,3
322304,1
315130,1
249361,3
285441,1
353488,4
350470,1
278632,1
304634,1
343610,1
381671,1
310311,2
378322,1
332642,1
234911,2
317483,1
320560,3
303934,2
357858,4
333201,1
375255,1
262451,1
282399,1
265693,1
247404,1
362095,1
280030,1
330489,1
292082,3
344873,1
367690,3
325304,3
309364,1
348821,1
363878,1
373489,1
282045,1
358876,1
327255,1
379630,1
235293,4
304280,1
338838,1
314114,1
255986,1
361305,3
237380,3
374111,1
341155,0
341710,2
312933,2
338184,4
373747,2
354500,1
317596,4
265686,1
283595,2
282391,1
294150,1
324066,1
366982,1
251443,3
330534,1
267367,1
365042,1
283445,1
273194,3
258743,3
307084,4
378645,1
327869,1
349303,3
255273,2
284034,3
283688,1
262506,2
333514,1
269068,2
270207,2
325492,1
284348,2
348255,3
362738,1
240537,1
347158,0
362698,1
247011,4
257482,1
280296,1
343459,3
277440,1
234518,1
314289,3
373123,1
364506,1
242486,1
332636,1
362840,1
293174,1
377879,1
275155,4
303866,2
315434,1
255677,1
249248,2
303830,0
257648,1
306354,1
282980,3
319407,1
268482,1
325859,1
374254,1
247622,1
308174,1
249109,3
299995,1
256395,4
338803,3
284427,1
318703,1
331283,1
291488,2
269683,3
338667,1
239452,1
236323,1
286938,1
288134,1
288513,1
301424,3
350242,3
370900,2
311163,1
313384,1
263580,1
306402,1
323145,1
372601,1
260045,1
380852,2
263867,1
347134,1
316965,2
298928,1
368331,1
305241,0
352437,1
244735,0
381986,1
292150,1
258079,1
314775,2
235643,1
291866,1
352307,1
237866,1
333054,4
366866,2
332934,1
330367,1
265583,4
261178,1
344627,1
272058,2
305919,1
376518,2
297581,1
351127,4
303286,3
292714,1
360642,1
352032,1
240879,1
299227,1
287981,2
259599,1
296708,2
331157,1
308509,1
331666,1
361001,1
364417,1
348197,4
375626,1
382652,1
247578,1
289886,1
317166,1
235177,4
342796,1
238140,1
262140,1
377883,1
281875,1
368632,1
281339,1
242138,1
324798,1
321819,1
328131,1
287394,4
294612,1
277587,1
343862,0
340997,1
279747,1
295614,1
239739,2
379571,2
262747,1
379488,2
304130,1
354986,1
261698,2
265578,1
270410,1
335951,2
242314,1
329996,1
259006,1
318770,1
309422,1
241181,1
279636,1
290471,1
259217,1
242513,0
365418,1
274243,1
256459,1
236889,4
346018,3
318870,3
263897,1
261035,1
310271,4
240679,0
352216,1
239319,1
274667,1
251214,1
350137,1
267313,1
320330,1
359796,1
328301,1
264474,1
381233,1
286580,1
317545,1
264212,3
295502,1
323080,1
241593,3
306210,1
250721,1
265498,1
335067,0
326192,1
285893,1
306191,1
339443,1
259575,1
290824,1
347537,1
278555,1
330711,0
348128,1
325735,1
268142,3
250853,1
291503,2
249386,3
260481,1
342428,1
297916,1
310064,4
285158,1
334649,1
245951,1
337809,1
313006,1
286366,1
355362,1
246251,1
290093,0
330740,3
289444,1
324980,1
367848,3
269169,1
369668,2
308185,2
242593,1
297302,2
364351,1
274985,1
363729,2
336752,3
237324,3
239673,0
302818,1
357012,3
304790,1
268424,3
336785,1
245063,1
353836,2
307303,1
241916,1
338552,2
370463,1
295335,1
322322,1
318332,1
359101,1
237242,2
346397,1
279017,1
287808,1
358309,2
361570,1
367331,4
267765,1
252948,2
320370,1
350852,1
375250,1
380744,1
371113,1
326791,1
268122,1
344567,2
239747,1
346060,1
338047,1
323820,1
371987,3
314487,3
251949,3
380739,1
298220,1
305352,1
274612,1
326066,1
272746,1
320885,3
381983,1
259507,3
295150,1
237810,1
323821,1
316379,3
322926,3
245133,1
235127,1
258924,3
288946,1
372458,2
345548,0
286788,1
260020,1
374948,1
332110,3
365037,1
337205,3
318808,1
283522,1
269275,2
272638,3
267823,3
243279,1
346259,1
360754,1
374609,3
277232,2
286028,1
241133,1
301423,1
238445,3
371766,1
352255,3
335909,3
242860,1
235543,3
246508,3
352038,1
378626,1
382679,1
323100,3
271214,1
267762,1
302232,1
324963,1
234678,1
378130,2
345420,1
294971,1
353897,1
244175,1
290622,1
379455,2
347470,1
314797,1
319587,1
294439,1
344209,1
331694,1
362891,1
316156,1
339405,0
293291,0
252106,1
278992,1
375596,1
303966,1
273330,4
235260,1
370372,1
264598,1
250464,1
319242,1
243447,1
282995,1
265060,1
278169,1
255730,1
243952,1
293487,0
268613,0
299074,1
352385,2
287654,1
282939,1
310860,1
360016,1
242507,1
328174,1
336737,3
292748,3
260257,3
241466,2
296710,2
242439,3
255605,1
235527,2
247689,1
303451,1
354455,1
335318,1
353579,1
299880,1
235202,2
360348,1
254028,1
318225,2
274748,1
360152,1
367626,1
364421,3
238302,1
272008,1
314157,3
309834,1
290898,2
250761,3
290616,1
298461,1
331854,1
268944,3
376281,1
256970,2
249633,1
311778,3
290352,1
244624,1
308750,2
311579,1
363477,1
304312,0
368868,1
265977,1
273222,1
310523,1
355537,1
346586,1
362916,1
286981,1
372926,4
366818,2
368759,1
271556,3
337457,1
353633,1
245016,2
307974,4
350539,3
291107,4
271153,1
316625,1
340078,1
284477,1
284647,3
322908,1
289503,3
309632,1
363959,3
332840,1
241128,0
298189,1
293643,4
245284,3
348468,1
295444,3
353626,4
237302,1
328114,1
304638,2
257120,1
276308,1
345858,3
358176,1
352643,2
241099,1
298108,2
242216,1
262290,3
267431,3
304089,1
238509,1
294071,1
305181,3
303694,3
341227,1
354569,1
359040,3
248478,1
372670,1
358925,3
356827,1
254756,1
259776,1
335183,1
349701,2
275537,3
344610,1
319372,3
322722,1
346956,1
327662,1
378934,1
373516,1
237828,1
278336,1
374387,4
280484,3
279199,1
335566,2
266642,3
330290,1
369230,3
338672,1
344231,1
371077,1
326447,1
296485,1
366533,1
271957,1
284659,1
236477,1
265713,3
365235,1
331950,1
374617,3
343641,2
338564,1
337862,4
358083,0
366608,3
288856,3
336379,3
337474,1
257812,1
238965,0
335265,1
362732,1
317293,1
254078,1
244320,1
330844,3
235854,1
253993,2
295369,1
255597,1
241642,1
274530,1
267066,1
293844,1
322557,1
356832,1
331164,3
382698,1
365698,1
324530,1
285439,2
262411,1
371040,2
315957,1
307939,1
256027,1
304984,2
295903,1
365813,1
313744,1
376013,3
349744,2
289011,1
371110,1
330541,1
379480,2
261618,1
339058,2
308123,2
259570,2
309744,3
376058,3
335664,2
329774,1
282596,1
347342,1
259687,3
266386,4
301923,1
382820,1
303117,1
366082,1
323167,1
275541,0
361587,2
248987,0
248011,2
297993,0
335295,2
339167,3
253511,1
373436,1
342115,1
358581,1
307962,3
262205,2
279844,1
236212,3
353367,2
281732,1
347181,1
378258,1
349278,2
306132,0
265704,2
368115,2
243285,1
265405,1
333741,1
377972,1
244685,1
319317,1
251143,1
297759,1
329464,1
256456,3
254614,1
318431,1
311739,1
246850,1
241707,1
338140,1
334444,1
270992,1
292613,3
289832,4
325582,1
237586,2
251208,1
326780,3
322502,2
235898,1
244980,4
279142,3
347359,1
328189,1
268668,2
296583,3
311976,2
372977,1
325421,1
348790,1
321541,1
297713,3
242425,1
308794,1
253963,1
264125,1
328462,2
321344,1
328396,1
377851,1
307086,1
258192,1
323530,1
274064,1
285054,1
332754,1
237299,1
244022,1
254791,1
324750,0
248799,2
238539,1
322086,1
257430,4
250465,1
267879,0
362490,1
367803,3
255021,4
305823,1
374544,1
295104,3
331759,2
359335,1
328405,3
275169,1
272757,1
239841,1
317722,1
238173,2
307435,1
302815,3
379625,1
273074,1
367349,1
356052,1
371825,1
257491,1
246785,1
374591,1
333014,1
268153,1
267298,0
275600,1
353912,3
298602,1
283884,1
350632,2
362259,1
245811,1
303248,3
276428,1
368532,1
303816,1
323487,1
234539,1
309894,1
288970,1
270993,1
249517,3
348132,1
308534,1
379423,1
376643,0
305366,1
248911,2
314396,1
364052,1
246396,3
368008,1
305653,1
348336,2
238868,1
353687,1
321896,1
352072,1
362147,2
353106,1
253600,1
362619,1
276969,1
278510,1
284696,1
291026,3
357727,1
349400,1
364477,1
307784,1
258955,2
299465,1
346976,3
236915,1
269325,1
253090,2
295248,1
378079,2
316846,1
256754,1
244648,1
246572,0
335229,1
298854,1
260389,1
330861,1
313952,1
297904,1
379980,1
354488,1
315201,3
364205,1
263254,3
264738,1
378339,1
315572,1
323176,1
335839,3
330751,1
296461,0
264017,1
292158,1
370639,1
341484,2
249494,1
319608,1
245156,1
343000,1
256856,1
255168,1
245888,2
327432,1
316752,1
293277,1
357804,1
255571,1
366459,3
376933,1
374457,1
318450,1
381581,1
340855,3
367794,3
253049,1
305691,0
245943,1
324110,1
370494,3
269601,1
370453,1
338824,1
318444,1
323461,1
251446,3
373753,2
366520,3
284328,1
311033,1
375936,1
366306,2
377789,3
371953,3
279272,3
323336,1
339690,1
374216,1
310756,1
334900,1
370414,1
274653,1
285324,1
362114,1
245932,2
344678,3
237140,1
256299,3
247968,1
372074,1
327934,3
314624,1
265938,1
317213,3
312012,1
363826,1
378422,1
350233,1
262517,1
373250,1
267301,1
262405,1
370528,3
287909,1
256373,1
260463,1
272620,1
249817,1
237961,1
282556,1
356805,3
288248,2
370218,4
287697,0
316293,1
342243,1
380823,2
239542,0
262976,1
317021,3
253622,1
243727,1
377491,1
247692,3
327539,2
375411,1
378861,1
319070,1
375554,1
375341,1
365882,4
262866,4
282972,1
287043,4
268953,3
270000,4
380750,1
329265,1
310153,1
254526,3
273868,2
289907,1
333621,0
302317,2
276129,1
289814,3
332876,3
307520,1
366756,2
379778,1
378506,1
259221,1
259212,1
311596,1
306682,3
272574,3
339703,1
309294,1
273429,1
360481,1
311964,3
261239,1
342155,3
364925,1
297864,3
324816,1
316184,2
340695,3
263207,1
334140,1
303703,0
271983,1
350806,1
285542,1
330545,1
268864,1
295928,2
268303,4
253713,1
310833,1
343494,1
367217,1
318776,1
274174,3
262809,1
290984,1
313797,3
282018,1
239224,0
301296,3
242132,1
243607,1
370640,1
294902,1
308096,1
323611,1
337282,3
296231,1
290500,1
346704,1
374226,1
343034,1
354507,1
303643,1
368706,1
319755,1
377382,1
241705,1
284177,3
332280,0
282213,1
382506,1
324615,1
359390,1
332424,1
288356,1
252120,3
334251,1
302839,4
340048,1
319664,1
276754,1
333500,3
342432,1
299204,1
325441,3
307755,2
294305,1
326887,0
323249,3
327245,1
260575,1
327693,1
367859,3
381771,3
236007,1
354974,1
356448,1
313327,1
282695,1
327920,1
262741,1
337948,1
258671,1
263924,1
251916,1
311631,1
269567,1
352403,1
292176,1
322336,3
283749,2
236243,1
370926,0
267912,1
268506,1
375891,1
281394,1
358253,1
355677,3
306301,1
338922,1
301233,1
239645,1
364026,1
299926,1
303038,1
369984,1
292934,1
284440,1
299308,2
353517,2
258467,1
252583,4
281300,0
254840,1
258833,1
237520,1
373922,1
312058,1
264789,1
354589,2
314556,1
309897,1
369728,1
254454,3
331812,1
248213,3
246196,1
371125,1
358536,1
263239,2
342104,0
239872,0
341296,1
364948,1
348498,3
291388,1
332514,3
378960,1
271114,1
239351,1
341020,1
238708,1
306063,1
313388,1
322528,1
238214,1
296875,3
255992,0
273457,1
337706,1
244200,2
344350,1
319062,1
314031,1
325060,1
243467,1
371767,1
343424,2
277828,1
258105,1
330283,3
268020,2
335987,0
329696,1
377431,1
331115,3
305270,1
294265,0
342950,1
243378,3
237616,1
337048,1
332015,1
370979,2
350891,3
276920,1
290274,1
234493,1
315064,1
236519,1
322499,2
334334,1
262416,1
283639,1
351267,1
315963,1
235029,1
352682,1
241960,1
259696,3
278041,1
324696,3
315283,1
234627,4
378622,1
346753,0
293231,1
293129,1
350182,1
257127,0
326204,1
286884,2
320081,2
237763,1
287324,1
371148,1
241031,1
295330,2
321624,3
241042,1
318453,1
356726,3
382498,1
306186,1
242747,1
377989,1
307187,1
299609,1
308531,1
338801,2
300100,1
370303,1
329225,2
280621,2
253397,1
295157,1
273917,1
381035,1
337919,4
252139,3
247787,1
252285,1
342996,2
367156,1
281532,3
347425,1
358410,3
293169,1
366004,1
264891,1
258442,1
342673,1
314305,1
361874,1
269948,1
374267,1
312750,1
328244,1
266146,2
340737,1
324246,3
363424,0
282326,3
312662,1
364177,1
313060,1
352401,4
310665,2
299501,1
343861,0
236308,4
294621,1
314125,1
352355,4
268673,1
249331,2
285945,1
355933,2
344617,1
275379,3
247696,1
305605,1
325638,4
252696,2
365032,1
336219,0
248613,2
341444,1
289291,1
308803,3
256797,3
265041,4
245968,3
246234,2
332793,1
346582,1
355556,1
249143,1
291103,4
365367,2
245559,3
260023,1
291002,2
368720,1
312822,3
244222,1
356452,1
319057,1
248746,1
260980,1
302674,2
261627,1
380998,1
241509,2
301061,2
296950,0
373154,1
266438,1
367260,1
312490,1
363922,1
371901,3
278284,3
290941,1
240928,1
259500,1
354162,3
328221,3
240733,2
237054,1
318478,1
376687,2
379343,1
248739,1
363329,1
364001,2
340298,2
335891,1
243444,1
269451,1
377265,1
276767,1
361367,0
302928,3
353737,1
337122,1
300145,4
264658,4
334376,1
258562,1
255532,1
289264,2
353366,1
265065,1
333142,1
336593,1
250253,0
295413,1
372205,1
290939,1
294576,1
319074,1
289270,4
272248,1
360346,1
375645,1
309881,1
284531,1
263724,2
261657,1
349913,0
279350,1
379684,1
360150,1
333062,1
315964,1
282410,1
235938,1
268252,1
266604,1
350372,1
258281,1
321756,0
290083,1
285434,1
367338,1
300318,0
301240,1
317524,1
260831,1
286770,1
369202,3
269838,1
341076,2
238491,1
312926,1
303512,1
360142,3
275775,1
235353,4
368916,1
326604,0
344671,1
249865,1
330054,4
265205,3
284908,1
282451,3
277137,1
268660,3
250667,1
341615,1
361695,3
378848,1
318008,1
346122,3
345371,1
324157,1
243664,1
364473,1
289064,1
271534,1
343837,1
344657,1
342914,1
236422,1
374018,1
361064,3
350013,1
371561,1
241304,1
287646,2
330641,1
235183,1
281134,1
244903,1
280322,1
357967,3
376002,3
253588,2
257140,2
335670,1
344206,2
236658,1
373409,3
369487,1
371812,1
359436,1
375734,1
345837,1
235329,1
250130,3
249724,1
294827,1
253319,2
332690,1
287747,2
342904,1
366795,0
235829,1
338752,3
267566,4
268812,3
270009,3
292734,4
364522,1
322054,1
370035,1
352494,1
343128,1
238526,1
238199,1
283759,1
277416,1
297013,0
338816,1
369179,3
310682,1
257194,2
300119,2
304308,1
337909,1
275548,1
272188,1
268782,1
273666,1
313604,2
289747,1
254900,1
265068,1
302584,1
333264,1
382483,1
323505,1
307277,1
365756,1
275403,1
250832,1
299422,2
320313,1
326732,1
301137,1
340055,3
288267,0
319596,2
380812,2
338914,1
301795,1
372384,2
378782,4
339979,3
266315,4
372217,1
337935,4
290587,1
320314,3
248419,1
321858,1
294243,2
298044,1
239507,2
281556,1
342756,1
315205,3
374843,1
240823,1
302729,1
250219,3
374154,1
369281,1
360860,0
290708,3
256874,0
271416,1
237908,2
292796,1
329278,1
286976,1
258416,1
273465,4
276897,1
382007,1
257205,1
361378,1
251893,1
294795,1
320193,3
365684,3
290088,1
264310,1
303251,1
289119,1
315450,1
373275,3
329507,3
235617,1
355731,1
356461,1
280019,3
240966,0
291528,1
263762,4
266682,4
275049,1
249505,3
257100,1
299102,1
338744,0
362550,3
241327,1
300289,1
336728,3
370669,1
261438,1
307589,3
331107,1
381213,1
288044,3
282858,1
252079,1
381697,1
264907,4
285966,2
242446,1
297703,2
272417,2
267848,4
299265,1
335059,3
372609,1
241423,1
310818,3
329140,1
241775,1
379802,1
382152,1
366716,0
238887,1
295455,1
319261,1
254873,2
366447,1
278674,1
339582,2
322059,3
347995,4
303946,1
381026,1
331898,1
292038,2
238063,1
239261,1
316746,3
251442,1
293275,3
238548,2
337333,1
240400,0
247563,3
239369,0
325477,1
263847,3
273934,2
289705,1
319963,2
284169,1
270487,3
331778,1
368779,1
300729,1
354965,1
254587,1
382024,1
372320,2
356687,1
344866,1
369003,1
268509,1
319830,4
318626,2
353756,2
348860,1
321150,3
373991,1
314011,3
254273,1
256205,1
255094,1
352979,1
291142,2
295230,1
243466,3
300959,2
345449,1
304204,1
337873,1
285577,2
236106,1
372421,2
329893,2
287926,1
361925,3
348160,1
381776,3
297400,1
308655,1
262691,1
282186,1
336654,3
366247,1
336827,3
314873,1
334915,3
382768,1
301789,1
258342,1
307374,1
372474,2
278492,2
287327,1
370460,1
272215,1
378199,2
262449,1
288784,1
250841,1
299167,1
349414,1
318564,1
349846,1
265641,1
246128,3
265656,1
367709,3
252880,1
288279,1
310373,1
376737,1
327294,3
364159,1
293967,1
338110,3
308291,1
238246,1
349428,1
318286,1
271784,1
311271,1
247492,3
236370,1
237883,1
358296,3
263518,3
360114,1
374966,1
354100,1
285014,1
315357,3
299895,1
345715,1
281507,2
365081,1
238717,3
339387,3
330955,1
295128,2
349242,1
283555,1
252187,1
313900,1
338417,2
261710,1
376468,1
252643,1
327569,0
329641,1
279561,1
244183,1
264770,2
325404,3
283123,1
254240,2
329202,1
334605,1
318067,1
280746,1
284749,0
272314,1
319046,2
286279,3
261805,1
278781,1
344948,3
259795,2
301519,1
303464,2
363041,3
312027,1
354669,1
363671,3
351560,2
296144,1
239108,3
261465,1
374022,1
263030,1
323744,1
307696,1
364669,1
285908,1
351762,4
273106,3
344815,1
306707,1
363470,1
375387,1
315974,1
288689,3
246954,1
300847,2
289579,1
327262,2
373668,2
297848,1
291783,1
246943,1
271596,1
300810,1
243633,1
235011,1
277600,2
236556,1
319662,1
333364,3
285635,1
333722,1
253988,3
264668,4
250006,2
361853,1
240670,3
382179,0
285027,1
357322,1
313121,2
280594,1
360833,1
312095,1
274976,1
247392,1
299337,1
278605,1
358996,3
247460,3
290335,1
299222,4
363224,1
307378,1
281662,2
284989,3
245545,1
322916,1
237698,1
364836,0
376897,1
238640,1
341241,1
264398,1
307988,2
262620,1
335896,3
350344,1
302585,1
295322,3
361978,1
319825,1
373800,2
271110,1
277013,0
307243,1
349009,0
356913,3
376507,2
321907,4
289455,4
247121,1
325773,1
265626,3
352995,3
255944,1
371201,1
264875,3
276446,3
243269,2
359344,1
378236,1
330485,1
353662,1
297437,1
331587,1
238964,1
326591,3
332154,1
355647,3
311349,1
356637,1
251047,1
348881,1
377110,1
345757,1
235685,1
327323,1
238611,1
303818,1
303092,2
239681,1
268987,2
254577,3
357109,3
336525,1
324622,1
345400,4
371058,2
249714,1
299604,1
275615,1
351845,1
251447,1
365506,1
349971,1
382212,2
240096,1
285754,1
344999,1
254286,2
350862,2
259789,1
362821,1
358305,2
256890,0
288726,3
250602,1
238918,0
244372,0
371611,4
361657,1
273898,0
305010,1
339569,1
371504,1
318267,0
304444,0
350527,2
366897,2
324140,2
280025,0
314431,2
354682,1
309227,3
343848,1
322236,1
275526,1
335126,4
335736,1
363498,1
261396,1
238884,1
246079,1
245419,3
341367,1
276313,1
252700,1
242380,1
353304,1
350665,1
369889,1
289246,3
354726,1
356080,4
301226,1
309499,4
342455,1
362681,1
335810,1
279302,0
293018,1
305448,0
366439,1
257956,3
255834,1
286228,1
325515,2
312742,3
302148,1
333671,1
272656,2
287154,1
371993,3
268686,1
292384,3
321329,1
324054,1
234781,4
314015,1
325837,1
342708,3
329017,1
264720,1
286726,1
375088,2
301141,1
329770,1
370692,1
259228,1
280757,1
301395,1
304854,1
235255,3
275907,1
266801,2
256625,1
296060,4
297477,1
288733,1
336072,1
361545,1
241927,1
367079,1
332153,3
304144,1
344878,2
357212,1
341942,1
271564,1
244128,1
277164,1
250906,1
381999,1
253877,2
327515,3
365640,1
276783,1
295889,1
378924,1
236941,1
355605,1
265052,1
366680,1
369146,3
300387,1
348211,1
322565,1
369577,2
309119,1
254305,1
236536,1
273968,1
351745,1
377910,1
357116,3
283716,1
333492,1
287849,3
350493,1
369767,1
378905,1
339679,1
377460,1
300473,1
321359,4
296328,1
330261,2
282861,1
244778,1
235422,2
273232,2
339475,1
328138,1
292111,0
301193,1
339497,3
361109,3
380943,2
262096,3
265289,1
367077,1
309697,4
377549,3
271544,1
370831,1
295072,1
344578,1
291460,3
339551,3
321692,1
272007,0
381975,1
272019,1
286251,0
353991,1
267425,1
333406,3
296706,2
356577,1
348817,3
245644,2
291637,1
362645,2
375056,0
334916,3
367679,3
281739,1
282873,1
332427,4
344659,1
259220,1
361192,1
293406,3
260973,1
246379,4
259051,1
356956,1
279356,1
368675,1
277016,2
313486,2
268031,4
314225,1
251278,2
308117,1
289787,0
262352,3
268853,1
264987,1
340187,3
333429,2
333776,1
245859,1
344635,1
275698,2
239510,0
309347,2
343700,1
350937,2
318611,3
271793,3
241158,1
333922,1
255951,1
344315,1
304718,1
254961,1
237909,1
251283,1
323653,0
347193,1
366274,1
273440,4
335974,3
254990,4
303468,1
282692,3
258631,1
319284,1
331549,1
241214,1
378308,1
371997,3
277240,1
348577,1
237626,1
288869,1
343312,1
239930,1
236728,1
274477,1
357489,3
257786,1
311730,2
382727,1
325644,1
304402,1
291203,0
300558,1
291583,1
352588,2
247146,1
290470,1
300977,3
305627,1
243942,2
237869,2
318281,3
290897,3
354476,2
370544,3
288944,1
345679,1
264535,1
313318,1
263545,1
279560,1
270064,2
377596,3
377326,1
236141,1
358549,3
276220,3
260360,3
319450,4
311417,1
289317,1
318506,3
337543,1
253490,1
270384,3
255537,1
261463,1
289450,1
272988,3
371847,1
259155,1
381408,1
342462,1
317669,1
265716,2
348329,1
330612,1
318433,1
237030,1
344032,1
280761,1
318743,1
360615,1
255176,1
284469,3
253774,1
290116,4
259636,0
237037,1
332168,1
315036,1
258952,2
366455,2
337344,2
273947,0
325653,1
314223,1
245924,2
283403,3
289343,1
353969,1
314381,1
376194,3
247133,1
311653,1
312641,1
327514,0
243473,1
236715,3
368201,2
336359,3
259581,1
305345,0
369127,3
307919,1
382052,1
241182,1
357722,3
316959,0
358272,1
374110,1
338295,1
375302,1
324536,1
341266,3
290753,1
246925,1
288521,1
242552,2
360610,1
337549,1
343651,1
264627,3
346000,1
311710,1
355991,1
307982,1
278536,2
284110,3
368019,1
382773,1
369955,1
235243,1
316996,1
283132,3
374131,1
288428,1
350311,4
374776,3
358396,3
365009,1
362486,1
271431,3
345460,1
238010,1
237767,1
345036,1
311855,3
262801,1
344536,2
289895,4
264359,2
371344,1
252436,4
338492,2
273880,1
368346,1
259456,1
257098,3
292009,3
276620,4
253541,1
280902,3
318965,0
316918,1
301669,1
301342,1
317892,1
287453,2
313227,1
315788,1
339259,1
312669,2
281023,1
259223,1
354856,1
267380,1
359125,2
347518,1
349757,3
355858,3
280692,3
294359,1
327287,1
246045,2
321202,1
267562,4
266988,1
253679,1
336779,1
301831,4
269960,2
253265,1
381857,3
314871,1
256566,1
290923,1
318380,1
276250,3
267868,1
236550,1
356469,1
276958,1
346853,1
380440,3
297594,1
305748,1
259739,1
243825,1
329628,3
245915,3
340434,2
303985,1
330120,1
312775,1
370869,2
272294,1
248934,1
368498,1
245577,2
322262,1
314042,1
248535,3
373133,1
363897,1
346849,3
249767,1
293814,0
339096,1
290586,1
352502,2
328200,1
255909,1
272466,2
349112,2
379887,1
236385,1
318344,1
362954,1
261635,1
265144,4
289744,1
256919,1
257839,1
379113,3
272479,1
263037,1
267977,1
358208,1
253783,1
280442,1
351255,3
263597,1
345617,1
347637,4
292762,1
298593,1
336273,3
307660,1
311289,1
346110,0
344174,1
234888,4
355146,1
344296,2
332245,1
332613,1
291015,1
376457,1
314389,1
355277,1
336534,1
337486,1
258419,1
328530,1
327458,3
337014,2
235637,3
291426,1
380483,3
345075,1
345066,0
239814,1
281675,1
340595,0
310189,3
340738,1
273059,1
245052,1
342004,1
369735,1
302155,4
339319,1
287771,1
317732,1
309283,3
237382,1
265920,2
250005,1
285638,1
368512,1
252180,3
249889,1
376598,2
329638,1
378214,2
357676,1
364878,2
296621,4
305873,1
329697,1
340261,1
275771,3
337055,1
352665,1
303930,1
275426,1
347587,2
376781,1
240025,1
379757,1
309344,3
247274,1
242350,1
316767,3
261934,2
286552,2
238209,1
377186,1
234994,1
288826,4
335337,1
247172,1
345392,1
289068,1
252944,1
300552,1
335782,2
321095,3
283811,1
259124,1
239438,1
319527,1
239918,1
314087,1
252575,1
316556,1
293663,3
254044,2
301828,1
282572,1
282897,1
333006,1
264051,4
304577,1
311924,1
265948,1
273401,1
294295,1
250356,1
267075,1
257749,1
309757,1
284994,2
300223,1
255552,1
265237,1
303497,2
316630,3
346216,1
249250,1
239421,2
329191,1
236050,1
261522,1
280503,3
314840,1
305798,0
344951,1
350820,1
247043,1
238942,3
257928,1
270621,1
343193,1
344602,3
379255,1
252411,1
338163,1
269168,1
379104,3
356514,1
277950,1
344014,2
321629,1
320227,1
288214,1
253589,1
260903,1
332289,3
328927,1
343924,1
349468,1
329267,1
266679,1
344102,0
239451,1
337267,3
301017,1
252400,1
286384,1
260152,3
298573,2
373458,1
319960,1
283756,1
239761,2
243889,1
246383,4
359887,1
268789,3
318654,2
275881,3
331614,2
304154,1
298894,0
293992,1
327065,0
303686,0
245146,2
354866,1
364755,1
282871,1
374414,4
364833,1
273749,1
287970,1
272893,0
279389,1
294495,1
353289,1
313991,1
382213,0
303714,0
327320,3
260794,1
376389,1
263783,1
276803,2
282952,1
264914,4
251325,1
292786,1
372676,1
356491,3
368318,1
319528,3
279921,3
276870,1
375639,4
236298,1
299389,1
293102,1
269399,1
252804,1
331073,1
324009,3
287977,3
371193,1
279798,2
263404,1
279513,1
261430,1
242539,1
265246,1
374100,1
307100,1
274602,1
252801,1
378066,2
259993,1
310238,1
236001,1
289818,3
339500,1
271179,0
326050,1
302009,2
244498,2
249656,1
299600,1
324362,1
375961,1
235175,1
287955,4
307409,1
281488,1
306236,1
267640,1
356488,3
351359,1
292472,2
270502,1
362267,1
322047,1
277116,1
355029,1
241396,1
350221,3
282869,1
331413,3
330366,2
325207,1
262125,1
252733,3
319288,4
259882,1
366587,1
246557,3
337012,3
357520,3
259573,1
352426,1
331285,1
288604,1
381180,1
341724,1
323925,1
369360,1
250680,1
322032,1
244294,3
355965,1
325194,2
333761,1
337402,1
260734,1
256254,1
269873,1
257364,1
356989,1
271190,1
326752,1
339659,1
239314,2
265836,1
370883,2
293592,1
325436,3
327941,1
299663,3
373933,1
285179,3
276653,1
262856,1
241583,2
342035,2
310175,3
356568,1
292406,1
243082,1
294725,3
327460,3
326150,1
351774,0
327664,1
373280,3
343577,1
279375,1
245311,1
265671,3
298909,1
284841,1
357519,3
288814,1
240585,0
316748,3
308522,1
237686,1
324460,1
370430,1
303103,1
318097,3
296288,1
267860,2
254234,3
302569,3
285557,1
317028,3
354271,3
309308,1
234703,1
276896,1
309918,1
277879,3
285513,1
249851,1
316938,3
298703,2
256589,1
376696,2
322260,1
274081,1
271167,2
324122,1
237628,1
330432,1
308540,3
263402,1
368752,1
296768,1
290973,1
305917,1
347806,1
368405,1
367752,3
336242,2
323142,2
283942,1
346614,1
262256,1
332526,1
351399,1
298752,2
364021,1
361315,1
329651,1
286419,4
299414,1
293142,1
312434,1
269338,2
258919,3
356947,1
369303,1
268889,3
296100,1
277491,1
361152,2
358009,3
363011,1
276822,1
301087,1
338577,1
357868,1
330192,1
283895,1
255011,1
347847,4
346318,1
265778,3
377150,1
315175,1
347365,2
270442,1
326239,1
284827,4
320435,1
281872,1
327936,1
338845,3
339518,1
377338,4
312315,1
362553,1
339853,1
355997,3
305707,1
308958,1
282757,1
353923,1
372113,1
371647,4
278834,2
275063,1
235493,1
315245,1
260250,0
244411,1
270771,1
254802,1
250294,1
339428,0
368555,1
269587,1
250181,1
349316,1
267042,1
324060,1
338923,4
237105,2
366211,1
372031,3
262268,1
363408,1
239813,0
294554,3
325193,0
318990,1
271857,1
337559,4
340286,1
368951,1
332661,1
269391,3
350475,1
239689,1
352333,2
241899,2
253690,4
380215,1
293162,3
303857,1
371229,1
338520,2
376966,1
268890,1
321734,4
301645,0
249378,4
238237,1
312263,4
375714,1
257456,1
267054,1
365737,3
322244,1
313926,4
235808,4
290147,1
315370,1
370170,1
276139,2
305221,3
344588,1
378031,1
274395,4
275165,1
281123,1
356060,1
307239,1
368242,2
269167,1
268410,3
319425,4
314938,1
275193,1
382028,1
282719,1
330745,1
291277,1
319103,4
359028,1
257337,1
381971,1
344402,1
355456,1
237024,1
364428,1
235300,1
285743,1
313158,1
241485,1
363739,1
254715,3
256998,1
236206,3
308931,3
323331,1
320015,1
376132,3
359968,3
234961,4
291603,1
361392,4
377738,3
310798,1
263718,2
282607,1
334681,1
250856,1
347477,1
276005,1
243409,3
343308,1
367668,1
307117,1
352990,1
332703,1
343865,1
287712,1
312325,3
345802,1
351408,3
315707,1
259086,2
351985,1
237157,1
249188,1
349114,2
348627,1
274090,1
381636,1
297994,4
298976,1
346697,1
306892,1
267221,1
289314,1
274475,1
256335,1
238054,1
346558,1
293361,3
348988,2
347878,1
266854,2
297834,1
277748,2
285486,1
341541,1
308356,1
379111,3
305620,2
241166,1
289576,1
237546,1
305699,3
316202,3
326861,1
266176,1
353807,1
284623,1
380126,1
312805,1
327187,1
301649,1
364501,2
239292,3
312462,1
333907,3
327220,2
311261,1
360741,3
276685,3
369172,3
279107,1
245608,4
305487,1
262435,0
305740,1
372277,1
272404,2
256082,1
371378,1
247307,1
318387,1
367727,3
374049,1
346552,0
280878,3
250064,0
276367,1
330676,2
322418,1
295847,1
252470,1
237560,2
344122,1
356674,1
364930,1
292853,1
300478,1
279938,3
235731,1
278000,2
330542,1
342587,1
335798,1
258806,1
260851,4
367131,1
292295,3
347471,4
380908,2
293950,1
274149,3
345408,1
326529,1
342445,1
355546,3
325774,3
297673,2
359313,4
298453,2
237999,1
264105,2
235556,1
259351,3
318294,1
316378,1
370909,2
314379,0
267561,4
313801,4
346275,4
308925,1
312505,1
278093,1
282949,1
255295,1
376318,1
326959,1
327280,1
309045,3
353757,1
236617,1
274098,1
267150,1
247680,1
242577,1
281712,1
380790,2
355744,3
365584,1
367967,1
327191,1
351626,3
275957,1
247012,1
276871,3
276118,1
324463,1
324625,1
285222,1
305255,2
254399,1
331534,3
369224,3
330865,1
331286,1
359063,3
356818,3
378359,1
376189,3
261196,3
276622,1
351302,1
380263,1
366470,1
331743,1
352579,2
308101,2
317740,1
330399,2
258434,2
321676,1
305780,3
295469,1
347127,0
359737,3
373595,1
381137,1
341607,1
336466,1
311950,3
328793,1
310925,1
234939,1
243058,1
293717,1
333774,1
244622,1
297846,1
286092,4
296040,3
250614,1
329200,1
245778,1
314593,1
317380,3
295254,1
314536,3
316974,2
278573,1
372302,1
253404,1
289091,1
282498,1
258786,1
318722,1
278721,1
353411,1
249782,1
272259,2
314661,1
252401,1
304795,1
328681,1
294353,1
289469,1
292395,2
294507,1
380050,1
261678,1
336880,1
265818,3
316098,3
311264,1
324490,1
270527,1
291851,2
360169,0
263616,1
273112,3
312179,1
293362,1
294214,1
281533,3
251021,1
278526,1
281804,1
311726,1
341680,1
277901,3
251388,3
357114,3
373483,1
361320,1
312882,1
288286,1
287271,1
295186,1
303102,1
305080,1
362101,1
333902,0
258780,2
348347,1
257206,1
237892,2
361331,1
293236,1
250807,3
352477,3
330038,4
250400,1
347248,1
325355,1
308897,3
308601,1
262724,3
339285,1
348879,1
337840,4
359516,1
292497,1
362533,0
334601,3
241630,1
236147,1
237721,3
261005,1
254402,1
339746,2
323295,2
277698,1
306809,1
264250,1
352349,0
312652,2
284721,1
365253,1
329656,1
281799,1
314731,1
264667,4
257640,1
302267,1
338402,1
292251,3
291170,1
247971,1
249962,1
286846,0
351804,1
276771,1
331521,1
274757,2
264588,1
258802,1
317300,2
334044,1
245818,3
370483,3
325135,1
247055,1
261622,1
276820,2
301863,1
343770,2
348034,1
327200,1
314959,1
236222,1
333580,1
355526,4
264802,3
341743,2
357337,3
381689,1
367499,1
377882,1
243422,1
366489,3
311583,1
238655,1
239619,0
372050,3
295202,0
343281,1
277797,2
339880,1
357831,1
247656,1
364696,1
285451,1
312028,0
306437,1
263464,1
374431,1
278151,1
258500,0
238847,1
280298,3
279266,2
377076,1
361299,1
351557,1
372024,3
248636,3
287007,1
324587,3
329065,1
293851,3
332528,1
298793,2
251374,1
352599,3
341123,1
342274,1
300237,1
316045,1
265519,3
367672,1
290185,1
255378,1
334385,1
375372,1
283292,1
249759,1
234780,1
367449,4
379871,1
240891,1
329974,1
356830,1
293302,3
377360,1
332033,1
298549,1
235659,1
340039,2
299554,1
249921,1
369052,1
368621,1
339799,2
373656,2
269867,1
338618,3
283989,1
244037,1
364210,1
289625,1
291330,1
255006,1
258221,1
324499,1
249432,2
316571,1
305954,0
249987,1
290233,1
296486,1
318584,4
243599,3
301463,2
308416,1
280035,1
346591,1
365752,1
382389,1
340481,1
355709,3
294371,1
354734,1
287135,1
328286,4
272303,1
361498,0
337451,2
336042,3
372727,1
280007,3
256707,1
289318,4
303603,1
356675,1
283995,1
350786,2
338179,1
328172,3
262049,1
373334,3
366968,1
320956,1
371288,1
316860,1
328920,1
366058,1
367760,3
382073,1
351851,1
340877,2
246285,3
377151,1
286471,1
306039,1
314948,1
235816,3
342205,1
328763,1
269842,3
320069,1
343253,1
310549,1
262889,0
341223,3
332041,3
244273,1
352696,1
320687,1
338105,2
348649,1
254077,1
252851,1
290444,1
308042,1
241861,1
239715,1
289965,1
305286,0
244814,1
346521,4
256391,1
303034,4
258242,1
382454,1
368394,1
238409,1
286176,1
275023,1
375598,1
259584,1
370402,1
239042,1
242832,1
360748,1
287361,1
340942,2
329310,1
315739,1
308252,2
381088,1
365787,2
374418,1
250084,1
235534,1
361297,1
364411,1
320720,3
277746,3
365579,1
321442,3
264080,2
311302,1
267209,1
255727,1
327496,3
296299,1
369204,3
237561,1
257556,4
256673,1
333539,1
348854,1
253966,3
293057,1
272480,3
263300,1
365170,3
249709,2
280998,1
282512,1
345687,1
369129,3
278532,1
369134,3
349715,1
346701,1
293274,1
252031,1
315930,2
257711,1
355394,3
337895,1
243372,1
245666,3
268103,1
267379,3
320642,1
352728,4
329256,1
341638,1
372639,1
253733,2
295300,0
335135,1
370884,2
275442,1
324945,3
354182,1
282014,1
329794,1
290920,1
336232,1
287067,1
375637,1
277075,3
363175,1
318662,1
334136,1
271239,2
354815,0
373735,2
255988,3
237559,4
280787,1
263225,4
367913,1
298053,1
299347,1
264661,1
344790,3
323163,1
337528,3
308168,1
255702,1
362815,1
354310,2
365753,1
323734,3
250625,1
240932,1
355170,0
374071,1
329380,1
261331,1
348302,3
379665,1
323062,1
305003,4
293132,3
329326,1
287546,1
372254,1
366337,1
250586,1
291127,4
310420,1
239259,1
266219,1
306821,1
360894,1
341730,2
371005,2
270614,2
353899,1
290111,1
274489,2
311077,1
340708,1
315647,3
268532,1
323297,2
331795,1
361351,1
371853,1
245166,1
261963,0
311103,4
260624,3
318581,4
267639,1
332467,1
334260,1
371490,1
353121,1
290253,2
257174,3
263196,1
376846,1
373121,1
312748,1
332206,2
380857,0
329920,1
291964,3
288627,3
364975,4
266030,1
278033,1
267475,1
262377,1
382227,2
315307,1
290069,0
331307,4
283428,3
271712,1
268709,4
342245,1
264952,2
324262,1
358256,1
270183,1
372792,1
279423,1
323098,1
266487,1
378895,1
308299,1
316027,1
331893,4
308414,4
265718,1
307316,1
319675,1
247616,0
361766,0
351876,1
254083,1
263775,1
374052,1
379531,2
365595,3
317375,1
325465,1
320397,4
379416,1
282479,1
331200,1
274714,1
381184,1
271291,3
276903,2
274604,1
257751,1
280413,3
279207,1
343852,1
296572,1
379114,3
246096,1
313157,2
277503,3
294052,2
243851,1
271169,1
349292,1
351602,3
261317,1
348196,1
236809,1
362774,1
365921,1
326799,1
366385,3
297002,1
372985,1
320980,1
264701,1
333737,1
345094,1
294056,2
293192,2
285072,1
377141,1
368674,1
367813,3
262214,1
360284,1
335447,1
366563,1
316717,1
368718,1
287933,4
287174,3
337571,1
282122,3
290901,2
268251,1
281835,1
347874,3
317239,1
266443,2
367762,3
339600,1
252477,1
366580,1
337914,4
258028,1
369025,1
363451,1
271432,1
327061,0
378963,1
313639,1
320066,4
381212,1
319877,1
261859,1
353868,3
369855,1
271404,1
342778,1
238154,1
305421,4
333864,1
266569,1
337639,2
239611,3
340910,1
298899,3
259991,1
338948,4
262745,1
346467,1
382472,1
266446,2
298736,1
284179,0
309670,2
352966,2
245454,2
297694,1
381048,1
236136,1
240782,1
297040,3
375272,1
358706,1
272064,1
249400,1
243697,2
381222,1
282674,3
254868,3
248952,1
267768,1
300252,1
316367,2
259043,1
264587,3
368082,1
361208,1
350885,3
311070,1
252350,1
382465,1
316576,2
326643,1
245378,3
278637,1
321959,3
332963,1
264381,1
320282,1
375135,2
324789,1
378175,2
308183,1
268939,4
349113,1
235694,1
341502,1
303959,1
248172,1
374523,1
348035,1
298333,0
287129,1
266745,3
372957,1
310354,1
262641,3
294804,1
238502,1
373926,1
271761,1
252310,1
355974,1
293190,1
297769,2
252579,1
239634,1
256719,1
287591,2
368093,2
297132,2
341996,1
323942,1
311858,1
260784,1
267597,3
256670,1
326403,3
248369,1
359933,1
315178,3
335414,2
361222,1
277786,0
290606,1
316564,3
239281,1
318204,1
235952,1
367623,1
343831,0
334486,1
341560,1
363777,1
369953,1
341360,1
289161,1
290399,1
362754,1
332945,1
304702,1
312656,2
276684,1
373623,1
267727,4
336229,1
331396,1
264228,1
345005,1
366962,1
294567,3
299592,1
360224,1
354030,1
319112,1
292881,1
237891,1
258683,1
315311,3
353586,1
264888,1
246324,1
368294,2
304480,1
240858,1
295565,2
344944,1
357719,1
334626,1
234594,1
299391,0
279893,1
348530,1
314811,2
254921,1
286372,3
332779,3
318588,1
236780,1
318674,3
357582,1
371400,1
281869,1
338291,3
362100,1
289533,3
336852,3
303783,1
346244,1
269315,3
382746,1
293261,3
248806,1
369317,1
273863,1
271971,1
316958,1
262242,1
327748,2
323504,0
316587,1
281567,3
276728,2
335507,1
259804,1
343204,1
307419,1
268744,1
317915,1
234760,2
266116,1
285899,0
248831,1
330816,1
246711,1
336917,3
313733,1
371977,3
278602,1
318151,1
255551,1
381274,1
292024,1
350540,4
265529,3
312115,1
293090,1
334457,1
237376,4
344893,1
348532,3
238138,1
291452,3
274036,1
369799,1
362283,1
239921,1
314091,1
376351,1
370025,1
329061,1
267514,1
262823,1
302675,1
304813,1
253711,1
283250,1
282734,3
251438,4
242343,2
379670,1
357488,3
281917,1
247817,1
272483,1
368909,1
350622,4
314367,1
260859,4
356543,1
302408,1
329318,1
354951,1
369346,1
328608,1
369036,1
350595,1
263210,1
342058,1
343879,1
320318,1
373013,1
291291,1
366477,1
382796,4
362098,1
255393,1
291183,1
332111,4
297690,1
290259,2
363088,1
293691,1
370962,0
307184,1
380303,1
350510,2
362586,1
331594,3
345549,1
269767,1
379875,1
336173,1
309226,1
304380,1
255812,2
264129,1
382165,2
289261,1
240541,1
290731,2
246874,1
350387,1
355323,1
316675,2
307143,2
330986,1
350436,1
254797,3
257345,3
304031,0
335624,1
361964,3
332912,1
274573,1
271405,2
275230,4
254660,1
335170,1
368534,1
280018,1
249373,3
294164,1
270968,1
295093,1
285737,1
288060,3
331034,3
350468,1
353810,3
320196,1
378870,1
239294,1
360804,1
274857,1
321931,3
333359,1
327824,1
372527,1
363316,1
298229,1
275335,1
360050,1
293423,0
236109,1
367367,1
339524,1
270198,3
253671,1
319564,4
306713,2
377510,1
264355,3
332480,1
244676,3
286134,1
338322,1
258340,1
373098,1
323215,1
246804,1
265058,1
240639,3
267057,4
344677,1
265045,4
254235,1
278008,1
241761,1
323222,1
271201,2
258763,1
347839,1
244417,3
346038,1
313880,3
244879,1
276641,1
347666,3
333206,1
265286,3
235116,1
265705,1
297217,1
337613,3
260809,1
275093,1
262063,1
245771,4
377547,3
245481,2
316544,1
368773,1
350440,1
356250,1
290650,1
379731,1
327340,1
316005,1
295483,1
278966,1
366999,1
350845,1
381351,1
311484,2
360598,1
337076,1
374221,1
382624,1
362831,0
365700,3
358968,1
296154,3
293031,1
333724,1
254542,2
256351,1
374855,1
369037,1
286082,3
257128,0
307022,1
237056,1
352633,2
370385,1
322680,2
288461,1
261189,3
284920,1
370591,3
305800,0
328940,3
290394,1
369225,3
348022,1
323373,1
334629,2
285632,1
285497,1
277944,4
357359,2
378714,1
343724,1
244998,1
260497,3
317739,1
300738,1
327980,1
346330,1
289127,2
364093,1
255788,1
333873,4
249149,1
294838,1
364340,2
299855,4
310816,3
245657,3
328447,1
301652,1
335157,1
272451,3
265725,2
286192,3
276950,3
347426,0
285748,1
328015,1
242969,1
246821,1
335499,1
339574,1
281428,1
249121,2
238634,1
299327,1
273434,1
252505,3
369731,1
310431,1
372887,1
239906,1
345314,1
241463,1
326912,4
239643,1
252086,4
370583,3
311754,3
300195,0
246351,3
355112,1
271719,1
376972,1
240621,0
375850,1
239208,1
356863,3
333484,3
332198,1
318440,1
354670,1
381936,3
363984,3
236906,4
278729,1
300656,1
341338,0
340928,1
247403,4
305774,1
362428,1
252596,1
334284,1
239992,1
358763,4
321889,3
341807,1
340201,2
241088,2
380996,1
340171,2
269004,2
276073,1
262532,1
279316,3
347466,3
347849,1
271720,1
240234,1
381824,3
364409,2
317385,1
260921,3
354279,1
331922,1
312501,1
271029,2
334791,0
240715,3
265121,3
299190,1
275307,1
365667,0
306823,1
251457,1
273924,1
234866,2
249720,4
330887,3
320054,1
299586,1
244410,1
336578,2
382561,1
291631,2
359502,1
366356,3
281141,1
278837,1
340256,3
282588,3
337032,1
270937,3
271655,2
270840,1
282620,1
296973,1
320601,3
282020,1
333385,3
293240,3
247303,1
285919,0
332362,1
298280,2
372500,2
257072,1
260952,1
316823,3
349263,1
291920,3
255365,3
297271,1
347257,3
365993,3
263969,1
321290,1
375469,1
315743,1
270567,1
296162,1
279775,1
367480,1
316964,1
323033,1
326984,1
335549,0
299499,1
331649,4
373330,3
286483,1
328575,3
283710,2
377220,4
235872,1
279898,1
312262,1
313550,3
349691,1
270232,1
320812,1
334590,1
332644,1
318510,1
357412,3
253421,1
347351,1
238809,1
373210,1
369390,1
276413,3
282907,3
333148,1
345969,3
308850,1
332412,1
341278,1
266258,1
249766,1
303470,1
333955,1
285015,1
360248,1
349281,1
326044,1
262304,1
372602,1
273160,1
247882,3
288644,1
241056,1
359545,1
361316,1
269175,1
242458,1
339459,1
256886,0
325108,1
357339,0
293343,1
349142,3
259697,1
356475,1
379188,3
237423,0
336259,1
286252,1
268581,0
375036,1
311654,1
331747,1
355365,1
365458,3
333445,2
299358,1
379251,1
381976,1
288566,3
270985,2
266291,3
365286,1
306564,1
293912,1
276530,1
263187,1
343479,0
245487,1
335389,2
309656,1
263232,0
329201,1
359243,1
295511,2
263079,1
298560,1
295526,1
360030,1
332163,1
278431,2
370534,3
331231,1
247035,1
347231,3
247672,1
269716,3
241898,1
297412,1
333223,1
368997,1
374133,1
271828,1
288370,1
252032,4
338390,1
354052,1
234991,1
276335,1
325144,1
302724,1
274619,1
381252,1
270833,3
341392,0
369049,1
339509,4
284656,2
354380,1
315235,1
299362,1
284147,3
275849,1
238438,4
310145,1
251649,3
317831,1
364335,1
240974,1
295099,1
366215,1
355726,2
318639,1
381237,1
262299,1
272626,1
348174,1
356891,3
298023,4
350461,1
315806,1
275573,2
235167,1
326564,3
357128,1
311821,4
234974,1
317730,1
334018,1
346886,3
266110,1
364621,2
328382,1
351101,1
318750,3
299877,1
346346,0
307002,3
312187,1
297401,1
239580,2
247569,1
270778,1
297381,1
234631,4
339995,2
313462,1
291139,1
310273,4
352127,1
244546,1
268877,1
323075,0
282238,1
255867,1
297073,1
356369,1
328062,1
346368,1
256172,1
380118,1
320215,1
366400,2
272458,2
287724,1
251290,1
363351,1
290647,1
370343,1
356902,1
348445,4
291513,1
315172,3
242556,1
271128,3
382445,1
315549,1
262478,1
295285,1
297030,1
299781,1
344401,1
341985,1
353235,1
266387,3
378261,1
238174,1
240913,3
343187,1
273571,3
264645,1
268150,1
272002,1
295349,1
338593,1
345875,1
287443,1
296614,1
235548,2
329690,1
282919,2
287780,1
316537,1
300648,3
329322,1
260314,1
262295,1
307293,1
344556,1
295561,1
381881,3
326290,1
366642,1
313456,0
376149,3
309981,0
240555,1
257326,3
371684,1
317049,2
268687,1
250368,1
264839,0
381437,1
330378,1
279886,1
278761,3
317982,1
277309,1
269811,1
290641,2
266589,2
371052,2
292844,1
307442,4
295052,1
246321,1
238975,0
240875,1
287163,2
292560,3
287940,4
329368,1
330733,1
282429,1
305569,1
340879,1
353792,1
333797,2
237844,1
347779,1
356131,1
309554,1
299050,1
315005,3
330252,1
328845,1
377048,1
289114,1
373615,1
308741,1
364830,1
263888,1
372295,1
314601,3
272401,1
273006,0
310060,1
241943,1
301391,3
284297,1
291889,1
321520,1
368255,2
348773,1
259314,4
270740,2
376354,1
310535,1
307649,2
325580,4
324934,1
294824,1
287070,3
301891,1
344839,3
348866,4
298949,3
321140,1
255236,1
302384,1
378179,2
333948,1
328027,3
363869,1
376308,1
258343,2
294924,1
345813,1
313287,1
296988,3
254813,3
258753,3
345539,3
376666,2
347972,4
263329,1
343447,0
264033,3
265099,1
302668,1
240250,1
374218,1
310032,1
294674,1
266272,1
354981,1
351758,1
333510,3
334654,1
373454,1
279824,1
374419,1
289538,4
283554,1
243566,1
301596,1
270774,2
246441,1
333799,2
339675,1
335309,3
321488,3
281263,1
242147,1
365398,1
337922,2
238864,3
247159,1
287818,1
304198,1
316400,1
313590,1
370308,1
378114,2
305567,1
334374,1
234808,1
335927,1
251090,2
286113,1
317029,1
323917,3
361399,2
368818,1
334923,1
378918,1
307284,1
305394,1
354444,1
288949,1
241444,1
371283,1
363550,0
311331,1
370109,1
258450,1
242345,2
283399,1
294185,1
375726,1
254204,1
331454,1
249684,3
299558,3
340653,2
280753,1
280237,1
312936,1
355355,1
370265,4
338413,1
260546,1
332490,1
307332,2
276501,2
283165,1
350261,1
359638,2
292175,1
274008,1
293898,1
289156,1
330076,1
248662,1
340717,3
242967,1
344459,1
295647,0
362819,1
346553,0
280639,2
291290,3
243773,0
254458,1
345934,1
333165,2
375582,1
236825,1
382009,1
296527,3
316618,1
294238,2
307849,1
239505,3
375430,1
249055,2
377384,1
239563,1
320366,3
292131,4
292361,2
308081,2
335220,0
309038,1
277301,1
329595,1
361612,3
382691,1
322692,3
265750,4
350620,2
237518,1
352055,2
366554,1
364164,3
323737,1
287595,1
239935,1
297372,0
280703,2
322955,3
340418,3
377344,1
320426,1
255311,1
238130,1
288496,1
372513,1
313860,1
293150,1
347694,1
363381,3
257427,4
316193,1
355760,1
332328,1
271474,1
254674,1
287008,1
351406,1
382667,1
336793,1
238457,1
328304,1
363761,1
311256,3
375003,1
367024,1
235687,1
236281,3
285910,4
265215,3
245278,0
321487,1
370532,3
253169,2
327583,3
250768,0
374368,1
292375,0
364271,2
253460,1
325258,2
329132,1
239687,3
368704,1
361079,1
375049,2
276816,2
246936,1
297483,1
242053,1
251678,3
252222,1
276444,2
244975,3
365411,1
360824,1
362452,2
271413,1
356846,1
323078,1
280517,1
312838,1
277305,2
237875,2
366207,1
359990,1
332325,3
325508,1
266132,2
325053,3
277191,2
330241,1
330638,1
315926,1
361155,3
279796,1
235466,4
331272,1
250543,1
275104,1
242269,0
273288,1
310676,2
302057,1
278201,2
363929,2
313379,1
302908,1
374341,1
270719,1
327372,3
264755,0
289412,1
327659,2
370107,1
300600,1
272863,1
263275,2
252967,1
249810,4
352353,1
282640,1
307183,1
378437,1
372265,1
339224,3
282262,1
271329,2
240967,2
333987,3
290527,2
265428,2
246928,1
344185,2
250337,1
334752,2
259147,1
363491,1
289334,1
337024,3
345007,1
333399,1
346331,1
316416,1
267442,1
252355,1
261581,1
276339,1
258362,1
368570,1
300689,1
239569,1
284875,3
312019,2
242921,3
361329,1
237262,1
323616,1
286435,1
365041,3
330850,1
301358,1
359233,1
241274,1
307918,1
346149,1
337148,1
302966,1
334563,2
330657,1
242950,2
278665,1
312611,1
335011,1
320929,1
253009,1
318128,1
238866,1
323561,1
341873,2
356078,1
331219,1
372739,1
286383,1
339919,1
325495,1
310804,1
375539,1
298080,1
287042,1
261431,1
316494,3
339470,1
316169,1
306364,1
245203,1
237888,3
301835,4
329344,1
312264,1
306473,2
338062,3
282088,1
367436,4
341111,1
378921,1
363367,1
236790,1
249947,1
247290,1
343762,1
272777,4
377863,1
298339,1
370276,1
261267,1
237544,1
252651,1
257492,1
301686,2
237243,1
355542,0
272352,3
291310,1
347815,1
242751,1
276552,3
288700,1
344721,3
258653,1
313352,3
237765,4
365892,1
272157,0
306579,1
310255,4
364741,1
286952,1
295343,1
285422,1
273829,3
297555,1
303319,1
240188,1
309236,1
298538,4
290002,1
288517,0
300555,1
351447,1
285150,1
286586,1
351217,3
376241,1
259881,1
283124,1
320246,3
273896,1
346535,2
368448,1
260292,2
381662,1
264969,2
332300,4
234938,1
285026,2
371146,1
316759,3
364466,3
319320,3
239951,1
340702,1
316575,3
259285,1
303617,2
312463,1
328157,1
285386,1
250726,2
356501,3
350240,1
324102,1
339359,1
306698,4
311711,4
275136,0
371600,4
339682,1
320997,1
249260,1
294480,3
272862,1
279524,2
326027,3
268871,1
311445,3
381075,1
283315,1
302276,1
319995,3
287457,4
287351,3
326614,1
343073,1
328284,1
340271,1
241380,1
337352,1
256552,1
339704,2
336908,1
382172,2
351980,0
339755,1
360753,1
290159,1
365964,1
295021,1
266553,3
248462,1
285789,1
302733,2
247288,1
377410,1
380770,2
295581,1
235826,1
360721,1
253703,1
326124,1
337145,1
339794,1
327442,1
316953,0
353945,1
368402,1
367790,3
377904,1
320482,1
278878,0
257626,1
311993,1
376942,1
333670,1
261245,2
304721,1
379926,1
256506,1
305705,1
334849,2
275032,1
252788,1
262837,1
310445,1
249603,1
256374,1
248297,3
264488,3
300695,3
335968,2
360446,1
250967,1
264029,1
298425,1
354409,2
288026,0
380032,1
323975,1
319870,3
257471,1
248102,0
338841,1
340301,1
276883,1
344283,1
350843,4
264804,1
309207,1
319038,1
364536,1
317093,1
341885,1
372206,1
237396,1
236403,1
350621,1
312283,3
266242,1
308447,1
341647,1
280580,3
258564,2
271026,1
285567,3
311608,1
368785,4
344925,3
262891,1
378033,1
321139,4
280311,1
327687,4
290437,1
299856,2
363443,1
371792,1
357298,1
361910,1
340479,2
267191,1
265475,1
253581,2
236480,1
263188,1
271899,3
365322,2
266646,3
306134,1
239388,1
303188,1
252901,3
345923,3
313355,2
294464,1
347864,1
267674,1
251541,1
310086,1
243446,1
264003,4
370184,4
324925,1
288872,3
322949,1
285621,1
312557,1
284791,1
292878,1
295607,3
295754,1
371949,3
372214,1
245819,1
243454,1
255398,1
329176,1
313218,1
277293,1
352644,1
244630,1
311477,1
359855,2
355169,1
240732,1
277283,1
305827,2
367400,1
364936,1
365732,0
297546,1
347013,1
354445,1
258783,1
371736,1
247581,1
255386,1
260906,1
294894,1
352744,1
286128,1
363341,1
336958,2
345092,1
338310,1
303275,3
316712,1
328686,1
282273,1
274117,1
236881,1
380835,2
272773,1
336237,1
353161,1
289666,2
362502,1
304703,1
251232,1
379902,1
334632,1
371383,1
316894,1
257094,1
324169,1
239735,1
246169,4
253133,1
280339,2
272424,1
315330,1
302953,1
340086,1
283276,3
237011,1
311591,2
338951,1
279578,1
286036,3
242263,1
268824,1
360619,1
325227,2
275409,1
305852,1
313032,1
252893,1
364073,0
330406,3
253432,1
238777,1
304618,1
373628,1
326773,0
380412,3
364053,1
368251,0
290361,1
315377,1
329018,1
275563,1
286356,2
296542,1
361747,1
246237,1
264848,1
318657,1
295728,1
325664,1
274229,1
379163,3
296075,4
289770,1
373603,1
258398,1
284649,1
312487,4
339487,3
382123,1
368174,2
373557,1
290922,2
304053,1
239737,1
339015,2
241265,1
263714,1
378754,1
378586,1
300371,1
237806,4
374021,1
238093,1
359434,1
354299,2
259242,1
318362,4
279210,1
280660,1
323298,1
338335,1
292313,1
252194,1
274705,1
314741,1
290060,1
267633,1
291175,1
258981,1
252616,1
345453,0
347616,1
351140,1
244877,1
238772,2
299500,1
349676,1
310844,4
283440,3
303051,1
367765,3
360850,1
250860,1
329308,1
342480,3
300061,2
264649,4
326921,1
291825,1
365000,1
323450,1
245834,1
239165,1
333249,3
326665,1
375942,1
324694,1
327373,1
311635,1
255214,1
349025,1
353660,1
253114,1
272854,1
263863,2
287423,1
261301,1
261368,1
358928,3
317038,1
281972,1
251227,1
369564,2
349137,4
284512,1
365842,1
259944,1
368568,1
255541,2
253531,1
345219,1
257202,3
338533,3
246791,3
241635,1
337818,1
257466,1
340857,2
302943,1
322500,2
311332,1
328917,1
285732,1
290891,1
246174,2
343318,1
267783,1
336561,1
356071,1
268884,1
363790,3
237466,3
284087,0
366561,1
381759,3
358170,1
272800,4
285915,1
332407,3
365783,3
286873,2
324924,2
281499,3
280534,3
373927,1
242293,3
256555,1
315362,3
343350,1
237662,1
264592,1
313099,1
368349,1
353386,1
304892,3
361636,3
343095,1
241770,1
378527,1
336853,1
363533,3
365102,1
291164,1
298948,3
279904,3
241469,1
322424,1
311815,3
330746,1
322346,1
285758,1
357249,1
276534,1
308398,1
308078,2
311403,4
323083,1
320923,3
374430,1
347664,1
356334,1
262783,1
235557,1
360956,1
254926,1
376516,2
382466,1
301426,1
238755,3
352465,1
382543,1
335703,1
301070,1
276162,0
249335,1
316341,1
371633,1
356276,1
288347,1
303823,1
352905,1
324538,1
310559,1
286915,1
371882,3
346992,3
318717,1
321646,3
344822,1
288252,2
327368,1
262763,1
345108,1
266404,3
248216,1
278055,2
372622,1
376758,1
347074,0
262057,1
357233,1
379320,1
268546,0
238309,1
340069,3
249566,4
336015,1
329351,1
308047,1
253964,1
348653,1
309845,1
257209,3
262964,1
298018,1
265227,1
270742,2
262607,1
261455,1
274055,1
367892,3
337466,1
363677,3
333911,1
365543,1
244267,1
359531,1
379019,3
312438,1
321036,3
375417,1
329288,1
370042,1
347768,1
375429,1
308487,1
317311,1
324197,1
285531,1
382728,1
363584,1
240274,3
241253,1
312740,4
322473,1
292374,1
378143,0
321777,1
360514,1
375880,1
381061,1
235251,4
361020,1
283964,3
284584,1
288342,1
247454,1
334175,3
347252,1
335939,1
271103,2
361736,1
292531,1
253257,3
323010,1
372119,1
278598,1
349076,4
290518,3
305400,1
243923,3
314209,4
334065,4
273450,2
303019,0
310289,1
284878,1
329333,1
315590,1
257910,1
278039,1
281240,3
326776,0
271973,1
377797,3
292457,1
239909,1
244132,1
267182,1
285837,1
288281,1
333822,1
289915,3
297303,2
355475,2
271726,3
298765,3
281269,1
318956,1
381436,1
375703,1
374614,3
361474,3
251075,3
286380,1
235264,1
254532,1
286070,1
354964,3
328006,1
261588,1
340391,2
258018,1
313004,1
271963,1
307014,2
260098,0
237580,1
301271,1
311454,1
305140,1
262793,1
329272,1
337877,3
283516,1
294580,1
243178,1
368682,1
237487,0
349424,1
295771,1
316672,1
259349,3
299177,2
285129,1
318926,3
377348,1
258280,1
252461,1
262261,1
299423,1
371982,3
358911,1
357759,3
288807,1
341688,1
255013,1
350976,0
365511,3
317810,1
355338,1
378438,1
238632,2
340315,0
246085,1
314921,1
264674,1
321034,1
278659,2
379619,1
285173,2
344515,1
284865,3
283337,3
255704,1
338777,3
315589,1
357230,1
348620,3
248113,1
292196,1
344762,1
270301,1
337185,1
282961,0
295264,1
321259,1
256955,3
350219,1
336972,1
273290,1
267983,4
304811,1
254037,3
316074,1
331989,2
301103,1
279037,1
238128,1
295318,0
376345,1
253245,2
369456,1
330382,1
296663,1
299384,1
374964,1
278347,3
297125,1
357151,1
356095,1
300584,1
349973,1
280155,1
360844,1
378275,1
374986,1
276366,3
265816,3
359637,1
317549,1
372193,1
276499,0
235416,1
327165,3
291985,1
344523,1
328418,1
276752,1
267582,1
362247,1
333924,1
298260,2
289617,1
318957,1
363679,1
320376,1
350726,1
346486,0
311050,1
243474,2
332357,1
335873,1
318701,2
315688,3
372561,1
368753,1
255683,1
297867,3
283101,1
257248,3
316369,1
375884,1
326930,1
372013,3
240894,0
286184,1
273448,1
349429,3
243423,1
357222,1
316910,2
353954,2
271373,0
350942,1
283392,1
355119,1
235916,1
347325,4
268318,1
245739,1
282814,1
275506,1
303502,1
323529,0
272439,1
239532,1
331954,0
365811,3
345352,1
305966,3
355149,4
311765,1
317194,1
337265,2
303646,1
290258,0
281764,1
375632,1
260562,1
251250,3
273608,1
265152,1
341995,1
258735,1
343592,1
339862,1
325683,1
369810,1
264466,1
361502,3
349102,1
291178,1
355447,1
271016,2
351143,2
343944,2
372327,0
275467,1
251111,1
292101,1
377752,3
299679,1
267292,1
351965,1
301060,1
291368,1
349366,1
270428,1
310874,1
291902,3
278235,3
322732,1
265751,1
347318,1
330427,1
247783,3
336554,1
236612,1
296046,1
285007,1
371123,1
309777,1
338273,4
361775,1
351336,1
252556,3
288799,1
289756,2
243359,1
255156,1
273878,2
244499,1
236218,1
359597,1
259045,1
298125,3
293113,1
278709,2
318709,3
380255,1
380221,1
362947,2
358063,1
280110,1
289680,1
245200,1
252485,3
240179,1
296398,2
376889,1
287708,1
311313,1
266363,1
282237,1
375814,1
375838,1
276533,1
304451,1
308040,3
294561,2
281455,2
281691,3
289556,3
256678,1
373324,3
376137,3
373270,3
248720,3
267925,0
300391,0
246749,4
292847,1
262928,1
237205,1
329722,1
250789,1
368175,2
266360,2
362466,3
272176,1
341035,1
350811,1
249261,1
260373,1
324783,3
306675,1
258414,1
311199,3
252321,1
300246,1
264740,1
272967,2
267485,3
321404,1
234576,1
351453,0
364311,1
379444,2
322800,1
330458,1
270681,1
245974,1
321010,1
273594,3
309820,1
265128,1
248941,4
320327,1
304124,1
368145,2
283129,3
350959,1
375886,1
307731,4
376890,1
308182,4
314330,1
239461,1
238327,2
310012,3
238378,1
310399,4
289525,3
307880,1
374134,1
353221,1
269579,0
342542,1
338128,1
291611,1
235233,1
319705,3
375440,1
367016,1
245067,2
312118,1
310720,1
317195,1
234625,4
380991,1
242214,3
251633,1
351628,1
355133,1
300063,4
342576,3
362980,1
234894,1
310767,4
261788,1
320889,3
308887,1
364633,2
247338,1
341757,1
292188,1
341599,1
309276,4
359192,1
362882,1
290961,1
310582,1
340578,1
359690,1
355507,1
256523,1
349527,1
346187,1
309342,1
270690,3
365426,1
344663,1
271651,1
244781,1
252917,1
369063,1
242781,0
316819,1
235187,1
245836,1
242317,3
350243,1
320776,1
262173,1
325320,3
376527,2
280206,0
378311,1
345148,1
290408,1
274076,3
316978,1
373914,1
240651,1
374384,1
324897,1
336301,2
234850,2
347985,1
343815,0
262861,1
360293,3
352997,1
336285,1
238359,3
353234,1
315513,1
276941,2
371856,1
356410,1
270376,1
336124,1
286674,1
363179,1
346202,3
340828,2
316406,1
351467,1
320782,1
310121,1
259461,1
357540,3
312145,2
267330,1
316047,1
369062,1
248294,3
330763,1
291653,3
297575,2
317719,1
347164,1
259826,1
282720,3
285991,1
276524,1
365800,1
381589,1
287142,1
254730,1
313917,4
374502,1
276084,1
272799,4
303397,1
239157,1
338036,1
296356,1
325759,1
362221,1
251663,1
379406,1
374188,1
337072,3
320479,1
376551,2
363106,1
355383,0
337811,2
375508,1
337666,2
380340,1
339002,4
357400,3
346282,1
346166,4
289737,1
373323,3
320659,3
276515,2
313719,1
307788,3
305846,1
370134,4
336797,1
272321,1
273581,1
360822,1
244245,2
327817,2
315880,1
361914,0
365324,1
237275,1
336592,1
241083,1
327517,0
333558,1
335167,1
273597,1
317394,1
372874,1
338957,1
294317,2
269344,1
335735,3
375342,1
241544,1
279101,2
250065,3
366293,1
309050,1
272098,1
283691,1
258874,1
381775,3
282701,1
314000,3
307981,1
301468,3
295174,2
319232,2
348792,1
258252,3
343036,1
322142,1
320396,1
335998,1
274961,1
247482,3
328916,3
241145,1
284943,1
367855,3
362500,3
351822,3
342836,1
244766,1
341412,3
295348,3
330820,1
317248,1
381395,4
268639,2
342460,1
297550,1
287985,1
330036,1
377202,1
351282,1
351337,1
354772,3
342215,2
273054,3
352592,1
328075,3
303508,1
244854,1
280303,1
355826,1
335053,1
338104,1
310661,2
347207,1
286506,2
293700,1
371455,1
309763,1
321476,1
359458,0
236441,1
319007,1
368396,1
354859,0
252357,1
249249,1
256771,1
266620,1
264810,1
344021,2
243659,1
375526,1
280977,1
303110,4
324448,1
274528,1
325295,1
298124,4
322465,3
349457,1
272670,1
336223,1
295995,1
362705,1
372865,1
340087,2
370013,1
339732,1
350418,1
247977,3
291975,1
304146,1
328775,1
361340,0
243536,0
374343,1
250165,1
374874,1
332495,1
339193,1
281921,2
364422,3
238207,1
370706,1
306778,1
295119,1
267195,1
254992,0
285091,1
252389,1
297788,1
280654,1
316503,1
289178,1
332954,1
310411,1
315958,1
331739,2
328270,1
303696,0
240720,1
335264,1
309325,1
275482,1
379473,0
278441,3
310896,1
301495,0
281426,2
247092,1
246769,1
288046,1
365491,1
354705,1
265898,4
282506,1
250694,3
266328,3
265551,2
321096,3
281910,1
260448,1
268207,3
349581,1
283192,1
238046,1
254626,1
282152,3
293445,1
301675,3
337068,1
317907,1
288116,2
355158,1
378511,1
284618,1
372422,2
290848,1
263644,1
318556,1
294863,1
245581,1
266520,2
321509,1
245982,1
348364,1
321448,3
271433,3
283536,2
254737,1
339051,1
248241,1
377806,3
308202,2
336054,1
339567,3
364089,0
363476,2
376767,1
284839,3
326515,1
268418,1
242532,1
272242,1
257934,0
366919,2
292440,3
273533,0
375384,1
349120,0
271706,1
251971,1
323951,1
318778,1
305934,0
343099,1
342234,3
247545,1
324182,3
339589,1
359108,2
327958,3
236606,1
340902,1
315262,1
288210,4
317586,1
345659,1
239274,0
301471,2
305358,1
280848,1
370007,1
376637,2
329732,1
287677,1
374735,3
238064,1
252319,1
252325,3
379254,1
319218,1
326255,1
346057,3
262274,1
292043,1
307091,1
339701,3
249760,3
249501,1
283389,1
245802,4
275818,2
326067,1
258754,1
344524,1
348545,1
358076,3
295884,1
333026,1
372002,3
247154,1
310644,1
344888,2
346344,1
274187,1
362584,1
237494,3
289405,1
356857,1
305838,1
277227,1
330590,1
280494,1
293413,3
305018,1
380816,0
372298,1
314913,1
379646,1
261959,4
375864,1
346338,1
307996,1
314889,3
263172,2
325937,1
255189,1
318698,1
330327,1
337894,1
245282,1
281803,1
348504,1
288721,1
285082,1
357004,3
269377,1
344260,1
337819,1
338612,1
327256,2
300054,1
248210,1
307579,0
246775,4
329361,1
318058,1
243252,2
381540,1
323805,2
318483,4
290081,2
244274,0
289578,2
274730,1
339153,3
307139,1
285849,1
263686,1
313811,0
242433,2
291648,1
354739,0
290235,1
310966,3
309244,1
242233,3
375987,1
366571,4
301756,2
363833,0
318895,1
247240,1
284927,1
240106,1
291215,1
273254,1
353199,1
304862,1
303375,1
286545,1
354987,1
237926,1
327580,0
351162,0
280402,1
330023,1
332654,1
373501,1
366266,2
320518,1
320079,1
272950,1
240810,2
374709,3
269699,1
364461,1
294375,1
275593,1
362696,1
276827,2
350173,1
286844,2
246246,2
356536,1
297954,1
304045,1
366298,2
321343,3
347087,4
238565,1
273706,1
297733,2
236877,1
261462,1
334706,2
250733,1
300442,1
346295,1
310645,1
247116,1
322967,1
287606,1
248700,1
286354,1
248186,1
373524,1
235665,4
382154,2
243223,1
278653,1
382539,1
253937,1
321189,3
276440,1
282541,1
291496,1
349300,2
266193,4
320942,1
367276,1
236576,1
254832,1
376046,3
323204,1
248684,3
301456,1
349824,2
265014,2
358235,1
344715,1
313100,1
313520,1
351292,1
330880,1
318213,1
244929,1
343430,2
255244,1
274320,0
270737,1
239450,4
280844,3
290892,1
238644,2
295896,1
281412,1
253184,1
244682,3
295091,1
291260,3
289386,1
237538,1
291494,1
356235,1
299597,1
286720,3
325078,1
310569,1
356302,3
293259,1
341707,1
325105,1
356101,1
289981,0
325309,1
240003,1
325827,1
245984,1
279585,1
362479,1
358599,4
324127,1
256872,1
256583,1
257252,1
296733,2
322302,3
319084,4
311516,4
297403,2
258624,3
297825,0
306092,2
363555,1
300920,1
284029,1
252186,1
380290,1
376433,1
304069,1
324779,1
277861,1
268386,3
367063,1
315162,3
317404,1
339108,1
306421,1
252299,1
304084,1
284168,3
339786,1
274963,1
238103,1
300605,1
287916,4
353090,4
362400,1
363856,1
262378,1
242965,2
346581,3
299857,1
319852,3
303400,1
300901,3
315361,1
285729,1
362937,1
350902,1
371083,1
238363,2
285610,1
280685,3
266738,1
313204,1
354025,1
240140,1
320565,1
305979,3
363199,2
255026,1
330249,1
319591,2
300776,1
249044,3
239670,1
328546,1
363785,1
378947,1
297639,1
283928,1
254340,4
240745,1
333523,1
327513,4
297554,1
304200,1
308425,1
327107,1
280959,0
270007,4
287753,0
236044,1
356991,1
363063,2
262334,3
245452,1
303639,1
372626,1
381042,1
349054,1
338262,3
338758,3
271446,1
370079,4
357700,2
354196,3
254139,3
281821,1
362628,1
338346,1
282673,1
295238,1
295990,1
270780,1
348779,1
313104,1
373555,1
348368,1
321465,1
253769,1
289129,3
367666,1
310025,3
276668,3
310632,1
307294,1
331580,1
325826,1
377984,1
318837,3
330307,1
342139,3
279624,1
259486,0
367456,1
370625,3
238169,1
277924,1
244886,1
236639,1
248944,1
379652,1
325609,2
341234,2
283640,1
343149,1
264348,1
320663,1
353190,1
337295,2
237877,2
328975,1
290464,1
242301,0
349658,1
281832,3
336389,1
368893,1
252152,3
305534,3
272598,1
299980,1
349459,3
266944,0
318537,1
328622,4
362290,1
325368,1
243215,1
322794,1
332742,3
330620,1
336037,1
289008,1
263700,1
288216,1
319067,3
310163,1
327603,3
378156,0
366504,1
263511,3
236258,1
324084,2
296556,4
236474,1
234855,4
270565,1
274119,1
283730,1
351808,2
319005,1
273195,3
236841,3
269990,1
370988,2
381305,1
260746,4
294241,1
278190,1
252642,2
339397,3
377486,1
260835,1
250643,1
258498,1
308411,1
296050,3
271696,1
294253,3
338279,1
306912,2
235906,1
278658,2
250205,3
313620,1
266543,1
250383,1
360179,1
322883,1
249772,1
245844,1
340749,1
354147,4
257651,1
289471,1
273890,1
379413,1
251050,1
357310,1
236969,1
314334,1
291659,3
246253,3
247994,1
292941,1
273267,1
364636,0
269930,0
347866,1
285132,1
346462,4
379591,2
377759,3
351104,3
279074,3
297583,1
293585,2
335078,1
342554,1
271349,1
332426,4
309044,1
282179,1
359899,4
357931,0
374844,1
238930,1
234946,4
316467,1
271809,1
342335,3
304012,1
284354,0
260299,0
269261,3
343276,1
323111,0
321843,1
372065,1
353650,1
285586,1
373861,1
236465,1
375177,2
294626,1
382501,1
370871,2
298871,1
263249,1
325192,1
267572,1
297355,1
286406,2
322526,1
273326,3
328162,3
364992,1
311791,2
239037,1
336028,3
277187,1
364942,1
343778,1
324011,1
324809,3
307326,1
345268,1
318012,1
338737,3
334730,2
369736,1
298098,1
321308,1
371632,1
311292,4
251601,2
250313,1
285687,1
303043,1
300183,1
253157,1
267817,1
330637,1
361634,3
319301,3
255446,1
336110,1
358531,1
297889,1
289796,1
254616,1
257676,1
351109,1
245851,3
368977,1
356477,1
246685,1
269354,1
286195,1
359913,2
277211,1
275123,1
371811,1
339300,2
240691,0
315744,1
241949,1
239602,1
374557,1
357348,1
381476,4
272053,1
331502,2
309715,1
338624,1
381536,1
256964,1
270288,0
261400,1
364117,1
274107,1
342401,1
369065,1
307927,1
239454,1
319760,1
371902,3
252307,3
302031,1
259384,1
308227,1
299652,2
307302,1
241803,1
346134,1
336855,3
279044,1
378679,1
296078,1
274274,1
276791,1
246591,1
268265,2
308994,4
236313,1
238275,1
273858,0
278437,1
261911,1
379724,1
255337,1
284216,3
249036,1
266358,1
365754,1
240901,0
382692,1
299661,1
269511,1
375298,1
243893,1
278626,2
283929,1
265055,1
381870,3
329113,2
366089,1
340804,1
327017,1
302686,1
236399,1
256174,0
264170,2
343783,1
264407,1
260516,1
347842,1
256020,1
235862,1
348772,1
344985,1
318090,3
363669,1
320040,1
333394,1
241221,2
270844,3
371518,1
365175,1
240361,0
263361,2
346834,1
368067,1
362025,1
311958,1
318666,1
272890,1
281985,1
244290,1
367466,1
332392,1
319706,2
268451,1
288837,1
261134,3
303080,1
271205,3
298710,3
329906,1
236219,1
247429,0
357739,2
281698,1
257774,3
318830,1
357928,3
282736,1
331118,1
329629,1
272397,3
287284,1
378577,1
273823,1
237426,1
301190,1
330289,3
236448,1
271459,1
366627,1
363662,1
341365,1
376101,3
235068,1
341329,1
349887,4
360758,1
378611,1
302108,1
248755,1
344598,3
335496,3
285008,1
295918,1
270338,3
304783,1
296058,1
272283,1
349396,1
366061,1
241047,1
235511,4
251171,1
318184,1
317126,3
333589,1
378707,1
380828,2
322768,2
243509,1
292848,1
350670,1
360452,0
348344,3
373216,1
324395,2
341506,1
359575,1
270739,1
286517,2
358869,2
293761,1
315322,3
240587,1
273225,1
336740,1
338479,1
282715,1
341931,3
257635,1
267169,1
368445,1
338156,1
247752,1
308704,3
352104,4
339748,3
248790,2
303119,1
341670,2
343088,1
377783,3
331531,1
272978,2
274241,1
298396,1
305857,3
368793,1
275857,2
242398,2
277410,1
250847,1
345119,3
287441,3
333928,3
235760,3
302633,2
308644,1
334860,1
270770,1
256721,1
237110,1
267270,1
358476,1
352721,1
350999,3
356386,1
325723,1
366998,1
336217,1
306461,1
343231,1
318122,1
270066,2
358773,1
361268,3
280166,3
360900,1
308213,1
251990,1
290986,2
328130,1
321639,1
310236,1
367853,3
320796,1
250316,1
280524,1
298716,1
320670,1
294282,1
369304,1
254301,1
369413,1
302370,4
253304,1
291933,1
268183,1
381580,1
275729,0
237716,1
367390,1
246105,1
272230,2
348394,1
294606,3
331892,4
335590,3
311272,1
324812,1
284113,1
251628,1
335015,1
323863,0
362257,3
251835,3
263975,1
280817,3
299916,1
248409,1
257365,3
369948,1
312221,1
310205,3
372276,1
305472,1
297624,4
311110,1
344875,1
291986,1
237060,1
295807,1
265280,1
253377,1
328943,1
300786,1
264832,1
250672,0
374535,1
326993,2
339888,1
251595,1
262785,1
256551,1
310827,4
246424,2
234790,1
249977,3
264679,2
280260,1
257894,1
362176,1
352920,1
312988,1
315526,1
237564,2
257084,1
301948,4
349942,4
301439,1
344962,1
380668,1
321975,4
289363,4
253857,1
263245,1
280873,0
377923,1
325605,1
314484,1
254339,1
295440,3
263804,3
291745,1
376613,2
368409,1
253135,2
255302,1
274594,1
310113,1
362224,1
261796,4
259682,1
323511,1
344124,1
297384,2
330357,1
287632,2
361442,1
254478,1
337229,3
309167,3
301849,1
354011,1
276881,2
271199,1
361993,1
332377,1
277566,2
287197,1
264222,2
328040,1
275850,1
357275,1
336959,1
281342,1
376220,3
279895,1
241956,1
275050,2
362798,3
301122,1
336708,3
252211,1
315054,1
290356,0
264399,1
268622,1
297456,1
325531,1
286739,3
365836,1
361066,0
372069,1
253239,4
297380,1
310203,1
368464,1
327592,1
254283,1
285167,0
316902,2
303213,3
356093,3
308446,1
249393,3
371796,1
295766,1
282253,1
285288,1
307271,1
363185,1
274304,3
348331,1
297556,1
291596,3
382625,1
249357,1
368383,1
325090,3
347005,3
367290,1
334806,3
342214,2
306545,3
307641,1
340381,1
295605,1
380872,2
375344,1
327397,1
362269,2
275833,1
294473,2
300274,3
283068,1
362794,1
247988,1
366409,1
379538,2
361665,1
311262,1
338463,2
319524,1
256433,1
301485,1
283544,1
316268,2
296730,1
273082,1
289681,1
360889,1
343202,1
357596,1
302864,1
302247,2
308654,1
273534,1
374009,1
246153,1
298109,1
300090,1
270851,3
244413,1
293184,0
272543,1
318838,1
343396,3
357828,3
358315,3
261300,1
289065,1
321542,1
323157,1
250458,3
274972,3
360561,1
341824,1
289613,3
269268,1
268097,1
378012,1
321949,3
327991,1
305684,3
362824,1
337428,2
285489,1
311919,1
244048,1
308179,1
235910,1
335299,1
254692,2
256699,1
363748,3
373231,1
381761,3
357768,1
281670,1
257295,1
359506,1
337866,1
239605,1
285378,1
244385,1
358163,1
299624,1
335491,1
245645,1
247395,1
357260,1
339785,2
283817,1
258034,0
322489,3
310474,1
357480,3
307281,1
370963,2
264245,1
353545,1
375169,0
297800,1
275100,1
345885,1
328398,1
370739,1
351748,2
280538,3
350514,0
250962,4
253640,3
328216,1
378954,1
372713,1
366820,0
359329,3
369844,1
365861,1
339391,1
307356,1
364343,1
288634,1
283221,1
273640,1
375689,1
265181,0
308038,1
382844,1
316215,1
262867,1
382112,1
379854,1
247074,1
301562,2
291252,3
344830,1
273587,1
335980,3
346707,4
291405,1
243092,1
296031,4
343818,0
262353,1
330181,1
330301,1
265093,4
331144,1
340500,1
291917,1
239600,1
244561,1
238204,1
353944,1
321042,1
380352,3
266718,3
244367,1
301731,1
353240,3
238533,2
259058,1
239885,1
302986,1
351296,4
257318,1
245325,1
261388,1
356739,2
288409,1
300565,3
339536,3
337203,3
300156,1
242362,2
330502,1
254630,2
300008,0
363539,1
248371,1
270230,2
338524,3
304788,1
372954,1
250595,1
354900,1
329401,1
378414,1
368634,1
319116,1
367603,1
277484,2
286529,2
280229,3
297089,4
302111,2
264309,1
261293,1
356016,3
381484,4
289686,1
269247,1
324359,2
286129,1
375032,1
326581,3
371246,1
271748,1
247742,1
308082,1
258813,3
255275,1
349965,0
258877,1
239868,1
296654,1
260307,1
237691,1
327844,1
375362,1
317024,2
306835,1
380893,2
246868,1
332026,1
354942,0
295842,1
325276,1
245397,1
248515,1
285822,1
298424,1
267371,1
354107,1
353895,1
374989,1
305944,3
374425,1
382029,1
301723,1
297745,1
302946,1
300446,1
267637,3
279918,2
257066,1
305307,1
359069,1
250995,1
329725,1
308843,1
317103,4
255740,1
241256,1
381735,3
274698,1
265965,1
367884,3
299345,2
293615,1
298135,1
313242,1
262975,1
289425,1
335982,1
285085,1
312301,2
331503,1
257124,0
274739,1
270595,3
381261,1
321837,1
326601,2
290203,2
284815,1
343927,2
305939,1
239158,1
310402,1
357955,0
255771,2
239021,1
369400,1
276764,1
245987,1
292220,3
291018,1
333332,1
357605,1
255925,1
276562,1
261596,2
306302,1
382040,1
279692,1
307198,4
296059,1
308308,1
241983,3
378957,1
375281,1
301597,1
377370,1
256153,1
322886,1
349533,1
303544,1
295124,1
250018,1
240885,0
346805,1
305402,4
312718,1
262890,1
380778,2
254309,1
265943,1
357073,3
241426,1
323657,1
348569,1
325399,1
337796,2
272779,4
253414,1
339507,2
237623,2
380795,0
381825,3
263416,2
381329,1
330910,1
324570,1
352937,3
291052,1
311525,1
376640,2
239800,1
237746,4
297357,0
379483,2
288698,4
376424,1
286900,1
320797,1
337669,1
311336,1
379129,3
267317,1
296594,1
348897,4
296970,1
349079,1
291726,2
316528,1
296482,1
292183,1
377730,3
331171,3
336477,0
235744,1
284936,1
376094,3
301663,1
341848,1
322448,3
327789,1
329738,1
358461,2
364682,1
275188,1
317785,3
263241,1
284269,1
368975,1
316518,1
235283,1
335144,1
256690,1
370523,3
278630,1
235015,4
273610,3
240741,2
309144,1
300370,1
314533,1
248615,1
265100,1
296169,1
357694,1
275791,1
370978,2
286811,1
263576,3
339777,4
276681,3
352014,1
346435,1
341568,1
353770,1
368633,1
341602,1
282125,1
341347,1
347432,2
292432,2
329440,1
335065,3
323877,1
273246,1
327983,1
302304,2
248449,0
348675,2
257338,1
344522,1
262102,1
335455,1
299472,1
258129,1
261207,2
361310,1
262280,1
329975,3
374276,1
274372,3
270522,1
356867,1
282548,1
274681,1
272941,3
277375,3
340411,1
279919,1
328147,1
283115,1
276456,1
382541,1
251487,2
240034,0
312602,1
373002,1
235231,1
376215,3
270244,3
308795,1
280894,3
270643,1
244131,3
378804,4
284383,2
260253,1
334840,1
253795,1
287700,1
307551,1
242615,1
268046,2
234499,1
302260,1
360609,3
312379,4
253706,0
331931,3
290966,4
303520,1
345926,1
245228,0
294605,3
316069,1
373613,1
263905,1
272618,1
304524,1
290378,2
309890,1
246841,3
324577,1
322201,1
371419,1
288196,0
240751,1
253334,1
234791,1
377679,3
269066,1
375776,1
363562,1
297251,0
340195,1
356542,0
273912,2
357943,1
314469,1
263354,1
343554,1
315272,1
312762,3
254850,1
290355,2
327774,1
237766,3
313035,1
242463,1
243954,1
297124,1
289205,1
340583,1
376634,2
260194,1
323192,1
253831,2
324552,1
241882,1
251471,1
241907,2
244141,1
334410,1
341077,2
239476,2
285420,1
358824,1
269756,1
250387,1
306331,1
310597,1
351486,1
334907,3
248443,2
372256,1
246619,1
331135,1
318194,1
251550,1
239273,2
259765,1
262503,2
244435,2
359653,1
250134,1
244483,1
364437,3
286759,3
330071,3
325973,1
337593,2
311001,1
252385,1
353039,1
249395,3
261203,1
238507,3
236317,1
296434,1
241802,1
245420,1
368800,4
283204,1
254400,1
320826,1
276683,3
237903,1
267526,1
350581,1
305635,1
279498,1
361706,3
374137,1
283065,3
355764,1
293160,1
369660,2
257042,1
275638,1
293414,3
363123,1
327349,3
342744,1
364171,1
250366,1
352671,4
269090,3
317898,1
330903,2
254067,4
371425,1
240031,0
287752,3
238486,0
272951,1
267392,1
347176,1
358662,1
242440,0
314181,1
256434,1
297622,1
339270,2
307907,1
298088,1
273382,1
280868,3
248496,2
318226,1
291905,1
355467,1
291249,1
302641,3
311798,1
348901,3
380275,1
354593,1
348463,1
344285,1
235258,1
351189,2
300773,1
293541,1
296756,1
380814,2
266647,1
342701,3
276080,1
259774,1
367948,1
301951,1
362729,1
288237,1
379916,1
368348,1
237458,2
274835,1
252650,1
272423,2
301171,1
241532,1
288386,3
296327,1
259878,3
264582,1
369642,2
317573,1
251532,1
340761,1
256639,3
349902,2
361931,3
249871,3
357183,1
253228,1
363002,1
328644,1
253894,1
341673,2
365187,1
310077,1
377731,3
302347,1
373312,3
337433,1
343319,1
309681,1
354949,1
299645,2
257334,1
379466,2
243026,1
339594,1
252075,1
313571,1
326090,2
259405,1
235922,1
369150,3
337384,2
376528,2
345705,1
291040,1
359932,1
248440,1
349041,1
290036,3
359482,1
378193,2
330384,1
324760,3
307443,1
255540,1
243363,1
309095,1
257340,1
315680,2
317769,1
321594,1
251840,3
245045,4
301125,1
308784,3
354327,1
286762,0
360536,1
243696,2
353904,0
371531,1
319460,3
346408,2
289534,4
247833,1
318186,1
377745,3
367383,1
302708,1
375502,1
334418,1
335156,2
305056,1
250287,3
329054,1
305204,2
374068,1
373556,1
312733,1
289794,1
293533,1
240695,0
318001,1
288064,1
333834,1
332129,1
325900,1
283723,1
324078,1
355607,1
271326,1
313408,4
254206,1
307791,2
367203,1
331963,4
236392,3
257911,1
356756,2
284959,2
287526,4
345116,1
333814,1
266809,1
334086,1
376359,1
260633,1
380230,1
304109,0
312863,2
342469,1
241294,1
291361,2
290911,0
277980,1
351501,1
323248,4
325379,1
285466,1
276401,2
254565,1
347636,3
245418,2
269689,1
267205,1
336153,3
376442,1
279907,1
257625,1
307324,1
378522,1
257231,3
246119,1
236553,1
382303,2
279684,1
280365,1
332305,1
296205,1
245467,1
246884,1
314434,1
351833,1
328354,3
265330,3
297468,1
311758,1
241116,1
356390,2
301533,1
308699,3
382638,1
269449,1
285282,1
367533,1
329971,1
347445,1
288410,2
312276,3
332228,1
313272,1
242799,1
259047,1
273148,1
303518,1
239900,0
365161,3
354019,1
289411,1
382191,2
351511,1
321523,0
326347,1
335946,1
267880,1
356943,1
375898,1
330507,1
327626,1
292140,0
317638,1
269580,1
237471,1
315425,2
267875,1
273643,1
248344,3
270977,1
321967,3
279785,1
359604,1
270750,2
328306,4
379883,1
251151,3
241171,1
271051,1
363033,3
328794,3
354215,3
341358,1
354528,1
382409,1
259251,1
304365,1
316732,1
280011,1
278751,2
354910,3
343902,0
254809,4
235807,1
337348,1
302704,1
312569,1
277370,1
269979,3
361782,1
351093,0
348354,1
363798,1
351398,1
329110,1
321593,1
316211,1
273157,1
326212,4
274393,1
315381,1
311984,3
315546,1
249801,4
317592,1
375337,1
339893,1
254035,1
346854,1
277278,2
319477,1
325845,2
254452,4
327591,1
316353,3
363650,1
273702,4
302590,1
355299,1
351403,3
349105,1
254724,1
337487,1
238443,1
313628,2
356601,0
264632,2
243401,1
375278,1
312023,1
300055,1
357710,3
255289,1
251535,3
278142,1
348385,3
337013,1
238478,1
312060,1
358680,1
312978,1
310353,1
281584,1
320731,1
358812,1
376153,3
251687,1
246881,1
375325,1
358016,3
343191,1
257614,1
304637,2
272648,1
291407,1
240602,1
290207,3
306660,1
286842,2
375189,1
338893,2
349586,1
306961,1
267214,0
265878,0
280129,1
264459,1
275650,1
378562,1
338929,1
237502,1
260309,1
298926,1
323516,0
314488,1
304511,1
250738,1
258728,1
245695,3
257167,2
303787,1
251955,1
319017,1
276887,3
316265,1
327883,1
323466,1
263061,1
266043,1
253256,4
252644,1
339392,3
303187,2
355633,1
288771,1
283153,1
319465,3
333159,2
379856,1
342168,2
336252,1
329199,1
276587,1
238937,1
318073,4
322693,1
303411,1
271471,2
371728,1
315773,1
299886,0
309799,1
331453,1
319730,4
357922,0
354847,1
325843,1
240797,1
296993,1
271300,1
375438,1
237915,1
249128,1
361136,1
358688,2
380395,3
334273,2
349657,1
375371,1
249125,1
338199,1
266639,3
362907,1
372551,1
337748,1
364902,1
249902,1
302264,1
256510,1
317691,1
328823,3
274162,3
324326,3
382327,0
372225,1
289755,4
274438,1
263556,3
245517,1
303897,1
364231,1
309657,1
364546,3
362686,1
367816,3
248583,1
268369,1
315068,2
325681,1
330316,3
283509,2
283285,1
355207,0
278224,1
364129,0
332899,1
291714,1
350641,2
310453,1
311541,1
284985,1
270859,1
341344,1
335221,1
303945,3
257687,1
307250,1
288185,3
301005,1
259974,3
251288,1
340245,1
304803,1
358534,1
278901,1
336581,1
308526,2
294622,3
280560,3
285917,1
283494,1
264074,1
295915,3
278508,2
270943,3
350952,1
323089,1
311298,1
306578,1
339615,3
308982,2
334108,1
328988,3
245403,1
348727,3
309853,1
354179,1
345259,0
283992,3
243621,1
288365,1
356330,1
347791,3
337970,1
363457,1
341148,1
284223,1
309126,1
324794,3
317288,1
342478,1
346051,1
334995,1
323293,3
351879,1
295208,1
365226,1
292598,1
318283,1
331276,4
310614,1
367639,1
323426,1
310692,2
331402,1
326269,1
249436,3
347774,3
366248,3
251204,1
259452,1
253886,4
284188,1
335853,2
251512,0
354838,3
345821,1
302426,1
381081,1
353635,2
349897,1
354061,2
377073,1
363542,1
353649,4
342743,1
247702,1
270205,4
310623,1
361614,1
253580,1
302722,1
261355,2
380457,3
361018,1
380632,1
290665,3
247306,1
362404,1
340750,1
287709,1
315060,1
332506,1
338388,1
335875,1
239954,1
288001,4
267254,1
281716,2
311839,1
378609,1
270098,1
358078,1
363072,1
257586,2
352128,1
354181,1
344045,1
356765,1
286073,1
328980,1
324959,1
357295,1
287081,1
373152,1
295143,1
334965,1
303472,3
355156,1
371309,1
284867,2
343817,0
284964,1
368238,2
270709,4
246193,1
334544,1
242247,2
237038,1
269647,3
297817,1
306889,1
344486,0
255426,1
267488,3
323972,1
282170,1
247059,3
263121,4
345040,1
283367,1
346039,1
277384,1
290623,3
345776,3
239845,2
268363,1
376563,2
241704,1
376747,1
294689,2
374593,1
371755,1
261345,1
234870,4
244376,1
308879,1
334354,1
287631,2
366221,1
279543,1
350180,3
361439,3
328522,1
238844,3
340166,1
269423,0
290383,1
259145,3
368745,1
243973,1
332597,3
375967,1
324474,3
367920,1
374369,1
306280,2
257347,1
344653,1
366052,1
347048,1
334483,1
254462,1
364693,1
321674,1
274925,1
256788,1
278337,1
280144,1
367625,1
295096,1
281837,1
380845,0
330037,1
347578,1
363993,1
348279,4
352074,1
380973,1
382120,1
333234,3
382785,1
279776,3
243897,1
282954,3
346633,2
342489,1
249184,1
377660,3
248892,3
253476,1
380938,2
267439,1
355878,1
310117,1
263584,3
293468,1
249746,1
328601,1
335277,1
376077,3
378927,1
281531,3
315354,1
365185,1
347954,4
314237,1
324998,1
325600,1
242909,1
348594,1
357813,1
300143,1
367304,1
353178,1
295377,1
247572,4
313277,1
332212,1
345956,4
375482,1
243742,1
357013,3
248730,1
240938,1
355527,3
285303,3
242335,1
321388,1
360002,1
332494,1
366853,2
320374,1
252653,1
260168,1
277236,1
235303,1
344628,1
258718,1
360233,1
314258,3
313012,1
269918,1
249960,1
246976,3
314664,1
271482,1
365597,1
249821,1
347556,3
376102,3
263151,2
328895,3
244707,2
345933,1
236672,1
356781,3
296280,1
360022,1
320319,1
344310,2
259923,1
361381,1
289290,2
311481,1
362016,3
357879,1
288855,1
291010,3
345381,1
276659,1
319446,4
379679,1
258691,2
319802,1
367350,4
326141,2
310306,1
268080,1
315197,3
327110,2
287630,1
335109,1
362218,1
320111,2
324914,1
377021,1
356844,0
336336,0
331091,3
286213,3
365614,1
322516,2
272258,2
373907,1
336812,1
380472,3
265316,1
241089,1
253566,1
252931,1
312154,2
277245,1
236703,1
311431,1
296000,1
343564,2
344276,1
349601,1
254040,1
257799,1
352037,3
351353,4
368573,1
338380,4
264288,1
375759,1
276913,2
288593,4
287452,0
262246,1
321345,3
342347,3
299887,1
253738,1
364393,1
379330,1
261320,3
275642,1
298375,1
380218,1
246394,2
355672,1
319827,1
347681,3
267915,1
355298,1
326053,1
273811,3
289692,1
242155,2
349778,2
327189,1
351695,3
252759,3
292032,1
259213,1
317230,1
261099,3
241517,1
306577,2
339112,3
250319,1
273073,1
309935,4
332830,3
296085,3
251098,1
360579,1
244905,1
256596,1
296348,1
377641,3
260892,1
341153,2
296429,3
269500,1
279122,3
328913,1
243117,1
246401,1
347562,2
325350,1
342578,3
284799,1
323867,1
363699,3
235969,2
370791,1
324880,1
258575,1
328867,1
314671,1
280321,1
275258,1
299621,1
327531,1
244555,3
378646,1
323566,1
377263,1
357424,1
246790,4
299263,1
256569,1
267825,4
362710,1
326740,3
298856,1
330359,1
370580,3
276665,1
349859,1
339073,1
301024,1
241375,1
323447,1
338804,3
277717,1
297607,0
315523,1
322454,1
304471,0
242911,1
244255,2
316363,1
297717,1
315114,3
312843,2
368455,1
300927,4
366524,1
277071,1
244346,3
294943,1
312704,1
379004,1
304364,1
308282,3
319008,2
260960,1
295345,1
239455,1
369181,3
334226,2
327718,3
270077,1
318331,2
368820,4
235828,1
319052,1
320509,2
275151,4
350915,4
324483,1
297266,3
295020,1
324797,3
373008,4
306514,1
319032,3
277817,1
244659,1
318167,1
265044,4
374403,1
300453,2
339969,1
343249,1
340006,3
374740,3
282196,3
321976,1
291065,3
314550,1
337255,1
303388,1
345192,0
340854,1
359706,2
268440,4
334092,1
322335,0
379080,3
250249,0
253312,1
235091,2
282445,1
359459,1
361487,3
285481,3
308253,1
335335,1
237200,1
354187,1
256239,1
243580,3
363926,1
318192,0
263025,1
342870,1
257438,3
362478,1
331976,1
325223,1
270834,1
345744,2
371815,1
370581,3
260167,1
273978,3
249344,1
327055,3
288029,2
272634,3
371335,1
272604,3
256425,1
277614,1
333179,1
285236,1
283471,1
316917,3
279034,1
362617,1
363916,3
276365,2
331965,1
268192,1
260378,1
325387,3
286030,1
283156,4
243918,1
377654,3
276843,1
365349,1
301435,1
254236,1
333275,1
347442,1
326020,1
338943,3
377569,3
242469,1
277168,1
319571,1
315560,1
240479,3
322817,1
298495,1
322603,3
236609,1
315414,0
332196,1
376143,3
248021,1
234593,1
343930,2
288862,2
305109,1
323824,1
266681,1
278327,1
301225,2
345263,3
289901,4
358149,3
295365,3
285530,1
357849,3
310884,1
354433,3
358422,3
304531,1
285000,3
341976,1
353876,1
364608,3
375098,2
253871,1
263641,1
254646,1
279581,1
371616,4
369309,1
360082,2
275950,1
242165,2
333691,1
300968,3
297721,2
266144,2
271215,3
276583,1
299822,4
327788,0
318469,1
325633,1
255894,1
299687,1
262844,1
305585,3
260383,1
325931,2
379035,3
264554,3
250674,0
287038,4
282650,1
342275,3
303428,1
247329,1
313613,1
332587,4
249346,1
301414,2
321619,1
257870,1
350285,1
362895,1
293401,3
304687,1
259274,1
238981,2
287874,3
312492,1
363400,1
284694,1
326721,1
303211,2
251054,1
324641,1
309149,1
328083,1
259676,1
359603,3
272014,2
315941,2
237907,1
268001,1
279586,1
280297,1
376597,2
369408,1
271369,1
286731,1
361285,1
302325,2
282118,1
358019,3
269400,0
364991,3
332218,1
369533,0
280527,1
308295,1
344406,1
327141,0
295197,1
326759,1
255548,1
355296,1
364261,2
348622,1
368990,1
272813,1
364753,1
238958,1
288426,1
372084,1
286099,1
292715,1
234485,1
247499,1
238261,1
346389,1
381723,3
331590,3
318944,3
311942,1
300934,3
248706,4
265345,2
370286,1
253356,1
242836,3
335140,1
369014,1
265071,1
350403,2
373717,2
323549,1
243719,2
329608,1
327724,1
289245,3
248688,0
333474,1
310886,1
372164,1
255291,1
302770,1
351853,4
255589,2
353863,3
281593,1
242580,3
277921,1
343568,2
345288,0
250104,1
240538,1
250765,3
327598,3
335516,1
328974,1
243809,1
254180,1
262746,3
298325,1
329713,0
237191,1
260729,1
260496,3
312672,0
325290,3
371860,1
375641,4
260186,2
382499,1
344700,1
310202,1
319176,3
240207,1
235301,1
243879,1
300170,1
332363,1
313712,1
342961,1
286370,1
293888,1
356384,3
270275,0
274349,1
304636,1
376138,3
276101,3
343423,1
234717,2
355218,1
258024,3
354213,1
289988,1
253494,1
245345,1
257386,1
346671,1
373703,2
241234,1
264564,1
304834,1
356893,3
309201,1
247990,1
273715,1
342391,1
288652,3
297430,0
281192,1
331529,1
354112,0
299790,3
236122,1
287159,1
238052,1
323117,2
256087,3
371345,1
329808,1
355049,1
278171,3
374714,3
370744,1
329761,1
254009,4
372036,3
370562,3
235337,4
238594,1
350343,3
347173,1
306663,1
381928,3
291223,2
379474,2
286591,3
240972,2
256243,1
301738,1
376103,3
253227,1
239054,1
283740,1
303586,1
278620,1
341776,1
337847,1
262292,1
322040,1
283319,2
335872,1
348775,1
250617,1
273941,1
366951,2
355185,1
308596,3
267869,1
345998,1
258558,1
258006,1
286785,1
309142,1
342091,1
292370,2
316026,1
252315,2
256068,1
343086,1
291150,1
326657,1
264138,3
272628,3
335081,1
310716,2
240466,0
248610,1
335973,2
289645,3
282516,1
278704,1
280522,1
280067,1
295205,3
325526,1
298467,1
252029,1
302893,1
235306,1
378871,1
356347,0
291671,1
299097,1
317389,1
265850,1
371763,1
277103,2
301690,1
293925,3
262602,1
263690,3
247135,1
332139,3
349465,2
242623,3
269575,2
274588,1
262335,3
375185,2
350106,4
367658,1
337306,1
353706,4
266791,1
264234,1
356848,1
321016,1
266391,4
258317,1
340984,2
343108,1
272184,1
278367,1
335112,1
311370,1
330450,3
244513,1
322644,1
321821,0
238901,1
355999,1
381667,1
306814,4
255901,1
322460,1
281058,1
237899,4
356746,1
240895,0
350225,2
291872,2
297623,1
269455,1
375005,1
297532,0
365063,1
305533,1
367382,1
351967,3
255437,1
359703,1
245850,3
239045,1
329640,1
295794,1
355410,1
276868,3
288160,1
330680,1
295979,3
282843,1
322413,3
327173,1
371549,1
278109,0
368014,1
349555,0
330586,3
326977,1
331593,1
312774,1
345686,1
295710,1
369330,1
304820,1
264539,1
347192,1
332842,1
253255,1
345039,1
345430,1
341299,1
337602,3
244693,2
290097,1
278478,1
359860,1
320477,1
339132,1
362775,3
325191,1
240693,3
337408,1
284620,1
363701,1
275380,1
269385,3
356973,2
274228,1
332809,1
340852,1
337126,1
283448,1
349026,0
275812,3
287302,4
294224,3
258200,1
300483,1
270896,1
276227,1
344152,2
273138,1
347591,1
320726,3
285237,1
256085,1
299121,1
348164,2
370556,3
271826,0
323429,3
370658,1
256069,1
313239,1
255904,1
285616,3
240519,1
286275,3
362082,1
360285,1
328150,1
351832,2
247218,1
307552,1
282929,3
347321,1
294566,1
239738,1
370088,1
246062,1
240354,1
314301,1
292968,1
254251,1
285427,3
336963,3
328755,1
276584,2
285714,1
378216,2
271520,1
381464,4
297311,2
290559,1
276081,3
375965,1
261623,1
376633,2
277972,1
321040,3
382044,1
240004,0
327882,1
287581,0
236250,1
258655,1
284019,1
312556,1
341740,1
345760,1
325098,1
245298,1
316328,3
343805,0
248120,1
357657,1
273209,1
281324,1
270123,2
329718,3
380985,1
276116,1
320691,4
380593,1
347138,1
373687,2
333210,1
292630,1
361963,2
314555,1
300718,1
328108,1
283533,2
343814,0
324387,1
308842,1
279843,0
361072,3
316462,1
324245,1
350486,1
260800,1
251039,1
350222,4
263966,1
374607,3
290379,3
261033,4
380239,1
377773,3
279187,1
282777,1
376019,3
346953,3
342577,3
318254,1
260725,1
344230,0
340848,1
371801,1
319803,2
370070,1
346290,1
380055,4
290903,3
295301,2
361559,2
360437,1
356462,1
322538,3
363859,1
331634,1
375852,1
304519,2
306955,1
255183,2
370033,1
253393,3
363069,1
366377,3
282925,1
342618,2
241794,1
272355,3
288928,1
357905,1
365414,3
363801,1
257341,1
293762,1
320963,3
283273,1
330685,1
380860,2
263130,3
311304,1
297535,2
356512,1
296985,3
286523,2
323486,1
381895,3
363972,2
321268,1
345620,2
300207,1
353358,1
240245,1
272616,1
292023,1
243629,2
331337,1
305332,3
248127,1
356003,1
337726,3
249665,1
315790,1
264237,1
296110,1
309786,1
240937,1
331040,1
361919,3
302595,1
380407,3
273091,0
367929,1
279695,1
250646,3
277822,1
378365,1
254958,1
274917,1
317995,0
328713,3
299176,1
338610,1
250370,1
292973,3
261680,1
342068,1
327185,0
322321,1
339844,1
346982,1
294360,1
282911,1
294496,1
264805,1
369876,1
237186,1
352835,4
378689,1
269339,2
247989,1
262990,1
287221,1
235097,2
242304,0
254803,1
372856,1
299879,0
352699,2
305536,1
297851,1
249669,1
298751,1
249052,4
363738,1
317428,3
285474,1
249586,3
307785,2
252591,1
244844,1
277772,1
284150,1
240042,1
324521,1
289947,1
270348,1
300842,1
319856,1
294333,1
281776,1
369250,3
347229,1
376904,1
255325,1
270710,1
363090,1
301210,1
367571,1
245269,1
344533,1
245236,0
257390,1
372058,1
283849,1
242148,0
379999,1
237357,1
329305,1
259617,1
289297,1
302399,0
278488,1
259634,1
357889,3
259919,1
337069,1
272522,1
381404,1
314790,1
265323,1
345939,1
345230,1
285431,1
274166,3
300018,3
333835,1
378643,1
250657,1
364750,1
252050,3
334344,2
258929,1
252558,3
344482,1
335336,4
265225,1
324502,1
344707,3
319185,1
280880,3
366917,2
301259,1
312968,1
342329,1
237792,2
283229,2
362666,1
252861,2
242476,1
285003,2
334204,3
270634,3
234913,1
321571,3
291424,1
316133,4
331839,1
300459,1
312657,2
378296,1
309089,1
236959,1
235073,1
323779,1
262883,1
270975,1
241619,1
366402,1
260259,3
344487,3
241376,1
374117,1
358401,3
339261,2
327082,1
358570,1
340521,3
329357,1
283571,1
365001,1
252822,1
271360,2
344945,3
278553,1
288690,1
308672,1
343054,3
280053,1
330521,3
325129,3
295909,1
362962,1
253046,1
308675,1
373571,1
306381,1
381225,1
379300,1
279128,2
246004,1
301855,4
280116,1
321746,0
312461,1
282534,1
296648,1
234990,1
286920,1
243734,1
249500,4
266626,1
330832,1
304631,3
379923,1
247467,1
256034,3
331959,1
241903,1
275436,1
348461,3
366895,2
320867,1
306028,1
349234,1
367138,1
245958,1
358110,1
282183,1
283493,1
272808,1
372109,1
344781,1
281686,1
317522,0
317828,1
240137,1
326498,1
340099,1
359280,3
284898,2
268123,3
361338,1
240347,1
269133,2
242644,3
312244,1
308514,1
378548,1
363990,3
287768,1
305215,2
283501,1
266957,3
332124,1
260392,1
372227,1
278831,1
261111,1
379121,3
309659,1
370251,4
350110,1
266117,1
252765,1
299551,1
329949,1
240641,1
320823,1
316305,1
352543,3
316566,1
272911,1
298394,1
250215,1
279901,3
317406,1
326694,1
337587,1
309435,1
294756,1
242407,1
375034,1
348045,3
354899,1
323563,1
261128,2
371711,1
238109,1
251732,1
246763,1
373146,1
284816,1
346077,1
345644,2
325152,1
297097,4
259891,2
286154,1
358428,1
336172,1
310016,3
319726,4
277131,1
356325,1
258848,1
361689,3
301208,1
266862,1
356775,2
344570,1
325496,1
364464,1
237818,2
334507,2
278094,3
355793,3
317919,1
268738,1
362171,1
378833,1
357148,0
324282,1
329810,1
367960,1
336617,0
236651,1
316792,3
237790,1
381893,3
251785,1
288445,1
301278,1
285379,1
358268,4
346923,3
237036,1
295543,1
355616,1
277495,1
357516,1
373387,3
345455,1
296151,1
380711,1
350646,2
311202,3
295751,1
246423,2
372759,1
361516,1
242085,1
287776,1
296213,3
298825,1
320623,1
295854,1
260303,0
359224,3
340781,2
369981,1
286327,3
250129,3
256605,1
304828,3
306785,1
293516,3
267548,1
325413,4
380375,3
323034,1
309421,1
374149,1
301566,1
268353,1
285390,1
295671,1
278078,2
290343,1
309046,1
270199,2
275399,1
291799,2
287445,1
240613,1
326901,1
379959,1
310499,0
276504,1
371143,1
265682,1
255927,1
298792,2
279228,2
368890,1
258341,2
341909,3
259443,1
317273,3
242667,1
309805,1
323806,1
379672,1
315947,1
338743,1
315894,1
242785,1
275174,2
315782,1
355575,1
314411,3
252277,1
348840,2
317277,1
306949,2
296978,1
366883,2
267886,0
354077,3
379821,1
329354,1
258038,1
377826,1
357635,2
354574,3
268500,3
323281,1
382594,1
256841,2
270894,1
296855,0
293464,1
316835,1
281344,1
260444,1
256798,1
266864,1
270148,1
253553,1
347614,4
375595,1
365642,1
317761,1
262637,1
348235,1
367309,1
288950,0
263835,0
269516,1
325667,1
280266,1
312289,4
350360,2
241325,1
244515,1
360778,3
360572,1
235545,2
250772,0
238226,1
311054,1
322264,1
342807,1
282225,1
298118,3
298957,1
351459,1
324819,1
282841,1
328650,1
282402,1
327836,1
303846,1
364869,1
313823,1
359058,1
289677,1
370861,2
322832,0
299343,2
376718,2
323589,1
307170,4
306655,1
350859,1
309599,3
361581,1
277656,1
243968,1
263665,1
346464,1
342199,1
378009,1
264764,3
245887,1
313348,1
325268,1
269302,2
264536,3
294217,1
355192,3
338594,1
359222,1
331012,3
336417,1
349302,1
331463,1
299673,1
331452,4
240947,1
373737,2
259168,1
329251,1
348245,1
273236,1
332822,1
311661,1
266814,1
284705,1
420651,3
429333,0
429240,1
423734,2
387846,1
426588,2
408446,3
389634,1
421450,1
384565,3
416833,2
392122,1
398152,1
405823,3
390859,1
405373,1
389329,1
383565,2
423022,1
411779,1
420272,1
383509,1
403774,1
422029,3
398035,1
387428,1
430135,1
432637,4
419275,3
414682,1
420871,1
418455,2
429840,1
415964,1
423858,1
397292,1
414748,1
402840,4
435278,1
395583,0
409560,1
427728,1
422274,1
429611,1
407838,1
415548,1
398833,1
421122,0
415953,1
430919,1
386772,1
418939,4
420002,1
418857,1
401938,3
409172,1
414282,2
404776,1
415610,2
391839,1
425316,1
435835,2
418137,1
414810,1
398412,1
389450,1
416995,2
426030,1
415082,1
386095,1
406563,1
435307,1
434965,1
406737,1
385287,1
421825,1
388745,1
401309,1
393231,1
383239,3
395372,3
412569,3
421597,1
403929,1
397029,2
416308,1
390366,2
421335,1
399154,3
435145,4
431985,2
424629,3
397139,1
385088,2
403046,1
387602,2
414037,1
407460,0
416377,1
390833,1
401857,3
387094,3
418769,1
398198,2
404370,3
402815,1
433177,1
393907,3
402370,1
386953,1
418077,1
394017,3
390735,1
417644,1
411561,2
433008,1
423378,3
390579,1
407878,1
430393,3
392204,1
429802,1
417332,1
432822,1
430035,4
430247,1
405951,1
386475,1
435159,1
429187,1
422758,1
409847,3
387062,1
401594,1
419590,1
427898,2
391673,0
431874,1
396073,1
436014,1
401204,1
411608,1
403102,3
406434,1
418667,1
416677,1
403646,1
400977,1
412586,3
383038,1
387498,0
383847,1
427235,4
383963,1
435665,1
390472,1
416956,2
422067,3
403784,1
420452,1
433070,1
429738,1
419050,1
434688,2
393851,3
389667,1
417210,1
412921,0
392706,3
424302,1
384216,1
430515,1
431455,1
432464,1
430841,1
388886,2
400877,2
429885,1
428566,1
412708,1
411305,1
422334,1
431547,3
383328,3
387413,1
428019,2
411736,1
414449,1
429899,1
416340,1
398267,2
422649,1
399394,2
422340,1
386867,1
393175,1
400689,1
426312,1
419706,2
427347,1
409523,4
432882,3
384634,3
421835,1
387770,1
386074,1
433888,1
391808,1
421604,1
400147,1
401267,1
422599,1
420343,1
399972,1
390451,1
411497,2
398699,1
403045,1
435443,1
424826,1
436073,1
407804,1
420591,1
404514,3
419228,3
428041,2
407761,1
433384,1
435420,1
400936,1
417509,1
435687,1
431105,1
429997,1
386615,1
408578,1
416757,1
397033,0
383314,3
431538,1
416824,2
412676,1
387254,1
391127,1
430864,1
411815,1
423794,2
394984,1
413826,3
384915,1
401394,1
392246,1
408420,3
426065,1
421402,1
429264,1
424349,4
408531,1
435816,2
414192,1
396085,1
393528,1
406915,1
405747,3
382984,1
413542,4
432715,1
408321,1
388495,3
414231,2
389578,1
408482,3
389592,1
427146,1
396544,1
390471,1
413389,1
396627,3
393405,1
410383,1
403923,1
412393,1
393601,1
417408,1
432166,1
388462,3
410137,2
416905,0
410012,1
435662,1
420785,3
402038,1
395112,1
418742,1
413277,1
422244,1
434892,1
386210,1
409385,4
420424,4
388963,2
431820,1
393811,1
424309,1
402413,1
426938,1
392158,1
417359,1
390297,2
386570,1
384533,3
411235,1
410203,2
395120,1
397729,1
432082,2
401273,1
401896,3
385749,1
400099,1
385039,0
389014,1
406269,1
427099,1
397425,1
394829,1
435564,3
384125,1
400492,3
409152,1
422603,1
401873,3
393186,1
386938,1
421652,1
412051,1
436123,1
417048,1
401715,1
422718,1
422573,1
385651,4
402445,1
399537,2
387218,3
431070,1
431777,1
418674,1
416878,2
399043,3
404192,4
393563,4
423270,3
399648,1
399747,1
408190,1
408804,2
404335,1
384831,1
419874,2
398656,1
392226,4
406023,1
394571,1
424767,1
431351,1
416588,3
406665,1
402926,1
401139,1
435568,3
391528,1
383388,1
430934,1
421594,1
410418,1
394740,1
404257,1
424062,1
419064,1
383144,3
398307,2
430608,1
418240,1
433328,2
394525,1
433102,1
435466,3
415430,1
434029,1
409841,3
413215,1
385932,3
391249,3
395448,1
411410,2
412973,2
384778,1
432154,1
428420,1
409633,1
426878,1
427849,1
390369,2
388100,1
403444,2
404360,3
430716,2
411774,1
412363,1
401299,1
402977,1
434363,1
426426,1
422389,2
436274,1
417561,1
388831,2
416863,2
384741,1
407695,1
401672,1
405041,1
385305,1
422427,2
433454,1
421315,1
403931,1
401357,1
386995,1
387845,1
427473,3
419150,1
415571,2
408564,1
432277,1
410568,1
420467,1
407647,1
420295,1
383097,1
428577,1
423747,2
395385,1
393912,3
398949,1
434795,1
394021,3
434870,1
427393,1
419893,1
418017,3
396193,1
382861,1
403171,3
403004,1
414424,2
424400,1
395207,3
429372,2
397092,2
417082,1
429726,1
415518,1
435793,1
425671,1
386246,1
417709,1
418669,1
423213,1
391968,1
412946,2
392898,1
399091,3
407844,1
388860,2
406713,4
422266,1
399686,1
422890,1
433698,1
385513,1
384316,4
408309,1
422405,2
424360,4
395144,1
385517,1
418631,1
405680,3
424210,1
397763,1
422091,3
412072,1
399103,3
411886,1
427485,3
389261,1
391378,1
409950,1
422783,1
421898,1
425556,1
401854,3
403590,2
399669,1
398830,1
416434,3
419348,3
419830,2
424725,3
410499,1
407160,3
396242,1
417347,1
420819,1
405486,1
389324,1
410374,1
402075,1
417967,3
434035,1
398407,1
428812,1
405388,1
418894,4
416159,1
386711,1
395085,1
394919,1
412928,2
390095,1
415941,1
417723,1
388974,2
425350,1
431627,3
416938,2
416114,1
436410,4
432210,1
384871,1
425239,1
417765,1
387852,1
401943,3
406609,1
427659,1
415971,1
416317,1
390159,1
385288,1
410192,2
422065,3
415135,1
433692,1
429685,1
436504,1
422064,3
407566,2
397754,1
416987,2
384370,1
423467,1
415976,1
426158,3
406578,1
410912,1
384886,1
415449,1
412296,1
390659,1
391116,1
435764,1
423822,2
396682,3
409734,3
421800,1
390864,1
436257,1
413674,1
411699,1
406550,1
429942,1
398246,2
403014,1
397747,1
418663,1
384037,1
410291,1
391754,2
409960,1
383599,2
386992,1
409159,1
405752,3
412203,1
387864,1
426277,3
413288,1
407164,3
389260,1
428933,3
433807,1
431397,1
412535,3
390958,1
393617,1
414182,1
396169,1
417690,1
421478,1
391977,1
396371,1
415320,3
417138,1
434099,1
404457,3
423843,1
403177,3
421865,1
390109,1
417097,1
387509,2
434279,3
421571,1
392931,0
428496,1
428628,4
399646,1
400476,3
405099,1
427601,3
403776,1
424691,3
408377,3
432815,1
396460,1
421521,1
430957,1
434129,3
421361,1
388561,1
426759,1
429179,1
403976,1
408661,1
421720,1
386805,1
396733,1
425483,1
427814,1
403470,0
397053,2
406986,3
400606,1
391587,2
434830,1
403440,2
387348,1
392562,3
383480,1
387938,1
430254,3
419866,2
425202,1
385320,1
432107,2
404462,3
411738,1
428449,1
389761,1
405799,3
391341,3
418247,1
412638,1
404036,1
399034,1
411782,1
407365,1
394115,1
436018,1
398514,1
434799,1
397731,1
430883,1
427351,1
422023,3
387843,1
384750,1
386517,1
429766,1
410251,1
420743,3
402393,1
420172,1
387735,1
436687,3
432079,2
398220,0
412030,1
427123,1
422882,1
398947,1
420337,4
398197,2
395658,2
386230,1
428406,1
392704,3
389351,1
392599,3
436126,1
402268,2
412079,1
403421,1
436283,1
387600,2
411648,1
436117,1
422341,1
402269,0
397071,2
389293,1
407849,1
409497,1
415925,1
425115,2
411777,1
407270,1
390137,1
423781,0
419386,3
413676,1
436783,1
420472,1
384901,1
419213,3
392374,1
411444,2
403818,1
412825,2
414806,1
389961,3
407592,0
420293,1
417010,2
411799,1
391209,3
388073,1
427087,1
423120,1
416428,1
397390,1
426897,1
385557,1
406296,1
421677,1
410256,1
390971,1
389313,1
405408,4
401100,1
407471,2
414784,1
410318,1
398979,1
397761,1
384872,1
399326,1
419534,1
402486,1
395799,1
426766,1
398215,2
411286,1
397532,1
398132,1
429246,1
418241,1
426665,2
415892,1
415899,1
401726,1
406707,1
394694,1
393154,1
418499,1
420969,1
416189,1
422714,1
426267,3
424442,1
391744,2
407962,1
398966,1
428066,2
423586,1
415249,3
430123,1
435827,2
409450,1
406329,1
410238,2
435452,1
422314,1
391759,2
411071,3
412245,1
386399,2
388981,2
394491,1
423972,1
393761,1
417625,1
410149,2
426969,1
434895,1
424479,1
413159,1
429491,2
388649,1
411805,1
396854,1
435359,1
389166,1
415695,0
397530,1
396650,3
403811,1
432348,1
403715,1
412358,1
402715,1
432245,1
435360,1
397379,1
397428,1
417792,1
421362,1
436422,4
427382,1
387510,2
411200,1
386213,1
421421,1
412002,1
399544,2
392909,1
435320,1
404648,1
389402,1
430526,1
391019,1
427964,2
425219,1
397372,1
409270,1
426899,1
386464,1
427127,4
426009,1
394955,4
386404,2
389345,1
392588,3
412785,1
384196,1
431926,1
386683,1
415653,2
401611,1
418054,1
431170,4
427748,1
436359,1
424684,3
414175,1
406098,2
405854,1
396465,1
412780,1
389427,1
431860,1
420621,3
402145,1
384267,1
416199,4
413167,1
413841,3
410471,1
407358,1
433226,2
418312,2
401893,3
384349,1
385258,1
416205,1
396082,1
418971,1
436716,3
402307,2
386763,1
431366,1
384548,3
406137,2
405470,4
415354,3
407791,1
434804,1
385768,1
389721,1
422468,2
414867,1
409883,1
424195,1
426850,1
394345,2
418496,1
418435,2
417909,3
430311,3
433055,1
436549,1
427190,1
409860,3
399044,3
397400,1
410475,1
388396,3
423965,1
424727,3
435690,1
391873,1
409104,1
415673,2
387183,3
429681,1
392381,1
387857,1
389766,1
411843,1
392667,3
431140,1
422670,1
412794,1
425444,1
410663,1
411134,3
406811,1
426300,1
386487,1
436668,3
406603,1
391566,2
408766,1
435487,3
428778,1
397010,2
431435,1
410765,4
431708,3
386855,1
411583,1
436065,1
435438,1
410440,1
395961,1
410236,2
388775,2
407754,1
427520,3
411398,0
413649,1
411965,1
389040,1
426505,2
383296,3
425957,1
428065,2
424508,1
421242,1
411156,1
411685,1
385877,3
403288,1
417707,1
412487,3
413129,1
420550,1
431686,3
390554,1
423126,1
435148,1
404866,2
382952,1
424717,3
406268,1
387499,2
393681,1
428199,1
385114,2
404181,4
405436,4
393848,3
435078,1
427924,2
393688,1
411785,1
402355,1
395416,1
422131,3
423100,1
393677,1
422723,1
433534,1
414663,1
384693,3
417403,1
427255,1
387060,1
418765,1
396906,1
420339,1
419668,0
400681,1
390454,1
401195,1
413401,1
432439,1
405457,1
430260,3
395210,3
414485,1
421348,1
436902,1
413309,1
414826,1
418383,0
432880,3
404057,1
433784,1
429920,1
421022,0
420732,3
404179,4
403188,3
408949,2
418846,1
428983,3
401041,1
389193,1
384302,4
402401,1
434663,2
406182,0
383747,2
424493,1
397589,1
393430,1
425129,0
421960,3
396444,1
410951,1
391892,1
411940,1
388751,1
404857,2
412848,2
424995,2
417518,1
384941,1
394249,2
434315,1
412539,3
427680,1
410423,1
417810,1
412948,2
421705,1
399396,2
397208,1
429349,2
423773,0
394914,1
388215,1
394764,1
410876,1
392654,3
407424,0
416693,1
401022,1
408684,1
407008,3
386489,1
402489,1
433778,1
384181,1
418740,1
418668,1
428430,1
383009,1
410954,1
393137,2
413827,3
409994,1
414670,1
429834,1
398077,1
421892,1
410634,1
392752,1
390525,1
420274,1
388525,3
388201,1
429757,1
423701,2
392520,1
394326,0
414862,1
424796,1
399660,1
423681,2
414433,2
416801,1
389505,1
432756,1
417850,3
432931,3
384873,1
433399,1
422551,2
388638,1
419278,3
429783,1
414050,1
415326,3
433558,1
429332,0
414508,1
394783,1
400886,2
419704,2
388501,3
404547,3
387766,1
414889,1
402865,1
434601,2
392581,3
427636,1
425487,1
394164,1
401200,1
414280,2
408487,3
415967,1
434217,3
391231,3
392293,4
405114,1
401566,1
412166,4
416401,1
394712,1
421685,1
434362,1
409989,1
428009,2
386653,1
427646,1
417761,1
425400,1
387103,3
383186,3
382909,1
389258,1
398630,1
385215,1
414420,0
393451,1
400001,4
435284,1
411491,0
429063,1
397007,2
418476,1
422793,1
393981,3
424952,1
393002,2
416295,1
398697,1
434940,1
420283,1
395543,1
413447,1
388553,1
431249,1
415206,3
401383,4
391643,2
417296,1
388842,2
414354,2
412628,1
409493,1
392794,1
426760,1
416274,1
413322,1
423340,3
409755,3
403030,1
414158,1
434141,3
431103,1
413696,1
412737,1
385198,1
436701,3
397989,3
427078,1
401316,1
401039,1
407098,3
417719,1
411925,1
399033,1
385052,0
435673,1
387415,1
406138,2
414932,1
417077,1
402036,1
419503,1
407965,1
425871,1
405117,1
386530,1
429144,1
389152,1
410774,4
390359,2
395715,2
420374,1
402526,1
407030,3
390506,1
392561,3
388406,3
411663,1
424835,1
420713,3
428388,1
431796,1
411835,1
421844,1
423934,1
412377,1
425179,2
435583,3
424483,1
391215,3
422563,1
383368,1
434448,1
405844,3
431909,1
402587,1
408812,2
432717,1
429148,1
391930,1
389666,1
425236,1
390065,1
428886,3
403487,2
398583,1
388578,1
388191,1
426609,0
406574,1
389445,1
406673,1
418087,1
410371,1
425199,1
386605,1
387125,3
422893,1
408869,2
409723,3
416943,2
387049,1
383110,1
436060,1
422014,3
385432,1
427231,1
423377,3
423096,1
431248,1
383354,1
411289,1
400489,3
424412,1
398377,1
402266,2
400396,3
389437,1
402496,1
409635,1
396574,3
415681,0
410117,2
388224,1
402271,2
424793,1
398385,1
430877,1
420524,1
407379,1
402350,1
401576,1
388450,3
428859,3
385758,1
432842,1
384397,1
412015,4
386365,2
421914,1
410965,3
385690,1
393426,1
403279,1
391700,2
426765,1
426762,1
418259,1
390976,1
397677,1
432294,1
388467,3
411755,1
416198,4
403744,1
426941,1
430323,3
400465,3
422095,3
417049,1
414199,1
425218,1
409142,1
391329,3
406942,1
411260,1
411095,3
427980,2
435949,1
398173,1
410859,1
395897,1
386664,1
403040,1
426275,3
424719,3
404802,2
392197,1
419653,2
393828,3
390959,1
414580,1
384440,1
413563,4
399748,1
425894,1
402097,1
419391,3
427782,1
392840,1
394996,1
419093,1
404302,1
407327,1
425213,1
399724,1
395506,1
409439,1
411337,1
398133,1
412743,1
417070,1
426412,1
405558,1
408376,3
388334,1
387161,3
418371,0
434416,1
390651,1
436432,1
404294,1
423072,4
385757,1
402229,0
401910,3
435161,4
395395,1
410093,2
432953,3
401768,3
405226,1
423068,4
401881,3
399802,1
392129,1
398301,2
403714,1
387409,1
399151,3
408206,1
401196,1
436791,1
427042,1
407089,3
428279,1
414634,1
392230,1
416766,1
414657,1
391054,1
391519,1
403374,1
426213,3
402348,2
413286,1
411844,1
428228,1
390782,4
410230,2
414194,1
421562,1
415510,1
424196,1
401232,1
433067,1
428220,1
433531,1
436140,1
436865,1
419358,3
425836,4
436035,1
413811,3
407382,1
392001,1
435314,1
398169,1
421343,1
393612,1
420782,3
427479,3
411137,3
424828,1
414405,2
401226,1
386362,2
415876,1
392080,1
405635,1
410718,1
395568,1
407499,2
436673,3
421229,1
415720,2
401716,1
414414,2
403722,1
419578,1
382962,1
419696,2
435807,2
419299,3
424253,1
432363,1
383540,1
408267,1
415152,1
427800,1
393577,4
385415,1
436871,1
387430,1
403355,1
384703,3
383046,1
432770,1
401575,1
387400,1
409486,4
413822,3
410673,1
397255,1
397850,3
414756,1
393655,4
425745,4
420243,1
409873,1
385903,3
392144,1
385433,1
398809,1
383294,3
426443,1
411826,1
399561,2
409565,1
412580,3
425971,1
407574,2
403192,3
404260,1
434784,1
395884,1
392055,1
410160,2
419165,1
400631,1
392821,1
410402,1
424888,1
430823,1
399287,1
391612,2
418225,1
422104,3
397719,1
417024,1
432342,1
417756,1
427276,1
410672,1
432516,1
384541,3
429001,3
393470,1
421750,1
394411,2
397362,1
407309,1
402372,1
399404,2
430453,1
431129,1
416413,1
422137,1
413086,1
387987,1
429373,2
408383,3
397514,1
396237,1
397652,4
411290,1
395090,1
425138,2
386806,1
427987,2
406607,1
410589,1
419123,1
431892,1
393040,2
426518,2
385087,2
387949,1
428996,3
389172,1
435901,1
420718,3
433342,2
391784,2
423167,1
391344,3
416096,1
403856,1
422802,1
427085,1
424701,3
411527,2
407474,0
408945,2
410191,2
392573,3
425649,1
389929,3
397197,1
393546,1
429810,1
406802,4
430978,1
394313,2
424016,1
406081,0
423753,2
403779,1
415794,1
398409,1
419065,1
389784,3
434826,1
430081,1
421067,0
424785,1
416597,3
420019,1
402841,1
392047,1
397799,1
394374,2
389968,3
431293,1
424973,2
390099,1
433719,1
432000,2
408980,1
401535,4
421181,2
417117,1
432358,1
386524,1
386551,1
403799,1
403940,1
423663,1
420244,1
416062,1
407949,1
421534,1
405264,1
431119,1
393251,1
427200,1
434194,3
407660,1
411043,3
422051,3
394983,1
390302,2
421184,2
435200,1
418436,2
418229,1
407729,1
393926,3
417394,1
410445,1
408144,4
429211,1
399649,1
412268,1
430733,2
424027,1
414973,1
407214,1
421659,1
412473,3
411432,0
406203,2
435825,2
389624,1
426215,3
427688,1
416706,1
402251,0
421847,1
414052,1
416912,0
410276,1
418585,1
432731,1
401351,1
425713,1
385181,1
424872,1
424512,1
396411,1
403284,1
433242,2
395354,3
408543,1
419641,2
385529,1
412549,3
432427,1
434865,1
395339,3
399611,1
389101,1
421217,2
422108,3
408909,2
433597,1
419159,1
384618,3
412338,1
426129,3
390955,1
435141,1
406048,2
398795,1
419170,1
421849,1
394358,2
384747,1
427512,3
404473,3
410224,2
403832,1
404900,0
412578,3
415950,1
392227,1
408972,1
429698,1
421700,4
393551,1
426748,1
388008,1
422509,2
398408,1
396156,1
401449,4
424193,1
398361,2
409666,1
384783,1
398082,1
420823,1
425967,1
405442,1
412240,1
397669,1
407925,1
436096,1
401198,1
394977,4
434459,1
389327,1
404687,1
424110,1
395382,1
396753,1
414203,1
421401,1
383920,1
407648,1
433690,1
406895,1
385741,1
387081,3
436736,3
387985,1
392951,2
435358,1
405599,1
405968,1
403002,1
393665,1
427309,1
421775,1
414841,1
389894,3
400495,1
390780,4
393048,2
406395,1
433154,1
395420,1
397567,1
390639,1
422460,0
406030,1
428358,1
410211,2
424450,1
404736,1
393943,3
404928,2
432690,1
427244,4
433980,1
406475,1
425315,1
418394,2
429968,1
384786,1
419280,3
396162,1
400331,3
411435,2
384275,1
408325,1
412954,2
428419,1
425715,1
431092,1
430458,1
396508,1
405566,1
397223,1
391507,1
396300,1
434982,1
398736,1
386723,1
429814,1
383215,3
417256,1
398141,1
401406,4
415324,3
422080,3
400132,1
411002,3
398469,1
414573,1
387809,1
394714,1
405817,3
409120,1
409471,4
400508,1
402540,1
415583,2
399172,3
407178,3
395292,3
428533,1
401000,1
387177,3
404059,1
418758,1
408902,2
384426,1
405665,1
417480,1
414576,1
434763,1
415913,1
404074,4
417042,1
408568,1
412533,3
393627,4
417626,1
404143,1
426991,1
399643,1
410361,1
396151,1
434817,1
408767,1
400400,3
409070,1
417510,4
430876,1
431214,1
425598,1
389887,3
400540,1
387717,1
424854,1
388505,3
393930,3
400160,1
399117,3
406655,1
428460,1
385450,1
391272,3
401099,1
388642,1
421106,0
407994,1
426591,2
404990,2
421316,1
432292,1
396812,1
419292,3
385022,2
389522,4
402642,1
419090,1
425963,1
416561,3
428538,1
382910,4
395566,1
398863,4
420349,1
428100,1
422559,1
407631,1
416130,1
417304,1
420962,1
429239,1
436950,1
387963,1
397170,1
399997,4
421758,4
434412,1
396879,1
418981,1
424832,1
413582,1
432980,3
411388,2
409695,1
416986,2
404830,2
433864,4
393840,3
393901,3
414643,1
398960,1
400855,2
387345,1
417532,1
383546,1
416518,3
430565,1
416458,3
425029,2
429929,1
395668,2
399907,1
428337,1
431317,1
398064,1
400324,3
423956,1
415624,0
434596,2
394360,2
432203,1
415165,3
418196,1
420652,3
394752,1
399760,1
405074,1
396281,1
411429,2
428985,3
434170,3
402006,1
409226,1
419540,1
415703,2
426871,1
416568,3
419132,1
410237,2
403496,0
434693,2
424063,1
390559,1
412061,1
400937,1
427083,1
436641,3
427968,0
412881,2
423058,4
401920,3
421233,1
421675,1
384656,3
393562,1
394005,3
427417,1
414067,1
397203,1
415635,0
431187,1
409469,1
436394,1
434253,3
399090,3
394291,2
384777,1
403815,1
418734,1
395524,1
410854,1
394126,1
416668,1
400436,3
428961,3
399584,1
421599,1
408577,1
383890,1
382881,1
398151,1
416320,1
387706,1
393066,2
412534,3
421519,1
420488,1
428907,3
389159,1
385561,1
404843,2
400254,1
430745,2
427934,2
395180,3
415221,3
397295,1
420098,1
436434,4
433029,1
429525,2
430521,1
426972,1
424790,1
397274,1
427698,1
419077,1
426403,1
403999,1
394900,1
390156,1
420631,3
422557,1
390696,1
423733,2
402754,1
394749,1
383964,1
397258,1
396479,1
387713,1
420702,3
420822,1
419820,2
393849,3
393317,1
386112,1
415013,1
405358,1
402342,2
417710,1
427100,1
408920,2
421668,1
411184,1
405188,1
400114,1
423304,3
410725,1
434891,1
410314,1
425795,1
397866,3
390100,1
426076,1
417579,4
399479,0
400844,2
393269,1
393347,1
420598,1
411911,1
431316,1
427846,1
421234,1
421351,1
431001,1
424461,1
427456,3
419266,3
391406,1
424679,3
392770,1
434300,3
422116,3
426647,2
423672,0
434296,3
415618,2
420191,1
419355,3
419424,1
431437,1
430614,1
383532,1
392416,1
406813,1
415498,1
408865,2
398686,1
403619,2
418401,2
419055,1
424130,1
425044,2
432498,1
410437,1
397969,3
405411,1
422238,1
405142,1
402037,1
433662,1
418112,1
408961,2
404922,2
423757,2
409778,3
433564,1
408448,3
430266,3
422075,3
410299,1
410038,1
397349,1
415475,1
391691,2
397862,3
408263,1
401256,1
427058,1
434247,3
383409,1
413721,1
418809,1
428918,3
413875,3
402732,1
403415,1
406306,1
403082,3
417802,1
411278,1
426945,1
382924,4
398179,1
408288,1
408875,0
396578,3
385915,3
417784,1
411915,1
405975,1
429114,1
426313,1
387590,2
433791,4
423277,3
431897,1
383494,1
401322,1
431577,3
400500,1
399746,1
418024,3
403959,1
432956,3
403656,1
407876,1
401909,3
432959,3
426208,3
387123,3
385348,1
433630,1
406410,1
408019,1
412840,0
408780,2
414796,1
431798,1
398293,2
412779,1
408739,1
404714,1
400947,1
420230,1
398807,1
434689,2
400843,2
404526,3
417790,1
434343,1
390756,1
392806,1
405038,1
411978,1
423923,1
402300,2
424198,1
408606,1
430092,1
409119,1
389972,3
433352,2
415089,1
399025,1
424543,1
406479,1
428763,1
435595,3
409258,1
383376,1
406186,2
407083,3
399166,3
414869,4
405024,1
433159,1
391896,1
421927,1
415040,1
392061,1
397894,3
387022,1
419032,1
390335,2
395438,1
427364,1
390820,1
409919,1
395679,0
387780,1
407181,3
399098,3
424402,1
413046,0
424318,1
404353,1
430751,2
435922,1
399489,2
392229,1
425049,2
420738,3
389128,1
414745,1
421215,2
400449,3
411207,1
430002,1
388646,1
410900,1
390142,1
391409,1
403268,1
421511,1
403554,0
389542,4
421407,1
391615,2
403839,1
387580,2
422830,1
392318,1
436682,3
396248,1
397538,1
427352,1
436455,1
389287,1
409300,1
383372,1
391461,1
407143,3
399633,1
435064,1
395325,3
410822,1
405461,4
409917,1
405681,3
421438,1
431599,3
397377,1
423543,1
399157,3
392510,1
427112,4
418190,1
400817,2
433754,1
400313,3
434751,1
406406,1
411211,1
382851,1
429354,2
385029,2
410618,1
424677,3
388105,1
423199,1
406456,1
388873,2
436346,1
387896,1
400119,1
416648,1
420331,1
427381,1
419483,1
398365,2
417121,1
435677,1
421862,1
420290,1
402693,1
428819,1
384818,1
435530,3
393591,1
427788,1
383269,3
386548,1
401998,1
399677,1
413446,1
413810,3
398744,1
388769,1
414333,2
419552,1
387275,1
388397,3
422162,1
384466,1
396977,2
414357,2
425136,2
384529,3
429155,1
434642,2
420317,1
383304,3
395049,1
423413,3
421807,1
405757,3
434173,3
434711,2
433135,1
419784,2
406839,1
419947,1
413967,3
436467,1
415048,1
426045,1
415535,1
415625,2
387070,1
433682,1
427600,3
400065,4
411165,1
386150,1
397180,1
404341,1
384523,3
393367,1
383877,1
401690,1
410454,1
415100,1
408713,1
384059,1
388178,1
399263,1
418729,1
416282,1
397579,1
388621,1
411030,3
397472,1
436618,3
412292,1
401069,1
418576,1
385098,2
431244,1
412448,3
410384,1
394425,1
396238,1
412507,3
395931,1
395056,1
414362,2
435641,1
410858,1
403318,1
426047,1
412088,1
396697,3
389797,3
436907,1
393837,3
409721,3
408953,2
418294,2
415573,2
406642,1
421917,1
395131,1
432542,1
407065,3
416424,1
406703,4
433771,1
394798,4
431500,1
393654,1
434085,1
397537,4
390342,2
396844,1
422083,3
434643,2
403061,3
394481,1
400034,1
417861,3
423645,1
417213,1
407193,3
420875,1
411072,3
397633,1
401254,1
425178,2
427142,4
424869,1
399220,3
415355,3
398518,1
423487,1
400420,3
387764,1
413686,1
435939,1
411810,1
400300,1
413385,1
396524,1
435708,1
401483,1
395629,2
426761,1
407053,3
392689,3
404100,1
433060,1
402432,1
434410,1
391825,1
419099,1
402694,1
401202,1
426621,2
422799,1
423192,1
390515,1
429938,1
407659,1
387184,3
419439,1
424352,1
408709,1
407241,1
407350,1
411780,1
434599,2
409726,3
415402,1
390705,1
435080,1
403464,2
414857,1
422924,1
392729,1
423655,1
418901,4
408638,1
422454,2
416093,1
436016,1
433656,1
430033,1
410746,4
412651,1
408198,1
428966,3
412421,3
384099,1
426940,1
399658,1
429892,1
400340,3
435215,1
414397,2
436547,1
387068,1
421721,1
400743,2
435239,4
412153,1
436810,1
401183,1
402503,1
397419,1
411571,2
419300,3
425070,2
386761,1
383709,0
435705,1
414134,1
419502,1
404280,1
423529,1
429151,1
392615,3
422422,2
387482,2
417736,1
413912,3
414659,1
392107,1
393928,3
384185,1
407348,1
412600,1
386987,1
389521,1
411472,0
392993,2
394642,1
436836,1
412786,1
388373,3
389959,3
395447,1
413127,1
391671,2
400860,2
406858,1
428591,1
399395,0
410882,1
421971,3
392251,1
417767,1
390271,2
408013,1
426917,1
432215,1
404544,3
408828,2
385725,1
400129,1
418950,4
383648,2
388606,1
419810,0
407205,1
410901,1
387299,1
409902,1
397121,2
395200,3
423510,1
385316,1
385709,1
387354,1
436081,1
407469,2
434638,2
413913,3
431905,1
398356,2
398330,2
434547,0
391741,2
428544,1
393088,2
408663,1
388021,4
389455,1
415011,1
409581,1
433941,1
436101,1
397594,4
430700,2
401215,1
398017,1
397965,3
416692,1
406789,4
428990,3
390726,1
428336,1
436825,1
390187,2
416606,3
399131,3
384154,1
388935,2
431589,3
432659,1
391133,1
388032,1
385860,3
436389,1
407966,1
394298,2
398320,2
411523,2
435533,3
433065,1
429396,2
431204,1
408589,1
396970,0
392007,1
433429,1
392589,3
409769,3
426126,3
398418,1
423816,2
408441,3
416109,4
384887,1
412084,1
400497,1
426206,3
431135,1
434516,1
431521,1
397078,2
409049,1
419433,1
428993,3
402138,1
392008,1
426447,1
428156,1
431826,1
385516,1
411391,2
426704,1
388516,3
401526,1
411301,1
427908,2
405455,1
397608,4
427488,3
410472,1
391529,1
410802,1
398451,1
419301,3
400717,1
386798,1
390768,1
383740,2
395290,3
405961,1
436415,4
408266,1
404292,1
429520,2
387426,1
423932,1
418470,1
418359,2
412027,4
425764,1
420050,1
389957,3
393618,4
385594,1
389802,3
403807,1
401876,3
385167,1
417455,1
397529,1
388968,2
386747,1
389461,1
406668,1
422885,1
396986,0
395055,1
391199,3
383164,3
384959,2
392920,1
405781,3
418057,1
404289,1
387511,2
423033,1
427018,1
396170,1
422873,1
394747,1
390555,1
428759,1
436943,1
407802,1
424680,3
387378,1
397183,1
409745,3
416433,3
424005,1
411644,1
396777,1
385046,0
427952,2
429357,2
394987,1
419675,2
427881,2
408744,1
430141,1
436918,1
398347,0
416041,1
428562,4
383266,3
434399,1
429427,0
401609,1
386677,1
421037,2
388931,2
391391,1
423700,2
435971,1
415471,1
396579,3
411650,1
393925,3
405667,1
393313,1
425983,1
424513,1
433960,1
436080,1
401389,1
426141,3
428292,1
414378,2
432109,2
410978,3
413565,4
419441,1
392209,1
429836,1
393298,1
392301,4
429823,1
428221,1
385326,1
436132,1
411833,1
428348,1
412019,4
408919,0
398957,1
403457,2
421503,1
403523,2
398056,1
429642,1
404759,1
421413,1
420192,1
409626,1
435565,3
424885,1
413001,2
408036,1
431743,3
410545,1
384825,1
420136,1
407167,3
392285,4
413734,1
426546,0
419631,1
433814,1
405015,1
403133,3
428182,1
427285,1
407375,1
415943,1
412860,2
435999,1
413800,1
433397,1
395794,1
398549,1
400269,1
391046,1
396021,1
405256,1
423113,1
429518,2
429103,1
385130,2
402155,1
421738,1
421781,4
423667,2
408247,1
430098,1
414814,1
391544,1
427892,2
400450,3
432612,4
385495,1
398399,1
436444,1
423761,2
429356,2
432325,1
395446,1
389584,1
387691,1
402681,1
399710,1
430802,1
427686,1
414251,2
396496,1
400535,1
406232,1
420154,1
435077,1
434040,1
412949,2
383905,1
387826,1
416452,3
395003,1
422914,1
411188,1
429506,2
390678,1
407734,1
401694,1
388416,3
436893,1
426431,1
422303,1
428335,1
397038,2
385703,1
432925,3
419863,2
397751,1
390127,1
426327,1
395964,1
394994,1
398157,1
388122,4
396811,1
429271,1
429122,1
389603,1
420635,3
436261,1
387391,1
415076,1
395368,3
390027,1
390601,1
405831,3
432046,2
422982,1
387961,1
387363,1
425244,1
424506,1
395219,3
393721,1
425297,1
386239,1
418016,3
390183,2
404377,3
383181,3
409766,3
387839,1
425635,1
429251,1
392395,1
400157,1
430857,1
404452,3
419804,2
387593,2
432824,1
423435,3
411353,2
388680,1
387834,1
406570,1
417478,1
411167,1
387595,2
433956,1
395163,3
428734,1
393377,1
408574,1
408329,1
383989,1
422177,1
423369,3
433449,1
410076,2
435897,2
428425,1
402431,1
384995,2
387687,1
410611,1
398862,1
396832,1
422883,1
388892,2
392311,1
414141,1
406873,1
433945,1
418188,1
436811,1
400216,1
419268,3
400201,1
403251,1
421392,1
396243,1
395646,0
402838,4
419674,2
401546,4
389165,1
389756,1
414103,1
430440,3
388853,2
384058,1
393784,1
426361,1
409532,4
413653,1
397329,1
435103,1
421909,1
434244,3
416153,1
424343,4
387339,1
404404,3
402925,1
407421,2
395209,3
396939,2
433139,1
412770,1
412042,4
394812,1
401761,3
428445,1
421648,4
407388,1
436561,1
390988,1
391718,2
425440,1
432273,1
384015,1
407481,2
387698,1
432584,1
427550,3
399208,3
388937,2
423979,1
432268,1
401433,1
423587,1
436905,1
426570,2
395299,3
421250,1
390539,1
408701,1
399345,1
401337,1
427619,3
390603,1
418495,1
407359,1
433137,1
399327,1
404247,1
385344,1
410803,1
396450,1
403888,1
394807,1
388819,2
427091,1
385278,1
430441,3
417225,1
421980,3
413548,4
414736,1
394432,1
433746,1
389794,3
407936,1
417641,1
388552,1
392694,3
423117,1
386471,1
432304,1
414817,1
430791,1
435703,1
415565,0
409440,1
402991,1
406431,1
389571,1
385429,1
396071,1
405591,1
384694,3
410399,1
428560,1
434070,1
386191,1
389200,1
434379,1
409706,1
421325,1
436528,1
398021,1
408083,1
434773,1
433401,1
390081,1
430434,3
433266,2
402371,1
389264,1
385780,1
402439,1
424623,3
392163,1
388824,2
427105,4
427620,3
434953,1
431290,1
392393,1
401931,3
388398,3
422276,1
384413,1
401659,1
395300,3
387806,1
392640,3
419621,1
389597,1
388424,3
414799,1
398275,2
397073,0
397085,2
423796,2
398475,1
414248,2
406398,1
390544,1
422006,3
410693,1
431380,1
406538,1
399299,1
425424,1
403435,2
421923,1
435534,3
432534,1
428643,4
401287,1
391260,3
393057,0
405686,3
389647,1
433485,1
384283,1
399060,3
388921,2
434174,3
402842,4
407735,1
390373,2
429660,1
436554,1
420197,1
420643,3
401077,1
411230,1
408215,1
395654,2
431412,1
425738,1
401624,1
427547,3
433264,2
387392,1
396992,2
426204,3
393961,3
413097,1
395760,2
426265,3
417699,1
389216,1
393969,3
397604,1
420862,1
426672,2
392195,1
401352,1
388345,3
434314,1
411543,2
398150,1
391091,1
410839,1
405966,1
384917,1
386400,2
405042,1
414852,1
388499,3
399921,1
387926,1
404905,0
391582,2
393507,1
382983,1
392874,1
425685,1
411704,1
387723,1
401359,1
405840,3
389388,1
384274,1
426147,3
413272,1
385927,3
387538,2
436824,1
432153,1
419445,1
407842,1
423984,1
391496,1
420396,4
417327,1
429925,1
432827,1
406310,1
428809,1
422945,1
435088,1
394594,1
411537,2
403273,1
395389,1
414046,1
398519,1
384000,1
416252,1
393336,1
432228,1
431806,1
399308,1
395140,1
391055,1
423776,2
403162,3
420401,4
391833,1
418015,3
430036,4
392591,3
421757,4
425824,1
413664,1
427168,1
400298,1
414929,1
418893,1
384564,3
415597,0
407068,3
424420,1
384145,1
413725,1
436803,1
432372,1
414771,1
383309,3
397125,2
397664,1
401963,1
425345,1
430389,3
422533,2
400803,2
407738,1
428808,1
402176,2
397074,0
385468,1
383979,1
423407,3
390872,1
411604,1
387194,3
401968,1
402708,1
403685,1
386856,4
434886,1
433583,1
398938,1
409218,1
391380,1
420961,1
389189,1
417758,1
420052,1
417564,4
417888,3
425006,2
424723,3
430497,1
395630,2
417149,1
426437,1
430318,3
393355,1
430653,2
396995,0
422119,3
431438,1
423052,1
432122,2
390299,2
418852,1
385650,4
422795,1
385778,1
389581,1
387427,1
397025,2
388341,1
423685,2
384809,1
392771,1
431815,1
383906,1
423960,1
426027,1
388212,1
429602,1
400882,2
405369,1
430742,2
389496,1
397975,3
396910,1
404497,3
402707,1
404251,1
424665,3
395202,3
415474,1
407047,3
420804,3
386003,3
429565,1
431410,1
402589,1
425941,1
387888,1
410855,1
389234,1
414150,1
393271,1
429537,2
412411,3
419789,0
386248,1
383909,1
424221,1
392177,1
386470,1
384793,1
411993,1
418944,1
403149,3
398631,1
428241,1
398140,1
419312,3
396925,0
383222,3
391159,1
435691,1
419790,2
411146,3
383481,1
405441,1
415209,3
434233,3
410088,0
418544,1
397930,3
409754,3
430999,1
411407,2
431473,1
435139,1
427658,1
383235,3
392622,3
414102,1
412307,1
392025,1
425158,2
387172,3
428752,1
425396,1
425307,1
433050,1
414004,1
420980,1
414107,1
404215,1
407271,1
421842,1
393685,1
398977,1
403517,0
420859,1
395051,1
427223,1
383374,1
395939,1
392081,1
395551,1
432387,1
398755,4
407743,1
410920,1
419318,3
410432,1
430363,3
424113,1
409838,3
428121,1
428823,3
392200,1
425817,4
391851,1
413892,3
433530,1
429109,1
395421,1
394262,0
396904,1
430264,3
404243,1
383026,1
384010,1
397638,4
396870,1
409681,1
398724,4
397592,4
384175,1
429303,0
421654,1
408043,1
436067,1
427931,0
424044,1
436784,1
393387,1
393385,1
436160,1
425319,1
413965,3
433663,1
411372,2
397168,1
416315,1
420033,1
429824,1
403163,3
389515,4
403469,2
418796,1
412961,2
424013,1
407141,3
432134,2
392288,1
436273,1
398975,1
408191,1
393578,1
423769,2
390714,1
412669,1
400037,4
390832,1
433527,1
414861,1
385072,0
391100,1
416008,1
404432,3
404976,2
399315,1
383614,2
386219,1
430675,2
427371,1
394623,1
382877,1
402205,2
406726,1
383469,1
409583,1
419103,1
394700,1
389463,1
409219,1
424768,1
407015,3
393745,1
436059,1
428716,1
390604,1
426691,0
413520,4
397065,2
431666,3
390338,2
386626,1
430080,1
428943,3
397746,1
398716,1
389100,1
412637,1
388308,1
401134,1
394089,1
435276,1
414724,1
400831,2
388108,1
414624,1
392698,3
426373,1
418527,1
398028,1
413952,3
404555,3
414896,4
418097,1
409122,1
417365,1
404624,1
418900,1
417858,3
436357,1
434559,2
384880,1
408955,2
424241,1
413207,1
429754,1
399750,1
434419,1
433513,1
430708,2
393056,2
436951,1
414070,1
401210,1
414674,1
424758,1
409280,1
414078,1
407484,0
411891,1
412012,1
400049,4
410519,1
411898,1
427492,3
425094,2
391793,1
434449,1
422354,1
391298,3
401438,1
414228,2
406384,1
418427,2
399592,1
421119,2
417505,1
385783,1
425947,1
416629,1
408433,3
383721,2
425388,1
409585,1
401534,1
427897,2
402896,1
398808,1
402538,1
436799,1
395226,3
417928,3
408305,1
408074,1
382859,1
434726,2
422347,1
429433,2
402374,1
397545,4
383325,3
404231,1
422678,1
405334,1
424391,1
430149,1
406715,1
421393,1
400739,2
433550,1
399764,1
384242,1
431793,1
417663,1
432084,2
432226,1
396316,1
420784,3
418797,1
417777,1
386490,1
412121,1
387369,1
419094,1
430866,1
413530,4
395732,2
384102,1
411303,1
388016,1
391608,2
415248,3
390679,1
382914,4
427195,1
390480,1
404974,2
413814,3
428637,4
429708,1
394052,1
395108,1
399731,1
427574,3
406741,1
432670,1
436150,1
384855,1
389016,1
430765,1
405301,1
389637,1
423444,3
396672,3
390656,1
385538,1
430253,3
420495,1
393746,1
416158,1
405154,1
386685,1
397330,1
407898,1
391652,2
418049,1
412904,2
387131,3
433581,1
386645,1
390170,1
389147,1
434636,2
401259,1
392683,3
415865,1
435683,1
385632,4
384492,1
416449,3
425233,1
405740,3
403949,1
404509,3
402679,1
405311,1
421794,1
402367,1
426301,1
396455,1
414323,2
393850,3
430987,1
404042,1
419980,1
431800,1
418105,1
391037,1
394721,1
404600,1
407255,1
416323,1
390080,1
434653,0
428938,3
404219,1
384103,1
414386,2
402160,2
423271,3
432721,1
415609,2
391628,2
423634,1
383185,3
436601,3
416359,1
397503,1
422345,1
413594,1
397126,1
433453,1
432734,1
400798,2
388089,1
435296,1
427370,1
411225,1
388414,3
391508,1
407466,2
428360,1
399366,1
435620,3
421081,2
405063,1
414142,1
406989,3
388798,2
433822,4
409767,3
388828,2
413387,1
423950,1
412525,3
423790,2
434956,1
430635,2
427545,3
422255,1
427428,1
422644,1
433227,2
391261,3
408724,1
404871,2
391680,0
418029,3
412945,0
433875,1
408604,1
400820,2
428203,1
388545,3
408877,0
431161,1
433776,1
406445,1
387865,1
407044,3
385939,3
430570,1
385365,1
436224,1
387521,0
399553,2
402736,4
418783,1
431505,1
414689,1
421179,2
398993,1
432152,1
405920,1
423945,1
402914,1
418541,1
406910,1
434506,1
389903,3
417238,1
383174,3
402566,1
426234,3
390880,1
435785,1
384531,3
429717,1
435891,2
393149,2
420304,1
408320,1
391230,3
414701,1
385620,1
389568,1
408515,3
404881,0
401544,4
408012,1
419315,3
399459,2
406446,1
426417,1
415934,1
433545,1
399672,1
432266,1
422536,2
396803,1
431166,4
419470,1
389121,1
385995,3
399939,4
404293,1
417783,1
392184,1
406153,2
385809,1
412819,2
418917,4
396357,1
428429,1
432313,1
402365,1
403848,1
434398,1
430496,1
426989,1
417512,1
427458,3
420334,1
417573,1
433522,1
383750,2
435028,1
416665,1
383638,2
393731,1
394513,1
428133,1
409350,1
418287,2
389839,3
425486,1
414556,1
383281,3
412847,2
434290,3
385666,1
389543,4
422541,2
418345,0
420330,4
432790,1
431906,1
384069,1
399642,1
428248,1
432632,4
408799,2
411224,1
395267,3
428025,2
427104,4
436008,1
395825,1
409319,1
386192,1
402105,1
423278,3
435465,3
392481,1
384084,1
421246,1
394534,1
406631,1
396361,1
411816,1
401248,1
384379,1
389815,3
435040,1
422732,1
397224,1
390029,1
385810,1
386360,2
399466,2
429799,1
415457,1
412177,1
433854,1
432749,1
404562,3
420240,1
391677,2
432340,1
402067,1
417459,1
424933,1
388030,4
397262,1
405336,1
407182,3
429703,1
400965,1
430380,3
413838,3
387470,2
423122,1
412704,1
422909,1
427583,3
423082,4
416301,1
422221,1
383066,1
414209,1
389017,1
427522,3
388575,1
417400,1
436684,3
397288,1
383150,3
436222,1
399651,1
435773,1
394601,1
392492,1
405573,1
389136,1
400502,1
432527,4
386086,1
415717,2
388038,1
408719,1
431424,1
411642,1
412056,1
431069,1
404150,1
431038,1
425683,1
390437,1
392660,3
401971,1
401530,4
413483,1
404438,3
407897,1
415994,1
433707,1
391354,3
419008,1
394001,3
423026,1
395383,1
398572,1
430299,3
432394,1
411956,1
434786,1
404632,1
422401,0
402071,1
412298,1
419286,3
397486,1
433968,1
393603,1
410992,3
406846,1
410621,4
423208,1
403311,1
428909,3
406067,2
397727,1
420689,3
427049,1
416716,1
384237,1
401400,1
394161,1
409043,1
415161,3
423248,1
402659,1
399913,1
394107,1
425536,1
424020,1
401111,1
403216,3
421471,1
390918,4
392009,1
390402,2
401616,1
404709,1
403253,1
415345,3
405668,1
418798,1
393349,1
418395,2
413060,1
391861,1
384495,1
420400,4
426718,1
389332,1
416195,4
398856,4
401837,3
430782,1
412125,1
425811,4
433681,1
395275,3
386612,1
388861,0
393273,1
408540,1
421634,1
388566,1
433689,1
390561,1
406925,1
422307,1
415106,1
434206,3
386198,1
424522,1
384490,1
421466,1
423511,1
411628,1
422770,1
387066,1
401875,3
398352,0
385833,3
417123,1
400648,1
416503,3
385550,1
399976,1
392554,3
396988,2
410963,3
425260,1
433162,1
414472,1
406401,1
425397,1
419852,2
391280,3
421003,1
394207,1
412423,3
426608,2
390061,1
388879,0
423579,1
418860,4
433876,4
422478,2
402442,1
401004,1
395591,2
388639,1
397335,1
422151,1
427013,1
433892,1
408616,1
422353,1
394416,1
434139,3
389073,1
432723,1
401595,1
429194,1
435467,3
431867,1
395500,1
393252,1
407722,1
420095,1
395721,2
404450,3
405760,3
410441,1
407636,1
395868,1
422825,1
386625,1
412159,1
393459,1
404352,1
385722,1
415486,1
395313,3
434050,1
422757,1
419662,2
403879,1
398431,1
399821,1
398450,1
399579,2
396152,1
387514,2
430711,2
390247,2
418661,1
415563,2
405699,3
400402,3
410495,1
402045,1
409451,4
407641,1
411661,1
412301,1
386564,1
429682,1
385772,1
410390,1
413475,1
435373,1
387577,2
431304,1
428645,1
433926,1
431134,1
392032,1
391503,1
407582,2
427453,3
388729,1
432162,1
429436,0
413448,1
407107,3
435209,1
426055,1
423315,3
411634,1
407170,3
382921,4
427951,2
392779,1
390235,0
432397,1
436265,1
426419,1
396843,1
430338,3
396648,3
392722,1
435445,1
397898,3
383921,1
409642,1
397967,3
435116,1
416746,1
435777,1
419799,2
395846,1
425797,1
388481,3
389978,3
420706,3
428942,3
410151,2
420809,3
406512,1
417870,3
383495,1
394555,1
384137,1
399758,1
402601,1
421032,2
389653,1
411098,3
434753,1
395904,1
404369,3
411365,0
424186,1
413040,2
392454,1
388604,1
383702,2
396268,1
392173,4
422821,1
406076,2
417052,1
419663,2
404740,1
410457,1
431594,3
430663,2
394284,2
403467,2
398430,1
384965,0
423889,1
385830,1
427274,1
432176,1
424741,3
405196,1
398254,2
397566,1
416086,1
404882,2
387890,1
406175,2
398008,1
418008,3
414293,2
408986,1
391550,1
392742,1
421526,1
423446,3
434351,1
401557,1
400380,3
402356,1
420326,1
431592,3
384027,1
418524,1
388555,1
392314,4
426452,1
408751,1
391164,1
406270,1
390220,2
431803,1
433371,2
418063,1
395681,2
387220,3
425538,1
414703,1
412544,3
434983,1
390611,1
392078,1
394514,1
423156,1
425421,1
426201,3
410208,2
392776,1
410308,1
391768,2
420857,1
423873,1
386592,1
393995,3
384691,3
436577,1
413369,1
434505,1
427978,2
429625,1
394768,1
393446,1
435238,1
430787,1
429894,1
391233,3
417251,1
416526,3
412752,1
418712,1
384883,1
407339,1
421433,1
404018,1
403537,0
432522,1
408770,1
405791,3
391541,1
434242,3
393623,1
418342,2
427872,1
407737,1
402776,4
384456,1
410290,1
428254,1
431110,1
435035,1
407121,3
419060,1
396813,1
414013,1
428092,1
436823,1
389027,1
413583,1
395982,1
425296,1
390443,1
396767,1
385246,1
389628,1
407824,1
418642,1
436469,1
405741,3
389376,1
407799,1
418850,1
400240,1
390605,1
429095,1
425080,0
404148,1
423480,1
431005,1
435142,1
408277,1
413990,1
413613,1
386000,3
414480,1
396295,1
417249,1
434273,3
399497,2
408539,1
427460,3
397072,2
420119,1
423838,2
420177,1
429048,1
426137,3
400825,2
435744,1
392873,1
433806,1
432973,3
436051,1
384576,3
405136,1
414995,1
386649,1
417612,4
409991,1
397054,2
423158,1
428850,3
408743,1
427495,3
393575,1
427867,1
397190,1
433551,1
386350,0
413683,1
409019,1
389967,3
412185,1
387847,1
433207,0
414627,1
391456,1
428076,2
395716,2
435727,1
395503,1
409945,1
406049,2
433507,1
433607,1
432032,2
418206,1
413499,1
395877,1
392242,1
425520,1
382977,1
429833,1
406888,1
392211,1
390036,1
419406,3
414581,1
394645,1
432022,2
384448,1
420617,3
414993,1
420688,3
424492,1
417325,1
406633,1
399153,3
411831,1
411947,1
431050,1
407343,1
407526,0
411208,1
413895,3
432713,1
401851,3
387715,1
408226,1
420087,1
413246,1
431407,1
396267,1
383606,2
399485,2
398897,1
425637,1
385387,1
420209,1
405624,1
395803,1
384222,1
394948,1
416620,3
394372,0
395943,1
389633,1
409567,1
409923,1
389398,1
402199,2
412131,1
396882,1
398682,1
413597,1
388071,1
388258,1
436768,1
409988,1
434739,2
425780,1
417800,1
422860,1
403640,1
421987,3
410277,1
409771,3
422561,1
404414,3
402548,1
412695,1
401387,1
408234,1
397319,1
426493,1
435853,2
432638,4
421626,1
387214,3
427977,2
407079,3
390048,1
410120,2
410760,1
411028,3
389207,1
391386,1
427153,1
395060,1
399369,1
390665,1
402596,1
420606,1
399529,2
430607,1
424214,1
416666,1
386688,1
422393,2
423875,1
424528,1
436879,1
436914,1
392848,1
391097,1
391154,1
425495,1
425774,4
433899,4
417623,4
418542,1
399563,2
402910,1
432816,1
389917,3
398116,1
415006,1
431206,1
427416,1
420818,1
384752,1
424695,3
432620,1
394704,1
401948,3
387684,1
411101,3
433486,1
398389,1
414423,2
428145,1
404064,1
434373,1
433387,1
434230,3
425225,1
402683,1
388926,2
428320,1
387541,0
388256,1
430202,1
422044,3
432449,1
416586,3
387478,2
393394,1
432611,1
422760,1
394181,1
411854,1
402232,0
397863,3
418531,1
425508,1
408244,1
433971,1
395427,1
422199,1
390270,2
414793,1
407833,1
402463,1
435062,1
425365,1
394096,1
406281,1
415137,1
392182,1
435962,1
394652,1
399655,1
427486,3
390432,1
403625,2
394351,2
386194,1
423196,1
393284,1
401459,1
403292,1
415481,1
436477,1
416826,2
394962,1
431903,1
405314,1
436004,1
386018,3
409148,1
427720,1
420481,1
426598,2
419456,1
399138,3
416546,3
393964,3
422154,1
386223,1
407817,1
416600,3
397044,2
392526,3
428345,1
394486,1
410874,1
427917,0
397525,1
393080,0
432551,4
436657,3
389956,3
389298,1
397296,1
383624,2
419139,1
414048,1
405428,1
388796,2
388665,1
388405,3
389811,3
429731,1
384553,3
430408,3
398251,2
425999,1
430592,1
415393,1
410773,1
408327,1
394216,2
423038,4
414813,1
384555,3
387429,1
436735,3
391712,2
385705,1
397858,3
431233,1
412445,3
397396,1
389727,1
399709,1
433142,1
435401,1
396211,1
421420,1
432499,1
399638,1
403168,3
392753,1
416846,2
434692,2
386158,1
393686,1
404543,3
417643,4
392569,3
388663,1
417073,1
388449,3
436321,1
414762,1
398718,4
411619,1
429350,0
392807,1
393668,1
402123,1
429116,1
406733,1
418479,1
388363,3
392608,3
391171,1
405890,1
382947,1
395913,1
388412,3
415314,3
400158,1
387899,1
400084,4
419979,1
433270,2
389365,1
392695,3
403697,1
431628,3
392236,4
385265,1
432870,3
415432,1
389457,1
413763,1
426535,2
417715,1
403123,3
406843,1
396593,3
412384,1
398657,1
409801,3
431718,3
410904,1
410653,1
414331,2
406762,1
383590,2
408517,3
418094,1
434125,3
417099,1
383315,3
416589,3
415401,1
410872,1
387603,2
394094,1
404305,1
434910,1
429382,0
436953,1
436844,1
414539,1
399202,3
417450,1
418845,4
389767,1
432619,4
423321,3
396221,1
420950,1
408256,1
404908,2
411373,2
418522,1
428761,1
397627,4
411385,2
398878,1
420410,4
402417,1
420869,1
420946,1
418139,1
412537,3
430928,1
434367,1
433324,2
401465,1
435969,1
422792,1
410077,2
388257,1
421673,1
429767,1
390595,1
436088,1
417199,1
419720,0
389033,1
429994,1
392404,1
427796,1
416277,1
409251,1
432027,0
392656,3
398191,0
390488,1
427102,1
403058,3
413702,1
410979,3
419763,0
428296,1
392829,1
383170,3
390531,1
421442,1
427801,1
390085,1
427450,3
429513,2
418934,1
398156,1
402054,1
424742,3
414557,1
410340,1
403508,2
424788,1
429654,1
421069,2
419404,3
419592,1
413777,1
425367,1
400748,0
422034,3
431822,1
398669,1
425475,1
427082,1
414176,1
383539,1
420556,1
421857,1
407523,2
432041,2
405860,1
403366,1
385767,1
403111,3
398963,1
387224,3
413997,1
402457,1
419604,1
397443,1
412385,1
387453,2
391588,2
394826,1
390674,1
431121,1
405803,3
386242,1
396487,1
399952,1
430789,1
390426,2
403525,2
417585,1
402524,1
404194,4
412587,3
417937,3
395059,1
388095,1
431851,1
434750,1
427592,3
417845,3
416111,4
432820,1
405564,1
431194,1
431331,4
401667,1
400080,4
421155,2
403450,2
432922,3
392424,1
432047,2
400010,1
415116,1
434937,1
434880,1
419397,3
426377,1
399483,0
407219,1
396026,1
431912,1
395392,1
406002,1
412532,3
417009,2
397642,1
398513,1
386891,1
428157,1
402908,1
433562,1
428742,1
405816,3
407626,2
410975,3
413650,1
430491,1
401314,1
386873,1
433341,2
400806,2
401990,1
415737,2
386846,1
402636,1
392633,3
393487,1
424409,1
436604,3
420000,1
403264,1
403995,1
399012,1
409599,1
407430,2
386918,4
436220,1
409932,1
433614,1
398674,1
392126,1
415413,1
397114,0
424739,3
392844,1
409427,1
388733,1
397102,2
394354,2
429604,1
409220,1
397997,1
436572,1
405962,1
385409,1
401260,1
393576,1
410261,1
410848,1
391694,2
425763,1
390855,1
418098,1
415022,1
419229,3
434339,1
404499,3
417862,3
386496,1
390333,2
382959,1
415526,1
396667,3
394610,1
416797,1
428901,3
407680,1
409906,1
425980,1
402514,1
430590,1
392792,1
394092,1
387936,1
407190,3
398915,1
436179,1
408018,1
430261,3
419531,1
406583,1
407846,1
406515,1
433695,1
389942,3
395511,1
406487,1
392948,2
428262,1
383068,1
429158,1
416349,1
394992,1
424798,1
398824,1
407724,1
429953,1
417424,1
413255,1
385137,0
399902,1
411175,1
388720,1
426347,1
402799,1
394767,1
390347,2
386795,1
403220,3
418997,1
427613,3
393558,1
411331,1
394214,1
436159,1
434515,1
401484,4
405224,1
385926,3
427990,2
388713,1
414447,1
421012,1
423191,1
436621,3
406799,1
413523,1
395499,1
430974,1
382856,1
407035,3
393433,1
424314,1
426113,3
425510,1
404344,1
415542,1
391705,2
424437,1
414961,1
427052,1
411565,2
417979,3
422657,1
420161,1
386985,1
423252,1
414597,1
430155,1
425122,2
406260,1
436334,1
400557,1
430332,3
420020,1
435236,4
393838,3
414971,1
401515,1
416717,1
401177,1
412190,4
411860,1
384436,1
421469,1
393473,1
417553,1
393447,1
409293,1
418891,1
391009,1
393322,1
432214,1
395006,1
396486,1
388571,1
395926,1
397014,2
399757,1
421139,2
413305,1
424308,4
414131,1
386742,1
425589,1
435524,3
425268,1
400192,1
420469,1
422597,1
387364,1
389390,1
412469,3
422016,3
398118,1
402610,1
429819,1
394055,1
390643,1
425944,1
428824,3
408830,2
417900,3
417620,4
403436,2
416848,2
407532,2
424003,1
404684,1
396561,3
404088,4
404970,2
425920,1
422713,1
408834,2
412659,1
435653,1
415676,2
434188,3
390871,1
423289,3
406495,1
388739,1
393974,3
422213,1
404108,1
405536,1
414466,1
398843,4
424331,4
421509,1
403223,3
426560,0
409657,1
422428,2
383745,2
421920,1
387608,2
429544,2
407661,1
386481,1
436033,1
430639,2
430821,1
388979,2
388422,3
387782,1
424860,1
385720,1
395660,0
385731,1
404940,2
412375,1
431991,2
397517,1
426649,2
393919,3
414892,4
427021,1
384284,1
420813,1
433691,1
431132,1
383385,1
388466,3
406649,1
430617,1
397506,1
403434,2
397392,1
428110,1
391642,2
411116,3
414265,0
426454,1
382978,1
426232,3
427759,1
409916,1
432142,1
428895,3
413904,3
384957,1
429619,1
429000,3
427945,2
418764,1
421346,1
433739,1
416528,3
436637,3
435935,1
413218,1
414837,1
429877,1
393046,2
430448,3
408861,0
409397,1
418655,1
426131,3
428940,3
417360,1
402391,1
397342,1
414922,1
436375,1
421890,1
385431,1
415970,1
414615,1
412040,4
433351,2
387472,2
427050,1
435885,2
409714,3
393870,3
383055,1
401403,1
392298,1
386395,2
407072,3
385537,1
435515,3
420521,1
398024,1
408434,3
400279,1
400424,3
412052,4
419999,1
408326,1
435263,1
419078,1
411740,1
395220,3
392108,1
400900,2
401677,1
407616,2
410708,1
398323,2
398787,1
431688,3
432614,1
384540,3
403681,1
383980,1
421500,1
385894,3
395408,1
409675,1
421342,1
397730,1
425674,1
433923,1
386674,1
391902,1
392215,1
394501,1
391830,1
414895,4
383450,1
404815,2
390449,1
418650,1
434338,1
420056,1
427251,4
395703,2
394443,1
407670,1
409624,1
393187,1
393383,1
421517,1
428513,1
400387,3
427134,4
394127,1
431711,3
412738,1
436436,1
435323,1
391334,3
383147,3
409091,1
398016,1
385413,1
393299,1
431952,1
397790,1
428367,1
428281,1
394617,1
383300,3
429205,1
406168,0
404009,1
415050,1
393472,1
402030,1
413453,1
421185,2
405660,1
391469,1
407714,1
424039,1
426036,1
433145,1
394396,2
432149,1
428396,1
432296,1
390551,1
404967,2
435784,1
429575,1
403591,2
409305,1
422390,2
411479,2
432351,1
413365,1
387878,1
409855,3
429598,1
425455,1
405006,2
425390,1
434781,1
387872,1
418746,1
418221,1
408319,1
426216,3
387442,1
389989,1
407046,3
395823,1
387170,3
387876,1
397745,1
390462,1
416990,2
400299,1
414477,1
397132,1
396150,1
415200,3
410594,1
432407,1
432473,1
407717,1
389963,3
422544,2
411920,1
392150,1
391782,2
432151,1
402487,1
424930,1
400778,2
433686,1
387980,1
383659,2
403348,1
401645,1
405748,3
407988,1
425328,1
413485,1
405990,1
384787,1
409225,1
420571,1
424595,3
391102,1
401013,1
422683,1
416232,4
410254,1
406759,1
383389,1
392166,1
398343,2
407518,2
425311,1
428088,1
400635,1
400215,1
414275,2
415293,3
429017,3
424137,1
383505,1
398671,1
431957,2
401485,1
389746,1
415938,1
418285,2
405061,1
412561,3
426339,1
432007,2
405337,1
413698,1
390495,1
409369,1
390032,1
405141,1
435290,1
403197,3
384841,1
428764,1
433450,1
407217,1
420683,3
403213,3
415305,3
390954,1
413999,1
427284,1
393801,1
410195,2
418330,2
387247,1
417196,1
401300,1
399650,1
416321,1
429399,2
388272,1
421028,2
390180,2
409968,1
397284,1
392852,1
390013,1
413974,3
412885,2
396529,1
410976,3
430233,1
415949,1
429949,4
425437,1
384852,1
423170,1
415384,1
426700,1
409180,1
433038,1
415768,1
416724,1
429610,1
399712,1
404924,2
402529,1
419302,3
400347,3
389693,1
390516,1
396646,3
428519,1
391580,2
407575,0
425939,1
432879,3
389950,3
385456,1
385156,1
398954,1
391275,3
417678,1
407996,1
391912,1
436144,1
425994,1
418615,1
402059,1
392871,1
402387,1
405598,1
414003,1
406094,2
413175,1
403557,2
416854,2
420701,3
417112,1
398324,2
421911,1
383058,1
424924,1
417764,1
434783,1
427716,1
403561,0
385444,1
393621,4
384073,1
429854,1
420561,1
426151,3
389102,1
425997,1
387087,3
408863,2
403570,2
436290,1
409056,1
406259,1
417463,1
409114,1
408787,2
398943,1
410705,4
400510,1
425534,1
396484,1
423666,2
424393,1
408310,1
387611,2
393911,3
410362,1
416292,1
405067,1
420832,1
388326,1
430979,1
429632,1
395058,1
417594,1
416748,1
400342,3
427660,1
422648,1
428383,1
398383,1
386553,1
416504,3
391399,1
412846,2
428818,1
417632,1
407683,1
390154,1
413113,1
435042,1
426333,1
400837,2
408162,1
418690,1
383493,1
406492,1
393903,3
433942,1
386145,1
412828,2
418732,1
385853,3
418080,1
390052,1
408468,3
399697,1
418677,1
402178,0
417183,1
423390,3
431801,1
398404,1
399898,1
407531,2
404131,1
435640,1
386337,0
390951,1
407561,2
402994,1
425796,1
428999,3
416369,1
385950,3
435993,1
405443,1
422429,0
418357,2
390219,2
402025,1
399332,1
406902,1
399118,3
383341,1
403305,1
384683,3
414325,2
391024,1
408679,1
396328,1
427958,2
407302,1
414073,1
399896,1
420198,1
395723,2
425238,1
410715,1
420533,1
414336,2
409536,4
410958,1
395586,0
416681,1
390114,1
410591,1
390101,1
396911,1
395230,3
403232,3
432856,3
419523,1
436326,1
411312,1
389629,1
397236,1
415373,3
407012,3
388612,1
396623,3
390182,2
389867,3
391500,1
407319,1
383470,1
389864,3
402247,2
432075,2
413868,3
410723,4
414240,2
383176,3
429129,1
415420,1
423119,1
388177,1
397978,3
394201,1
401787,3
410084,2
399391,2
435910,1
427070,1
384971,0
404712,1
403105,3
399398,0
428481,1
430151,1
392071,1
410464,1
435254,4
397210,1
385792,1
424757,1
421115,2
408658,1
391470,1
413334,1
399188,3
396612,3
414098,1
432323,1
423447,3
406059,2
436540,1
386886,1
407136,3
433431,1
394288,2
436141,1
422463,2
391400,1
428968,3
414139,1
383682,2
383971,1
384395,1
431676,3
388962,2
388823,2
408765,1
418464,2
384848,1
424936,1
397556,1
388024,1
414595,1
417996,3
414801,1
408965,2
405123,1
423687,2
391012,1
427556,3
405121,1
384672,3
410090,2
409840,3
392903,1
392663,3
435680,1
421318,1
418582,1
403217,3
388062,4
385670,1
411757,1
402186,2
430009,1
390410,2
385534,1
425565,1
428945,3
414833,1
411345,1
402004,1
403825,1
420960,1
417226,1
424019,1
383436,1
420260,1
403635,1
406785,4
419081,1
408750,1
391658,2
426220,3
433466,1
422759,1
387093,3
399169,3
407091,3
391644,2
386687,1
408570,1
384445,1
433285,2
414789,1
386994,1
426190,3
415945,1
390221,2
397791,1
432116,2
423677,2
392068,1
432596,4
404987,2
430088,1
418051,1
392783,1
397479,1
418540,1
409648,1
402363,1
413512,4
399943,1
412160,1
386418,2
418563,1
418722,1
433136,1
401897,3
388399,3
398146,1
431876,1
414347,2
430701,2
391185,3
397222,1
419479,1
417415,1
404271,1
392817,1
405530,1
422222,1
383715,0
383027,1
398062,1
397048,2
388006,1
384516,3
417671,1
386345,2
415044,1
431914,1
413231,1
392375,1
412820,2
403088,3
403644,1
427249,4
404003,1
431370,1
390141,1
419770,2
413251,1
405899,1
426051,1
389720,1
388626,1
436593,3
402181,2
413916,3
402330,0
393103,2
407585,2
400432,3
432960,3
395880,1
432984,3
433837,1
394733,1
422580,1
407826,1
388808,2
413536,4
418217,1
386495,1
388368,3
390468,1
417922,3
414232,2
389907,3
421144,2
391212,3
427103,1
425720,4
416739,1
383072,1
399010,1
393425,1
426635,2
396325,4
427899,0
407614,2
402452,1
408241,1
389154,1
392002,1
432302,1
396483,1
404324,1
412500,3
432553,4
434526,1
410657,1
383757,2
385004,2
424498,1
401102,1
408422,3
390731,1
418691,1
418088,1
436592,3
415279,3
430431,3
387151,3
385013,2
431048,1
416181,1
433359,2
410935,1
404642,1
393086,2
399102,3
388624,1
422546,2
401606,1
435478,3
394063,1
419708,2
385110,2
388673,1
385661,1
408301,1
433358,2
402277,0
436450,1
428278,1
421158,2
400758,0
392975,2
410736,4
435165,1
428992,3
429730,1
404792,1
392751,1
387321,1
393429,1
389859,3
412410,3
408076,1
436348,1
418022,3
411856,1
409817,3
434942,1
401980,1
420245,1
433817,1
404576,1
417959,3
387057,1
388914,2
414519,1
385514,1
398702,1
429012,3
410483,1
423067,4
417262,1
386330,2
399875,1
411760,1
431326,4
418992,1
418195,1
409458,4
397578,1
408143,4
406464,1
426271,3
423652,1
398781,1
399812,1
390529,1
389691,1
421383,1
404285,1
414154,1
403658,1
435435,1
412510,3
408450,3
431590,3
400102,1
436714,3
406717,1
393780,1
428114,1
420275,1
413555,1
436026,1
415700,2
416219,4
383916,1
422553,2
399009,1
412964,0
405355,1
400327,3
436539,1
432136,2
393757,1
429590,1
412130,1
408763,1
428635,4
385143,2
432872,3
398741,1
385554,1
405458,1
402437,1
407923,1
385876,3
411148,3
427606,3
420454,1
385493,1
395375,1
430703,2
416324,1
405756,3
386766,1
421103,2
386975,1
428330,1
402853,4
394667,1
435210,1
395639,2
403577,2
391605,2
407104,3
432497,1
396695,3
386610,1
427475,3
400568,1
413620,1
408808,2
429007,3
413775,1
401738,3
423905,1
402422,1
403137,3
428875,3
385839,3
410543,1
423178,1
401745,3
390076,1
391290,3
401007,1
416330,1
425805,1
435873,2
395724,2
417023,1
429021,1
423325,3
435427,1
428579,1
429874,1
433373,2
392307,4
408078,1
388279,1
397465,1
397923,3
410623,1
391811,1
433061,1
392677,3
385178,1
405477,1
412778,1
394552,1
393407,1
408781,2
416505,3
427283,1
414990,1
436215,1
422538,2
406358,1
432050,0
386558,1
391846,1
394902,1
432896,3
388058,4
386880,1
398968,1
433199,2
430044,4
415343,3
394211,1
418980,4
421713,4
423561,1
399517,2
392790,1
408852,2
435892,2
397693,1
428059,0
419005,1
430328,3
388330,1
403365,1
395555,1
407623,2
395190,3
421957,3
420676,3
384018,1
391781,2
402856,4
407389,1
385102,2
393276,1
404534,3
421291,1
392672,3
389284,1
387789,1
420812,1
411223,1
415981,1
420830,1
425266,1
395914,1
432658,1
435411,1
433380,1
399964,1
405098,1
436325,4
425772,1
420789,3
404852,0
408269,1
436927,1
412164,1
404510,3
423076,1
389983,1
401813,3
414560,1
401749,3
392138,1
397936,3
395199,3
433915,1
394896,1
401491,4
405700,3
415184,3
409969,1
393500,1
419179,1
420916,1
400892,2
407274,1
433034,1
426456,1
427840,1
391625,0
415160,1
436474,1
427414,1
424857,1
436172,1
406674,4
389881,3
412406,3
412797,1
397196,1
422469,2
403373,1
435749,1
436501,1
418841,1
410016,1
420438,1
405866,1
402562,1
422932,1
400391,3
432732,1
392437,1
427326,1
434246,3
430682,2
419646,2
430828,1
417975,3
432428,1
420124,1
415680,2
405046,1
436886,1
432278,1
424937,1
416410,1
434275,3
422808,1
410647,1
423894,1
419750,0
432395,1
434939,1
433274,2
436298,1
429110,1
400061,1
425658,1
391676,0
427784,1
399200,3
413360,1
382863,1
403221,3
384286,1
423728,2
427888,2
413923,3
393962,3
418799,1
405917,1
396858,1
432628,1
396951,2
397929,3
405842,3
399870,1
404142,1
418134,1
387941,1
408538,1
430736,2
423855,1
402129,1
435948,1
395719,2
418106,1
400088,4
400986,1
391090,1
417482,1
384512,1
432200,1
435191,1
410246,1
412985,2
399903,1
390569,1
389312,1
434084,1
395838,1
383432,1
389057,1
422907,1
393203,1
388261,1
423565,1
432060,2
420990,1
402879,1
427496,3
398675,1
421183,0
430641,2
411892,1
412665,1
404725,1
424690,3
423545,1
412636,1
406159,2
414076,1
418562,1
385295,1
391981,1
384808,1
391974,1
422749,1
427692,1
434853,1
408465,3
408572,1
413955,3
383019,1
403173,3
417526,1
410214,2
413518,1
394111,1
384798,1
430048,4
393763,1
426356,1
391505,1
424852,1
422359,1
420257,1
400555,1
424735,3
412057,4
419423,1
401291,1
420611,1
433740,1
428128,1
425039,0
383678,2
433001,3
432316,1
430810,1
405868,1
409662,1
423136,1
413944,3
402074,1
410351,1
403128,3
394088,1
423165,1
398956,1
406518,1
394899,4
392361,1
427827,1
419101,1
401384,1
393274,1
395523,1
399309,1
389210,1
425927,1
385782,1
401443,1
391723,2
393700,1
408718,1
400373,3
421629,1
424495,1
407159,3
409187,1
405685,3
403472,2
409813,3
414589,1
414881,1
429939,1
426086,1
396374,1
428912,3
413278,1
383646,2
436955,1
414871,1
435286,1
429404,2
427912,2
409335,1
427421,1
426281,3
413319,1
396313,1
407023,3
405104,1
387322,1
412118,1
427218,1
393469,1
430409,3
435279,1
385106,2
387382,1
414436,1
395289,3
429912,1
392017,1
416513,3
406565,1
434387,1
397267,1
418718,1
417945,3
386491,1
415891,1
435055,1
422434,2
395000,1
399257,1
385284,1
422577,1
386117,1
405729,3
431411,1
385226,1
428860,3
394825,1
393684,1
415344,3
396315,4
419412,3
430195,1
407392,1
383101,1
433228,2
388309,1
429961,1
427493,3
406399,1
426157,3
431531,1
410048,1
425401,1
422604,1
392837,1
435856,2
409026,1
388051,1
413692,1
418644,1
416860,2
436733,3
435305,1
434057,1
435631,1
429402,2
418338,0
424624,3
403526,2
427540,3
421427,1
407639,1
397495,1
407176,3
391262,3
417345,1
400042,1
433482,1
436104,1
400186,1
420079,1
435021,1
416655,1
385698,1
391738,2
435211,1
415805,1
431371,1
414452,1
433128,1
419037,1
405705,3
392367,1
390491,1
421903,1
387008,1
399140,3
414947,1
414780,1
383777,2
383261,3
400554,1
415130,1
404469,3
418191,1
383391,1
412053,1
431198,4
409641,1
435849,2
385113,2
421568,1
430800,1
384171,1
401132,1
419201,3
400316,3
418178,1
382929,4
427578,3
384138,1
411600,1
394296,2
407492,2
415663,2
427264,1
400121,1
405251,1
408476,3
393071,2
401917,3
419987,1
394113,1
414124,1
383449,1
416657,1
421010,1
383360,1
412696,1
435008,1
386303,0
409126,1
430159,1
434744,1
390348,2
428551,4
386354,0
406472,1
406814,1
429529,2
404572,1
419715,0
412253,1
393625,4
398015,1
396902,1
400381,3
398109,1
431393,1
401600,1
416802,1
421406,1
416689,1
403956,1
411554,2
432361,1
414309,0
419530,1
388641,1
384325,4
426363,1
383138,3
421277,1
414384,0
433523,1
413147,1
390577,1
390846,1
397477,1
433046,1
428549,1
392965,2
403762,1
425088,2
397552,1
403209,3
433123,1
424646,3
404338,1
399635,1
412179,1
386314,2
418965,4
392652,3
434577,0
427480,3
423803,2
388518,3
424505,1
383200,3
428844,3
436689,3
425206,1
394240,2
388833,2
411483,0
431687,3
397215,1
401951,3
424382,1
426302,1
408120,4
392015,1
388789,2
418313,2
406936,1
417925,3
433443,1
405827,3
416631,1
385489,1
420968,1
385228,1
403967,1
398436,1
395115,1
412869,2
410753,4
410607,1
384375,1
387645,1
385369,1
432678,1
409715,3
412106,1
391381,1
419277,3
406428,1
436704,3
424213,4
426925,1
426019,1
425555,1
419885,1
400656,1
414407,2
387682,1
432855,3
385604,1
428595,1
413975,3
387260,1
415881,1
422404,2
406299,1
400597,1
386901,1
413242,1
409229,1
388322,1
404486,3
419736,2
388844,0
384968,2
408363,3
431654,3
393306,1
422575,1
422471,2
414967,1
402616,1
433465,1
424071,1
398183,2
424419,1
403556,2
409762,3
428434,1
419976,1
432990,3
425755,4
409356,1
398410,1
392473,1
396189,1
413350,1
392992,2
392060,1
420704,3
385078,0
393132,2
417059,1
416134,1
403773,1
413087,1
398304,2
396480,1
401683,1
392946,2
431734,3
434299,3
400181,1
425681,1
389137,1
431678,3
426692,2
426885,1
383582,0
405777,3
430894,1
403367,1
430414,3
401340,1
424876,1
408582,1
395718,2
435711,1
391306,3
397895,3
402139,1
393798,1
408533,1
383116,1
433616,1
422273,1
403610,2
406952,1
389126,1
415242,3
391242,3
405263,1
407039,3
416840,0
411437,2
406016,1
434075,1
427986,2
415074,1
418498,1
423927,1
416128,1
421391,1
419471,1
391403,1
402542,1
426770,1
398153,1
385448,1
404039,1
384080,1
422058,3
427975,2
433339,2
402922,1
390249,2
416550,3
416119,1
408593,1
399846,1
427777,1
413299,1
433680,1
435844,2
422147,1
411450,2
393823,1
411445,2
431064,1
409643,1
420930,1
404286,1
412215,1
436426,4
434418,1
435660,1
400137,1
400617,1
403148,3
412471,3
401502,4
392070,1
393259,1
412842,2
389860,3
413789,1
392659,3
403438,0
387844,1
386738,1
408367,3
419843,2
402024,1
432196,1
397263,1
429209,1
393121,2
418932,1
402253,2
422163,1
391051,1
408823,2
420255,1
407608,0
384450,1
390041,1
422236,1
394464,1
393573,1
408985,1
384428,1
417315,1
413245,1
416972,2
401701,1
399129,3
390767,1
432606,1
430769,1
393489,1
405025,1
398168,1
392657,3
424668,3
384232,1
417124,1
430706,2
408055,1
416168,1
436731,3
408436,3
422874,1
428401,1
395017,1
435815,2
397434,1
427936,2
390306,2
436329,1
399995,4
428978,3
390218,0
406669,1
426478,1
386961,1
422411,2
425329,1
394598,1
393765,1
409448,4
397147,1
386878,1
416346,1
383040,1
401514,1
436662,3
423420,3
402857,1
386289,0
415340,3
399861,1
387997,1
422969,4
392531,3
415267,3
433423,1
434770,1
396209,1
428873,3
389343,1
432780,1
426060,1
391049,1
387398,1
421882,1
419190,1
420959,1
407086,3
435132,1
402230,0
430859,1
396791,1
428751,1
435809,2
414920,4
417003,2
422027,3
428732,1
399124,3
435763,1
394894,1
404379,3
422861,1
393504,1
424049,1
388587,1
433004,3
393905,3
412341,1
422392,2
413786,1
432370,1
391236,3
426943,1
430511,1
402347,2
427178,1
399829,1
433022,1
421748,4
431971,2
408060,1
396264,1
411141,3
410974,3
416700,1
384558,3
394010,3
429100,1
399876,1
417692,1
386315,2
425229,1
423924,1
409526,1
428813,1
392765,1
399286,1
418873,1
433474,1
393037,2
425280,1
394147,1
413082,1
421075,2
405383,1
391016,1
420228,1
419234,3
406092,0
420089,1
404870,2
418154,1
390669,1
403349,1
392508,1
404855,2
405357,1
388708,1
410578,1
424975,2
426130,3
398027,1
413085,1
430284,3
419544,1
436109,1
431856,1
398257,2
393256,1
418864,1
404835,2
415496,1
418728,1
430655,2
388536,3
428998,3
412249,1
405052,1
426719,1
384638,3
434888,1
402419,1
416145,1
435353,1
436255,1
403246,1
400561,1
415841,1
412909,2
423562,1
418347,2
423037,1
401380,4
415519,1
426059,1
419202,3
404680,1
399919,1
385379,1
416094,1
425821,4
429486,2
424048,1
415523,1
423155,1
415988,1
391227,3
401103,1
408307,1
409355,1
395192,3
396367,1
388237,1
385560,1
419970,1
423494,1
385886,3
393543,1
385386,1
422182,1
412337,1
409634,1
413596,1
409684,1
422206,1
429388,2
419791,2
434595,0
435841,2
425705,1
423279,3
384008,1
428724,1
409298,1
383651,2
415370,3
434552,2
432703,1
385656,4
415776,1
403519,2
387701,1
436263,1
411269,1
394602,1
404078,1
404842,2
413134,1
433212,0
408216,1
400891,2
434180,3
396412,1
432104,2
435604,3
391494,1
412701,1
430046,1
433808,1
398472,1
396709,1
425077,2
398478,1
435310,1
426777,1
428598,1
383036,1
407981,1
407731,1
398258,2
398266,0
394423,1
428103,1
423800,2
414171,1
423530,1
406880,1
433819,1
409422,1
419330,3
436856,1
422088,3
402980,1
405570,1
410110,0
396860,1
433349,2
406944,1
435322,1
432964,3
401420,1
426107,3
418374,2
403312,1
391553,1
432710,1
384290,1
422552,2
384217,1
417838,3
388171,1
428400,1
420513,1
383413,1
394773,1
407135,3
436398,1
434342,1
431668,3
386769,1
409402,1
422268,1
397169,1
418899,1
418595,1
435678,1
389188,1
402354,1
414767,1
406837,1
414754,1
411256,1
426099,3
422489,2
423675,2
418366,2
426694,2
432573,1
390670,1
421536,1
384098,1
402325,2
385608,4
395960,1
387030,1
383447,1
384839,1
424179,1
400315,3
417903,3
403265,1
398987,1
421587,1
398770,1
424599,3
392719,1
401170,1
422043,3
404972,2
427870,1
420430,1
385355,1
427563,3
417751,1
397679,1
414288,0
416258,1
427519,3
404551,3
417674,1
408071,1
388002,1
383121,1
417274,1
428826,3
386062,1
385576,1
412658,1
434579,2
425113,2
383940,1
400984,1
421230,1
414719,1
387373,1
399634,1
401656,1
422778,1
432025,2
415186,3
425733,1
400337,3
436522,1
406597,1
418192,1
404808,2
395956,1
426737,1
423227,1
404297,1
384163,1
408165,4
397246,1
403943,1
385441,1
420419,1
396566,3
412845,2
396876,1
385836,3
399306,1
399803,1
426357,1
428064,2
421540,1
397938,3
395066,1
404880,2
400108,1
407334,1
410513,1
417057,1
409210,1
395797,1
426286,3
434307,3
419798,2
407958,1
384647,3
391753,2
389625,1
413681,1
428282,1
419241,3
386650,1
396077,1
390990,1
430541,1
425636,1
397764,1
418365,2
401205,1
386808,1
424168,1
389023,1
430405,3
416222,1
410549,1
388262,1
430472,1
419850,2
433475,1
434464,1
402328,2
424658,3
422437,2
408950,2
415108,1
422267,1
415726,2
421280,1
395103,1
431417,1
387903,1
411330,1
392217,1
424882,1
385693,1
386729,1
393038,2
390809,1
385094,2
392489,1
386724,1
409153,1
399139,3
401952,3
411979,1
417517,1
403544,2
434289,3
430689,2
414363,2
430946,1
391708,2
398176,1
391326,3
421715,1
412232,1
433660,1
423206,1
431996,2
433025,1
401926,3
390476,1
405732,3
419607,1
397034,2
425876,1
429524,2
417733,1
409735,3
427552,3
424911,1
404812,2
424932,1
418907,4
421895,1
406169,2
404198,1
400142,1
422048,3
397844,3
406029,1
391487,1
417657,1
419097,1
418687,1
390047,1
399740,1
395771,2
423065,1
399978,1
399593,1
435946,1
401009,1
406409,1
406688,1
392732,1
408343,1
416161,4
399606,1
397611,4
385786,1
436353,1
389800,3
398294,2
389321,1
428973,3
389028,1
386212,1
424800,1
386069,1
436460,1
432159,1
396814,1
389467,1
424751,3
405146,1
420528,1
391617,2
394070,1
424609,3
411763,1
415291,3
406533,1
423985,1
392605,3
391670,2
407989,1
430286,3
435506,3
415091,1
407093,3
398578,1
389612,1
428200,1
414820,1
406500,1
433052,1
425257,1
427664,1
388358,3
423255,1
393148,2
399766,1
430271,3
407544,2
409510,1
435429,1
390945,1
420618,3
406622,1
384966,2
390387,2
404406,3
384926,1
424051,1
404356,3
434574,0
385606,1
434670,2
432559,1
434570,2
404717,1
412075,4
385793,1
390664,1
420695,3
386271,2
409410,1
425398,1
418671,1
396798,1
436407,4
395920,1
399624,1
385249,1
392168,1
396937,2
414364,0
407228,1
394039,1
433979,1
408960,2
409141,1
407441,2
435813,0
395425,1
388950,2
384673,3
412037,1
388315,1
391408,1
404199,1
432546,1
404098,1
415531,1
432056,2
430548,1
414110,1
430313,3
432333,1
429516,2
425552,1
403454,2
385125,2
408336,1
418457,2
387886,1
400382,3
392564,3
390537,1
416671,1
427095,4
408901,2
409189,1
428726,1
400085,1
436849,1
434384,1
416021,1
395600,2
424769,1
418490,1
392448,1
383573,2
383105,1
400799,2
389962,3
394294,2
430905,1
388244,1
428089,1
391900,1
405708,3
411725,1
431781,1
413027,2
436518,1
403636,1
432890,3
394560,1
392286,4
383406,1
412418,3
427928,2
433563,1
396225,1
407884,1
412592,3
395800,1
422777,1
391567,2
426565,2
424469,1
432248,1
411399,2
433712,1
405742,3
408612,1
395015,1
435812,0
436091,1
420694,3
433316,2
427981,2
418810,1
420418,1
433936,1
426639,2
409702,1
408063,1
433567,1
411268,1
417040,1
391276,3
426711,1
401464,1
397083,2
425866,1
398009,1
394627,1
389519,4
405218,1
429922,1
436619,3
423560,1
432393,1
400935,1
397522,1
422333,1
427314,1
418693,1
386823,4
417809,1
408708,1
406985,3
413998,1
395815,1
387578,2
421756,4
398643,1
427321,1
403854,1
394791,1
389375,1
409741,3
389781,3
423179,1
401050,1
436729,3
386073,1
400754,2
393356,1
385380,1
432267,1
390654,1
399338,1
423174,1
399303,1
399454,0
392418,1
403362,1
385411,1
394417,1
418110,1
416087,1
411794,1
427068,1
389898,3
401377,1
386046,1
420205,1
397645,4
385854,3
410896,1
406991,3
428162,1
419411,3
411770,1
435714,1
396749,1
385673,1
408006,1
383210,3
401098,1
434887,1
394682,1
422814,1
385455,1
424124,1
435110,1
418079,1
393169,1
435012,1
395239,3
399806,1
423127,1
387458,2
406718,1
412517,3
410136,2
430293,3
395763,0
434981,1
408173,4
426930,1
395075,1
431147,1
406753,1
390752,1
425263,1
430040,4
416149,1
400919,2
408689,1
412844,2
386905,4
434967,1
423770,2
388763,1
389932,3
416327,1
421048,2
420545,1
421942,3
436459,1
405509,4
429992,4
413406,1
392390,1
421076,2
410926,1
425491,1
433220,2
385660,4
411555,2
434179,3
399006,1
386039,3
395621,0
421435,1
406179,2
417667,1
393646,4
419914,1
425913,1
398002,1
388227,1
395675,2
400260,1
387835,1
390350,2
407693,1
422569,1
386811,1
426002,1
416385,1
402089,1
402043,1
409929,1
422566,1
425333,1
435656,1
406898,1
402314,2
432241,1
428695,1
401629,1
387581,2
436098,1
390908,4
399072,3
386969,1
401705,1
398995,1
420456,1
422845,1
425285,1
414698,1
395810,1
389495,1
433103,1
424818,1
435308,1
416216,4
433460,1
409131,1
383064,1
391252,3
404735,1
388966,2
401398,1
392072,1
428649,1
417396,1
426810,1
389061,1
394104,1
420878,1
428709,1
387914,1
395490,1
391411,1
408225,1
391871,1
396001,1
383712,2
385699,1
414437,1
390811,1
416348,1
398554,1
413476,1
398881,1
417027,1
423162,1
388916,2
413049,2
403961,1
383383,1
401143,1
436349,1
394264,0
410539,1
408802,2
401500,4
431482,1
394376,2
403418,1
399414,2
386263,1
409874,1
427584,3
394879,1
414884,1
407873,1
383759,2
426287,3
394611,1
392894,1
413886,3
426643,2
430502,1
393682,1
419143,1
425847,4
435274,1
424031,1
409144,1
400247,1
412893,2
429133,1
432365,1
429013,3
424497,1
430552,1
436681,3
400286,1
386568,1
417285,1
423638,1
404599,1
420526,1
390120,1
428599,4
435511,3
383312,3
425807,1
413315,1
426408,1
425703,1
411606,1
431080,1
424678,3
395795,1
398498,1
420110,1
392330,4
392614,3
422395,0
396591,3
399056,3
392421,1
410285,1
428236,1
393817,1
429768,1
426538,2
384682,3
383549,1
393227,1
425241,1
421747,1
421203,2
394780,1
400602,1
390429,2
400637,1
390067,1
416519,3
418632,1
409407,4
388508,3
394886,1
385352,1
420268,1
389246,1
409491,1
418234,1
404595,1
436636,3
420372,1
384180,1
387539,2
420013,1
401133,1
435972,1
388136,4
399790,1
422818,1
391688,2
386041,3
434876,1
401646,1
429825,1
409614,1
427516,3
418814,1
431052,1
394718,1
423337,3
401106,1
433388,1
395057,1
392274,1
411804,1
397505,1
397803,1
395318,3
434897,1
423812,2
433093,1
387240,3
435619,3
394404,2
383109,1
401221,1
390744,1
399195,3
408361,3
432346,1
391053,1
386853,1
427073,1
417927,3
399488,2
435216,4
387202,3
429569,1
415875,1
417543,4
432989,3
405826,3
384964,2
401682,1
432243,1
391452,1
404750,1
408694,1
389844,3
416673,1
397738,1
404902,2
421768,4
388390,3
417864,3
409827,3
421074,0
402855,4
387758,1
401622,1
386059,1
405092,1
423738,2
406207,2
395324,3
424354,1
391165,1
436820,1
394040,1
427873,1
429945,1
414644,1
429269,1
417476,1
428925,3
387750,1
411310,1
427442,3
420459,1
405303,1
430522,1
390985,1
410242,2
434931,1
419025,1
385542,1
398232,2
425216,1
430820,1
435688,1
407710,1
402301,2
432697,1
436114,1
432073,0
395172,3
428524,1
411552,2
417603,4
413451,1
405964,1
427879,2
409382,4
413511,4
408900,2
420853,1
391845,1
434717,2
428689,1
399019,1
388596,1
419656,2
415962,1
392900,1
436574,1
418507,1
434237,3
416994,2
393012,2
421966,3
418135,1
394687,1
383897,1
409867,1
426712,1
387155,3
427672,1
399227,1
404913,2
432548,1
415033,1
399849,1
404470,3
428154,1
389127,1
388945,2
403809,1
432951,3
422144,1
402939,1
414441,1
404564,3
397816,1
436100,1
429247,1
429548,2
399987,1
436867,1
436112,1
394381,2
401807,3
397457,1
411742,1
394819,4
388998,1
412831,2
396609,3
404405,3
385313,1
387091,3
407889,1
431507,1
416985,2
396174,1
387061,1
394059,1
391109,1
421281,1
430568,1
436127,1
403831,1
404628,1
402520,1
428194,1
394804,1
401827,3
385991,3
389788,3
417745,1
396031,1
419529,1
402080,1
389645,1
406188,0
417452,1
428959,3
422979,1
424711,3
411916,1
414630,1
430216,1
397695,1
386672,1
421275,1
384760,1
399930,1
398284,0
433037,1
407678,1
426956,1
403816,1
411616,1
391434,1
406561,1
405572,1
409828,3
403426,2
430257,3
396210,1
427768,1
389665,1
410466,1
427358,1
436433,4
415880,1
396546,1
405153,1
402510,1
394853,4
431605,3
389271,1
408542,1
401182,1
425865,4
432821,1
383913,1
410021,1
420121,1
416872,2
395473,1
411671,1
422813,1
424577,3
433094,1
418271,2
431509,1
404193,1
405279,1
412944,2
418579,1
427071,1
389949,3
394193,1
403861,1
433300,2
409759,3
418324,2
412585,3
395086,1
433627,1
419915,1
397875,3
423577,1
417750,1
422916,1
427273,1
412709,1
412308,1
414800,1
428897,3
384795,1
400499,1
423533,1
416578,3
413410,1
424909,1
405215,1
389097,1
400356,3
421514,1
424444,1
433312,2
394389,2
428662,1
420367,1
384986,2
412761,1
424681,3
392349,1
430218,1
391311,3
411147,3
382886,1
422655,1
388794,0
401073,1
435859,2
426000,1
384902,1
426996,1
404444,3
392273,4
410643,1
436372,1
414063,1
420122,1
423535,1
414604,1
411366,2
429559,1
403687,1
396399,1
398709,1
434923,1
405677,3
389000,1
400168,1
394405,2
429538,2
419944,1
402027,1
435292,1
420360,1
390724,1
400612,1
397039,2
429055,1
436743,3
386450,2
413004,2
430193,1
410566,1
405994,1
394317,2
431970,2
406375,1
419730,2
397412,1
435628,3
414565,1
405194,1
403718,1
434792,1
430466,1
423204,1
429074,1
396019,1
411598,1
383902,1
403958,1
403891,1
414302,0
425875,1
432111,2
412404,3
409627,1
409773,3
389739,1
419216,3
410833,1
424423,1
418812,1
398888,1
433110,1
430049,4
392636,3
432236,1
394235,2
400578,1
434392,1
401810,3
408521,3
392219,1
411819,1
414870,1
432312,1
387774,1
433500,1
428284,1
431028,1
382954,1
422350,1
410013,1
401828,3
418881,1
431832,1
434414,1
436254,1
384817,1
393829,3
396293,4
406992,3
408432,3
425606,1
414809,4
433015,1
416811,1
432966,3
397841,3
431790,1
405054,1
406590,1
410697,1
407624,2
435434,1
431378,1
396741,1
417302,1
388216,1
430836,1
391464,1
402534,1
431755,1
415101,1
415559,1
423860,1
433974,1
389316,1
429804,1
403172,3
428495,1
409248,1
388162,1
420724,3
414836,1
424059,1
417217,1
396321,4
390168,1
401657,1
425516,1
429664,1
398020,1
430885,1
415425,1
411998,1
402788,1
436318,1
415179,3
398299,0
423176,1
402122,1
407317,1
420332,1
389951,3
416971,2
427233,1
410395,1
395733,2
435602,3
388204,1
424812,1
423955,1
415105,1
414217,2
405155,1
425625,1
433260,2
389064,1
431557,3
430991,1
416948,2
436178,1
417200,1
400233,1
414009,1
403902,1
419992,1
396610,3
435942,1
432263,1
425177,2
424190,1
384087,1
414683,1
418280,0
421477,1
386312,2
394340,2
395680,2
433624,1
407797,1
402062,1
403927,1
418771,1
435492,3
410997,3
391316,3
431400,1
388296,1
432418,1
384040,1
406132,0
422669,1
399058,3
398501,1
401417,1
433184,1
423693,2
418611,1
393375,1
407118,3
387102,3
428373,1
421664,1
395508,1
384024,1
398110,1
420678,3
386011,3
423030,4
435743,1
390305,2
427328,1
436507,1
410116,0
386670,1
394875,1
429252,1
429692,1
402397,1
427933,2
420276,1
423013,1
428842,3
427708,1
395304,3
388389,3
432206,1
423653,1
389181,1
400407,3
393279,1
408816,2
423008,4
395029,1
385507,1
412340,1
436248,1
434979,1
415357,3
396538,1
409164,1
425686,4
415852,1
390550,1
429946,1
406660,1
411394,2
433811,4
423394,3
419247,3
393710,1
385551,1
387767,1
384590,3
394180,1
396866,1
420224,1
411439,2
403894,1
393747,1
400126,1
398565,1
426569,0
422786,1
407278,1
403334,1
410797,1
408677,1
389905,3
418202,1
436157,1
418808,1
388448,3
415898,1
395584,0
397151,1
394438,1
429797,1
409979,1
435479,3
395820,1
414638,1
389874,3
404886,2
395529,1
406571,1
395168,3
409391,4
406082,2
424740,3
422992,1
385717,1
403219,3
419888,1
418193,1
430329,3
414694,1
394090,1
383422,1
425063,2
423393,3
395653,2
389502,4
416155,1
404865,2
423504,1
396063,1
420840,1
432391,1
389245,1
428463,1
420155,1
388475,3
400940,1
432434,1
386968,1
387289,1
400135,1
414898,1
418741,1
392866,1
399258,1
390125,1
385057,2
406998,3
422729,1
385201,1
405582,1
431758,1
414907,1
431542,3
410460,1
399218,3
419074,1
415228,3
416894,0
393328,1
397648,1
421976,3
405409,1
413557,1
392458,1
392098,1
388323,1
434628,2
436022,1
434112,1
401478,4
419832,2
396754,1
389169,1
420979,1
383664,2
421905,1
416596,3
386609,1
415729,0
388173,1
417567,1
435675,1
384865,1
398677,1
420846,1
413567,1
405666,1
403260,1
435921,1
431961,0
416022,1
394874,1
412195,1
398236,2
400879,2
398124,1
384090,1
413533,4
410534,1
411728,1
404170,4
386071,1
390582,1
414062,1
387187,3
395952,1
425043,0
388195,1
385784,1
428441,1
403643,1
432216,1
397101,2
398941,1
393006,2
392471,1
424128,1
412214,1
402278,2
390548,1
390427,2
433730,1
431522,1
410322,1
433299,2
425724,1
397491,4
432105,2
383182,3
392064,1
426763,1
384437,1
386507,1
390054,1
386449,2
421607,1
420417,1
435644,1
409716,3
434828,1
431763,1
395974,1
434996,1
396477,1
414239,0
415528,1
423902,1
436196,1
427505,3
408324,1
393649,1
421954,3
403686,1
407893,1
388197,1
429391,2
423549,1
400471,3
435502,3
390708,1
421104,2
413628,1
428517,1
405075,1
392549,3
398739,1
406316,1
384604,3
394539,1
424702,3
391007,1
424944,1
413420,1
405433,1
409793,3
395947,1
412713,1
398313,2
388876,2
416275,1
385190,1
426139,3
431002,1
394135,1
403143,3
418931,1
433697,1
392593,3
414759,1
430203,1
400006,1
431748,3
417960,3
408357,3
420723,3
427011,1
411912,1
407357,1
409927,1
416763,1
427093,1
392258,1
411853,1
418675,1
435372,1
396800,1
395528,1
399310,1
385120,2
391238,3
403275,1
405197,1
423736,2
426808,1
399618,1
408989,1
388622,1
410025,1
434756,1
423516,1
427307,1
425922,1
409803,3
384304,4
413547,4
424404,1
431497,1
432375,1
416004,1
402764,1
417852,3
420817,1
384389,1
403401,1
428552,1
401865,3
403758,1
407244,1
407987,1
396433,1
411048,3
434679,2
433428,1
420194,1
399190,3
384707,3
412916,2
410189,2
408160,1
430051,4
389397,4
436493,1
400011,1
415065,1
386835,4
420752,3
383885,1
435428,1
417743,1
434803,1
406053,2
391773,2
429630,1
384678,3
420269,1
397563,1
404911,2
391984,1
383037,1
412550,3
436796,1
383775,2
383006,1
423226,1
416484,3
409588,1
389022,1
398429,1
419376,3
415230,3
400841,2
392120,1
425909,1
409059,1
406908,1
405766,3
428247,1
426599,0
393147,2
418550,1
406651,1
416864,2
414034,1
411846,1
422967,1
434525,1
413454,1
412429,3
383437,1
392403,1
421050,2
418140,1
400765,2
390346,2
397635,4
404337,1
436275,1
423132,1
383188,3
427499,3
388949,2
429147,1
403759,1
414732,1
383045,1
407615,2
409200,1
388709,1
415562,0
423780,2
387173,3
394685,1
420111,1
386502,1
384658,3
409764,3
413694,1
428975,3
421531,1
434821,1
398417,1
408185,4
419840,2
428899,3
419408,3
426507,2
393634,4
410829,1
412475,3
419654,2
433244,2
427587,3
429543,2
425793,1
410227,2
426682,2
407058,3
409161,1
418382,2
405437,1
409196,1
387971,1
414758,1
422420,0
382904,1
408457,3
389135,1
413146,1
392775,1
432910,3
406523,1
422791,1
386791,1
398300,0
429207,1
424829,1
418543,1
393188,1
424913,1
388263,1
417308,1
392339,1
388925,2
384442,1
429366,2
398416,1
411107,3
415735,2
433049,1
394625,1
405304,1
423908,1
394289,2
435226,1
412032,1
419895,1
400853,2
389819,3
414977,1
408084,4
391333,3
406922,1
420890,1
422936,1
389996,1
419693,0
428503,1
397004,2
428526,1
400574,1
415034,1
390436,1
410562,1
425966,1
394554,1
406317,1
400229,1
421125,2
409891,1
395070,1
383318,3
396862,1
400070,4
425961,1
409849,3
409147,1
430631,1
399815,1
392822,1
416487,3
412194,1
434457,1
413929,3
424374,1
429138,1
426872,1
413513,4
419725,2
420889,1
399194,3
430468,1
411789,1
427415,1
430017,4
387239,3
434045,1
418355,2
386662,1
406152,2
416460,3
385086,2
416372,1
395580,0
435160,1
424407,1
398600,1
433651,1
391563,1
415665,2
414942,4
415484,1
428042,2
399762,1
386218,1
421365,1
395384,1
419472,1
418941,4
392004,1
409101,1
435005,1
413408,4
410878,1
430830,1
414305,0
406147,0
419821,2
408551,1
430944,1
423961,1
383289,3
433582,1
407857,1
418664,1
392412,1
398818,4
436819,1
402850,1
385260,1
413738,1
409870,1
390354,2
388901,0
429374,2
436939,1
393133,2
425972,1
393661,1
414255,2
423461,1
434465,1
433047,1
424282,4
432255,1
433331,2
402598,1
409108,1
389125,1
418128,1
405694,3
426830,1
424724,3
402467,1
429112,1
400318,3
423073,1
405391,1
421522,1
394586,1
430354,3
396153,1
386597,1
386781,1
407850,1
398935,1
394903,1
428081,2
406926,1
386343,2
425302,1
403006,1
405519,1
435091,1
415466,1
407596,2
425608,1
392786,1
386197,1
414957,1
413205,1
433603,1
390202,2
416728,1
434302,3
436402,1
415072,1
390403,2
419052,1
396330,4
405673,1
392031,1
407697,1
423622,1
409809,3
404392,3
404836,2
429079,1
423970,1
394708,1
387449,2
421949,3
396693,3
385775,1
405147,1
436461,1
423819,2
404723,1
418727,1
412248,1
426167,3
417607,4
404069,1
403613,0
405269,1
415927,1
410100,2
410022,1
412984,2
407361,1
432344,1
396971,2
400048,4
432470,1
426893,1
421114,0
392089,1
427311,1
405663,1
397437,1
416171,4
418736,1
393024,2
420770,3
425737,4
394887,1
410327,1
432981,3
400666,1
406630,1
427511,3
390467,1
425489,1
431524,1
386721,1
412281,1
403732,1
393676,1
431588,3
413568,4
423616,1
391353,3
384511,1
387761,1
432044,2
394267,0
394212,1
393277,1
431866,1
418743,1
411093,3
411943,1
412343,1
390837,1
403741,1
386064,1
413976,3
398362,2
427533,3
426219,3
395740,2
418737,1
423830,2
432039,0
391348,3
426001,1
407953,1
396028,1
431916,1
410492,1
433590,1
404218,1
410346,1
386587,1
423978,1
394343,2
419438,1
391843,1
401324,1
433970,1
391180,3
395944,1
420883,1
403948,1
401130,1
426644,2
386317,2
432834,1
419749,2
389910,3
409865,3
419605,1
388656,1
388706,1
417465,1
430543,1
433895,4
421272,1
405857,1
400172,1
430395,3
399237,1
408339,1
421624,4
383866,1
391806,1
422617,1
416061,1
430952,1
398104,1
433372,2
406906,1
414402,2
396327,1
417530,1
401175,1
386115,1
419950,1
391957,1
407577,0
431637,3
408727,1
404476,3
387875,1
391491,1
394535,1
424399,1
404891,0
412014,1
384896,1
424372,1
411213,1
383767,2
401739,3
387349,1
431433,1
413839,3
401247,1
422993,1
410239,0
424006,1
427857,1
415589,2
424640,3
391932,1
431221,1
385623,4
420397,1
402283,2
392486,1
423807,2
414673,1
417929,3
425507,1
419816,2
395208,3
401129,1
399953,1
428997,3
424359,1
430679,2
425987,1
406155,2
417735,1
433320,2
398006,1
406757,1
419834,2
396302,4
434782,1
416659,1
395605,2
435634,1
397872,3
386537,1
436686,3
389685,1
389947,3
416599,3
429556,1
396742,1
425955,1
417163,1
427732,1
425137,2
404004,1
385600,1
396776,1
434622,2
392384,1
430478,1
430213,1
393319,1
422568,1
405906,1
406635,1
408575,1
408959,2
386401,2
430615,1
403989,1
397462,1
427236,4
418404,0
423643,1
383492,1
413326,1
402426,1
395387,1
424974,2
396418,1
419451,1
407730,1
399687,1
393463,1
433073,1
403262,1
387939,1
428696,1
409608,1
396190,1
422529,2
420342,1
411888,1
383711,2
390150,1
418047,1
420443,1
434611,0
432392,1
416142,1
423520,1
403916,1
431471,1
392131,1
404603,1
410888,1
427979,2
424355,1
412666,1
402643,1
388502,3
393364,1
398328,2
424883,1
400074,4
430482,1
419495,1
408164,1
411129,3
397474,1
431691,3
385349,1
395002,1
387309,1
431715,3
427967,2
419928,1
384761,1
419806,2
411842,1
433234,0
415782,1
398986,1
435504,3
382970,1
403130,3
411792,1
399030,1
385773,1
405259,1
433298,2
431713,3
410996,3
431443,1
395410,1
395138,1
394527,1
435886,2
410908,1
398700,1
423195,1
409170,1
392760,1
397909,3
416187,1
416202,4
426683,0
383059,1
398708,1
415375,3
431330,4
405526,1
405280,1
424639,3
415142,1
388785,2
407572,2
408716,1
406193,2
415687,2
434674,2
396913,1
413561,1
405422,1
385527,1
392853,1
418058,1
391985,1
434504,1
421483,1
401080,1
383800,1
433214,2
387301,1
418569,1
407967,1
435881,2
434297,3
415178,3
399348,1
399737,1
410462,1
419154,1
389773,1
391542,1
384079,1
423181,1
409853,3
423055,1
397077,0
408387,3
417338,1
436136,1
418654,1
409183,1
424527,1
387956,1
393560,1
389753,1
394038,1
383699,0
414016,1
434659,0
409818,3
416925,2
390996,1
432932,3
432287,1
413667,1
425760,1
420248,1
430842,1
415266,3
403988,1
405282,1
385738,1
393286,1
406339,1
414431,2
417329,1
418831,1
413125,1
405091,1
413578,4
414775,1
432630,4
428530,1
419282,3
410917,1
393156,1
432660,1
390485,1
420798,3
414928,1
428512,1
416737,1
388598,1
399289,1
386398,2
423569,1
405247,1
426429,1
431091,1
384012,1
426042,1
415619,0
409262,1
419221,3
407282,1
383647,2
412956,2
410684,1
433308,2
396457,1
402653,1
413021,0
422325,1
424244,1
430381,3
421583,1
398556,1
395896,1
385755,1
388793,0
412163,1
383893,1
425740,1
395400,1
417011,2
435545,3
385942,3
409430,1
384211,1
406070,2
402258,2
425130,0
430647,2
394536,1
423722,2
386966,1
411089,3
419129,1
424474,1
393167,1
428338,1
411715,1
411262,1
426802,1
406000,1
420725,3
430702,2
418842,1
389563,1
418052,1
399671,1
408761,1
423239,1
419174,1
411882,1
408034,1
395203,3
422500,2
428840,3
412764,1
396708,1
409137,1
402867,4
396949,2
406812,1
427097,1
399233,1
402044,1
418440,2
413009,2
384433,1
411945,1
407863,1
427612,3
434694,2
403767,1
385169,1
433718,1
435654,1
383821,1
423824,2
434975,1
408088,1
424096,1
406780,1
421134,2
397188,1
399419,0
384890,1
432517,1
418514,1
415133,1
411214,1
432613,1
417654,1
392935,2
408172,4
383256,3
415162,3
412543,3
420096,1
428020,0
385930,3
403579,2
423437,3
430343,3
392885,1
402675,1
407725,1
393173,1
403654,1
395459,1
421055,2
383011,1
410734,4
394507,1
401558,1
413879,3
426133,3
394823,4
429535,2
410971,3
423724,0
426012,1
430980,1
405166,1
392368,1
434944,1
404216,1
410062,0
390078,1
401372,1
402243,2
428229,1
387107,3
420943,1
396218,1
436279,1
411558,2
413465,1
416241,4
408978,1
406084,2
384271,4
385928,3
389916,3
392509,1
420464,1
394169,1
389430,1
405654,1
410019,1
390087,1
415215,3
406344,1
429346,2
401871,3
412227,1
432249,1
415537,1
404368,3
413506,4
393833,3
395958,1
426487,1
435682,1
429321,2
414051,1
397536,4
405539,1
428796,1
422423,0
407800,1
418477,1
405846,3
386127,1
426581,2
401456,1
429045,1
428129,1
412086,1
423215,1
386060,1
399187,3
392699,3
389583,1
411133,3
409562,1
398113,1
430585,1
393007,0
436670,3
400598,1
392761,1
400541,1
393532,1
415125,1
434004,1
420639,3
406311,1
424841,1
428050,2
395310,3
418795,1
417035,1
435532,3
427366,1
385330,1
405836,3
407972,1
389723,1
422703,1
391126,1
390045,1
399234,1
392913,1
406385,1
401818,3
398712,1
415185,3
428014,2
428474,1
395548,1
420159,1
421283,1
394808,1
414285,2
425194,1
410560,1
398464,1
395297,3
408197,1
388418,3
405585,1
425224,1
398969,1
427705,1
395888,1
384041,1
386412,2
389060,1
434634,2
388788,2
427687,1
413550,4
431833,1
424539,1
402993,1
407100,3
404863,2
396134,1
430452,1
388158,1
399280,1
392223,1
419917,1
405143,1
399777,1
430966,1
431636,3
422750,1
435497,3
388978,2
425209,1
384947,1
432740,1
416414,1
384861,1
426180,3
403702,1
427937,2
385389,1
435330,1
424968,0
413017,2
399665,1
393759,1
400954,1
423750,2
395478,1
396121,1
383030,1
402166,2
398911,1
436297,1
404358,3
420905,1
402128,1
410480,1
392350,1
386709,1
426875,1
416196,1
396223,1
419458,1
424765,1
430246,1
397607,1
421073,2
400804,2
405535,1
423759,2
431145,1
411153,1
407748,1
402223,0
388419,3
386244,1
406273,1
386821,4
415454,1
422447,2
428036,2
421717,1
406834,1
422534,2
422858,1
420808,3
427282,1
418428,2
415859,1
421364,1
396683,3
425938,1
405813,3
420335,1
385256,1
386040,3
397116,2
382850,1
410665,1
420073,1
384875,1
413023,2
397778,1
420640,3
392478,1
413180,1
383780,2
382998,1
429327,2
405255,1
409309,1
383348,1
423512,1
402096,1
385873,3
396707,3
436048,1
393886,3
405518,1
410316,1
384934,1
413372,1
388432,3
420527,1
417152,1
409093,1
410099,2
405471,1
395321,3
424169,1
430998,1
417833,3
424747,3
426303,1
385563,1
416626,1
436363,4
419506,1
405870,1
388172,1
404031,1
432319,1
401929,3
382874,1
425160,2
408177,1
392522,1
399225,3
416054,1
389233,1
419337,3
433813,4
388942,2
394632,1
411717,1
395912,1
401376,1
401560,1
435932,1
414005,1
420057,1
387622,2
422957,1
385247,1
403000,1
385492,1
397982,3
394280,2
428801,1
415612,0
399722,1
429772,1
414629,1
418373,2
414680,1
397261,1
408345,1
422216,1
410845,1
387628,2
404732,1
419765,0
422371,0
394673,1
395853,1
393034,2
434742,1
430557,1
427555,3
399942,1
434364,1
409933,1
404496,3
390737,1
390881,1
430854,1
430288,3
427286,1
407774,1
431580,3
427868,1
434123,3
425288,1
388644,1
382902,4
411848,1
410245,1
403022,1
401928,3
413008,2
382964,1
390727,1
390210,0
422894,1
431610,3
399948,1
405281,1
425376,1
387108,3
409084,1
398444,1
401147,1
387720,1
401751,3
406692,4
401149,1
391074,1
385221,1
398569,1
431141,1
425075,2
408467,3
383661,2
419222,3
421806,1
405291,1
405203,1
385871,3
387523,0
383306,3
424045,1
432405,1
393998,3
410757,1
418946,4
390264,0
430513,1
400156,1
419678,2
427275,1
403430,2
383273,3
431127,1
385341,1
434258,3
402346,0
420055,1
419527,1
406419,1
422445,2
399717,1
394174,1
397052,2
412835,2
400130,1
428333,1
417174,1
408888,2
409259,1
388588,1
424333,1
430209,1
431617,3
403481,2
398127,1
389517,1
418822,1
434017,1
389170,1
383443,1
398539,1
399116,3
395314,3
391656,2
403169,3
389674,1
385522,1
387722,1
400464,3
394941,1
410988,3
386831,1
383832,1
399676,1
406694,1
407115,3
398415,1
412082,4
389896,3
433644,1
417788,1
406342,1
382876,1
383416,1
406403,1
429222,1
406639,1
400422,3
426721,1
398890,1
406429,1
402963,1
401349,1
402222,2
398163,1
429229,1
409167,1
433900,4
392140,1
400466,3
424284,1
398186,2
387988,1
417977,3
426749,1
426326,1
432441,1
433333,2
405593,1
424411,1
423986,1
435406,1
407151,3
395386,1
404017,1
390370,2
434531,2
435167,1
429474,2
384801,1
423373,3
418456,2
399210,3
429688,1
389079,1
417034,1
412024,4
390935,4
392202,4
388425,3
425271,1
418825,1
418380,2
409649,1
391986,1
391613,0
421780,1
427585,3
431073,1
420440,1
412331,1
426497,1
410584,1
418223,1
389852,3
434484,1
386393,2
389986,1
418064,1
395012,1
435805,1
410655,1
403206,3
421355,1
416051,1
421590,1
383342,1
392292,4
413261,1
412903,2
396334,4
423077,4
420069,1
391979,1
411363,2
426026,1
403107,3
399647,1
406221,2
431808,1
412943,2
411169,1
417576,4
388550,3
398922,1
394760,1
391814,1
434668,2
397535,1
404244,1
387862,1
432739,1
417495,1
413740,1
398083,1
386646,1
407363,1
426727,1
434239,3
408982,1
387919,1
430554,1
425840,1
435311,1
408379,3
422590,1
423884,1
403803,1
431077,1
383596,2
418443,2
392192,4
407016,3
428179,1
426522,2
405132,1
426734,1
420127,1
400066,4
384107,1
417095,1
382918,4
409366,1
420949,1
384771,1
434814,1
434954,1
405983,1
400593,1
417219,1
421399,1
408306,1
420273,1
400791,0
388593,1
418433,0
402327,2
416547,3
401186,1
409833,3
393929,3
383656,2
434847,1
411824,1
399974,1
411096,3
420919,1
416473,3
433576,1
431296,1
401674,1
433745,1
411796,1
436859,1
418356,2
388822,2
431657,3
422084,3
430460,1
423455,1
399675,1
414027,1
411735,1
418005,3
394145,1
430375,3
428134,1
391602,2
392417,1
432887,3
392033,1
389834,3
382867,1
394449,1
414679,1
436717,3
386277,2
399707,1
427180,1
398244,2
433570,1
392035,1
419760,2
422053,3
411488,2
397202,1
409044,1
425692,1
412789,1
417192,1
436447,1
388428,3
431854,1
433426,1
401747,3
391594,2
387853,1
385225,1
384022,1
410388,1
387080,3
422068,3
407403,2
400097,1
412501,3
392644,3
397985,3
435824,2
395018,1
404259,1
402593,1
391350,3
403595,2
399284,1
420816,1
384833,1
408252,1
393816,1
413395,1
421330,1
394426,1
421845,1
384698,3
